ประเภท,แหล่ง,id,ปัจจุบัน,ที่ควรเป็น
เ+เ → แ,strings,168422,วิทเชอร์เเห่ง Rivia ยินดีต้อนรับสู่หมู่เกาะ Skellige!,วิทเชอร์แห่ง Rivia ยินดีต้อนรับสู่หมู่เกาะ Skellige!
เ+เ → แ,strings,181341,การเเปลงโฉมช่วยชีวิต หรือชัยชนะของวิทเชอร์,การแปลงโฉมช่วยชีวิต หรือชัยชนะของวิทเชอร์
เ+เ → แ,strings,181773,เเล้วใครจะรับบทเป็นวิทเชอร์ล่ะ,แล้วใครจะรับบทเป็นวิทเชอร์ล่ะ
เ+เ → แ,strings,182608,เฮ้อ! ลูกของข้าคงต้องเสียใจเเน่ ที่นางไปรักกับสัตว์ร้ายตนนี้เข้า,เฮ้อ! ลูกของข้าคงต้องเสียใจแน่ ที่นางไปรักกับสัตว์ร้ายตนนี้เข้า
เ+เ → แ,strings,182901,"ชื่อของละครเรื่องนี้ก็คือ ""การเเปลงโฉมช่วยชีวิตหรือชัยชนะของ วิทเชอร์""","ชื่อของละครเรื่องนี้ก็คือ ""การแปลงโฉมช่วยชีวิตหรือชัยชนะของ วิทเชอร์"""
เ+เ → แ,strings,319901,เเละ ข้าจะทำตัวดีๆ ข้าสัญญา,และ ข้าจะทำตัวดีๆ ข้าสัญญา
เ+เ → แ,strings,321516,เเน่อยู่เเล้ว,แน่อยู่แล้ว
เ+เ → แ,strings,347102,จุด X ลงเเผนที่,จุด X ลงแผนที่
เ+เ → แ,strings,347103,ตามเเผนที่เพื่อล่าสมบัติ,ตามแผนที่เพื่อล่าสมบัติ
เ+เ → แ,strings,367104,ขอให้ทุกท่านโชคดีและเเข็งแรง,ขอให้ทุกท่านโชคดีและแข็งแรง
เ+เ → แ,strings,367348,ไปซ่องของ Junior มาเเล้ว,ไปซ่องของ Junior มาแล้ว
เ+เ → แ,strings,367350,ไปซ่องของ Junior มาเเล้ว,ไปซ่องของ Junior มาแล้ว
เ+เ → แ,strings,370934,ข้ากำลังมองหาหญิงสาวที่มีผมสีเทา มีรอยเเผลเป็นบนหน้า จะให้ข้าเข้าไปได้ไหม?,ข้ากำลังมองหาหญิงสาวที่มีผมสีเทา มีรอยแผลเป็นบนหน้า จะให้ข้าเข้าไปได้ไหม?
เ+เ → แ,strings,370946,ข้าเริ่มหมดความอดทนเเล้วนะ,ข้าเริ่มหมดความอดทนแล้วนะ
เ+เ → แ,strings,371133,ข้าเริ่มโกรธเเล้วนะ,ข้าเริ่มโกรธแล้วนะ
เ+เ → แ,strings,376163,ฮืม น่าเเปลก,ฮืม น่าแปลก
เ+เ → แ,strings,383411,ทำไมล่ะ เอาจริงๆ มันก็เหมือนกันเเหละ ทั้งสองอาชีพต่างก็ต้องมีเครือข่ายข้อมูล <br>อยู่ในย่านที่มีเพื่อนบ้านโหดๆ มีการติดสินบนเจ้าหน้าที่ มีการลอบสังหารในบางครั้ง ก็เรื่องเดิมๆ นั่นแหละ,ทำไมล่ะ เอาจริงๆ มันก็เหมือนกันแหละ ทั้งสองอาชีพต่างก็ต้องมีเครือข่ายข้อมูล <br>อยู่ในย่านที่มีเพื่อนบ้านโหดๆ มีการติดสินบนเจ้าหน้าที่ มีการลอบสังหารในบางครั้ง ก็เรื่องเดิมๆ นั่นแหละ
เ+เ → แ,strings,383733,มันน่าขำ - เหมือนเอา Ghoul มาเล่นเป็นเจ้าชายนั่นเเหละ เห็นแก่พระเจ้าสิเจ้าเข้าใจป่ะ,มันน่าขำ - เหมือนเอา Ghoul มาเล่นเป็นเจ้าชายนั่นแหละ เห็นแก่พระเจ้าสิเจ้าเข้าใจป่ะ
เ+เ → แ,strings,390105,กระบอกเงิน... ก้นมันดูเหมือนกับอันที่ข้าเจอในท่อระบายน้ำเลยเเฮะ,กระบอกเงิน... ก้นมันดูเหมือนกับอันที่ข้าเจอในท่อระบายน้ำเลยแฮะ
เ+เ → แ,strings,390139,ซ่อนตัวจากนักล่าเเม่มดน่ะ ฟังนะ นางบอกข้าว่ามีนักเวทเอลฟ์คนหนึ่งไปที่นั่นเพื่อตามหาตัว Ciri,ซ่อนตัวจากนักล่าแม่มดน่ะ ฟังนะ นางบอกข้าว่ามีนักเวทเอลฟ์คนหนึ่งไปที่นั่นเพื่อตามหาตัว Ciri
เ+เ → แ,strings,392943,พวกเจ้ามองอะไรกัน! ความยุติธรรมมาถึงเเล้ว! กลับบ้านพวกเจ้าไปซะ!,พวกเจ้ามองอะไรกัน! ความยุติธรรมมาถึงแล้ว! กลับบ้านพวกเจ้าไปซะ!
เ+เ → แ,strings,395044,การเเปลงโฉมช่วยชีวิต,การแปลงโฉมช่วยชีวิต
เ+เ → แ,strings,395084,การเเปลงโฉมช่วยชีวิต,การแปลงโฉมช่วยชีวิต
เ+เ → แ,strings,418750,แยกกันตรงนี้แหละ เจ้าไปหา Menge ได้เเล้วส่วน Merigold จะไปอีกประตูนึง,แยกกันตรงนี้แหละ เจ้าไปหา Menge ได้แล้วส่วน Merigold จะไปอีกประตูนึง
เ+เ → แ,strings,433771,นางเเต่งงานเพื่อเงินรึ,นางแต่งงานเพื่อเงินรึ
เ+เ → แ,strings,436908,มันเป็นเรื่องราวที่ยาวนานเกี่ยวกับ Elder เเละ ความสามารถของ Ciri,มันเป็นเรื่องราวที่ยาวนานเกี่ยวกับ Elder และ ความสามารถของ Ciri
เ+เ → แ,strings,447751,นั่นเเหละสิ่งที่ควรทำ ทำต่อไป,นั่นแหละสิ่งที่ควรทำ ทำต่อไป
เ+เ → แ,strings,448828,นี่คงเป็นการร่ำลาครั้งสุดท้ายเเล้ว,นี่คงเป็นการร่ำลาครั้งสุดท้ายแล้ว
เ+เ → แ,strings,453206,ได้ แค่เจ้าคนเเดียวนะ ที่เหลือให้รออยู่ด้านนอกดู Anna ไว้,ได้ แค่เจ้าคนแดียวนะ ที่เหลือให้รออยู่ด้านนอกดู Anna ไว้
เ+เ → แ,strings,458248,นางเลวร้ายเเละลึกซึ้งมาก,นางเลวร้ายและลึกซึ้งมาก
เ+เ → แ,strings,467333,ได้เอกสารของเจ้ามาเเล้ว,ได้เอกสารของเจ้ามาแล้ว
เ+เ → แ,strings,467581,ไม่มีอะไรจะพูดเเล้วสินะ เยี่ยม,ไม่มีอะไรจะพูดแล้วสินะ เยี่ยม
เ+เ → แ,strings,467758,พาเจ้ากลับไปที่บ้าน แค่นั้นเเหละ,พาเจ้ากลับไปที่บ้าน แค่นั้นแหละ
เ+เ → แ,strings,468023,เอาสิ รอบสุดท้ายของข้าเเล้วนะ,เอาสิ รอบสุดท้ายของข้าแล้วนะ
เ+เ → แ,strings,468104,เเกโง่หรือเปล่า นั่น วิทเชอร์ นะ,แกโง่หรือเปล่า นั่น วิทเชอร์ นะ
เ+เ → แ,strings,468109,พวกเราไม่รวยหรอก เเต่จัดการพวกมันซะ เเล้วพวกเราจะจ่าย,พวกเราไม่รวยหรอก แต่จัดการพวกมันซะ แล้วพวกเราจะจ่าย
เ+เ → แ,strings,472885,ทำไม ไม่เเม้เเต่ White wolf ที่สามารถเสกเเกะที่หายไปได้,ทำไม ไม่แม้แต่ White wolf ที่สามารถเสกแกะที่หายไปได้
เ+เ → แ,strings,473481,เเปลกเเหะ,แปลกแหะ
เ+เ → แ,strings,474018,แสงสีแปลกๆ ปรากฏบนฟ้านี่คือรางร้ายพวกชาวนาบอกมาเเบบนั้น,แสงสีแปลกๆ ปรากฏบนฟ้านี่คือรางร้ายพวกชาวนาบอกมาแบบนั้น
เ+เ → แ,strings,476017,อ่ะๆ ๆ แต่ก่อนอื่นเราต้องดื่มให้กับกระแสลมซะก่อน เเด่โชคชะตา และเพื่อเรือ Atropos ของข้า,อ่ะๆ ๆ แต่ก่อนอื่นเราต้องดื่มให้กับกระแสลมซะก่อน แด่โชคชะตา และเพื่อเรือ Atropos ของข้า
เ+เ → แ,strings,478661,Cor ต้องใช้ฉี่จริงๆ หรือ เเต่ก้นข้าเปียกหมดเเล้ว,Cor ต้องใช้ฉี่จริงๆ หรือ แต่ก้นข้าเปียกหมดแล้ว
เ+เ → แ,strings,478696,ความคิดข้ามันเเย่จริง,ความคิดข้ามันแย่จริง
เ+เ → แ,strings,479245,สมควรเเตกเเล้วละไอ้โง่ทุเรศอย่างเเกน่ะ,สมควรแตกแล้วละไอ้โง่ทุเรศอย่างแกน่ะ
เ+เ → แ,strings,480115,เมื่อฝนตกเเล้วมันก็เท,เมื่อฝนตกแล้วมันก็เท
เ+เ → แ,strings,480129,บาดเเผลจาก Lebioda!,บาดแผลจาก Lebioda!
เ+เ → แ,strings,480252,ฝนตกเเล้วก็ตก,ฝนตกแล้วก็ตก
เ+เ → แ,strings,482434,ข้าขอร้องให้เจ้าปกป้องข้า ข้ายอมจำนนต่อเจ้าเเล้ว,ข้าขอร้องให้เจ้าปกป้องข้า ข้ายอมจำนนต่อเจ้าแล้ว
เ+เ → แ,strings,486464,โทษที ข้ารู้ว่าช่วงนี้ข้าอาจจะทำตัวน่ารำคาญไปหน่อย แต่วัยหมดประจำเดือนก็อย่างงี้เเหละ โมโหง่าย อารมณ์แปรปรวน,โทษที ข้ารู้ว่าช่วงนี้ข้าอาจจะทำตัวน่ารำคาญไปหน่อย แต่วัยหมดประจำเดือนก็อย่างงี้แหละ โมโหง่าย อารมณ์แปรปรวน
เ+เ → แ,strings,490097,เป็นเเม่มดเเละนางจะถูกเผา!,เป็นแม่มดและนางจะถูกเผา!
เ+เ → แ,strings,490440,หนวดท่านอาจขึ้นอย่างเเข็งเเรงเเละสละสลวย!,หนวดท่านอาจขึ้นอย่างแข็งแรงและสละสลวย!
เ+เ → แ,strings,490519,ฝนงั้นรึ บ้าเอ๊ย จะคาดการณ์อะไรได้ในสภาพอากาศเเบบนี้,ฝนงั้นรึ บ้าเอ๊ย จะคาดการณ์อะไรได้ในสภาพอากาศแบบนี้
เ+เ → แ,strings,491862,พายุกำลังมา ต้องไปหาแม่เจ้า บอกนางว่าการชำระล้างมาถึงเเล้ว เจ้าต้องฝึกต่อไป,พายุกำลังมา ต้องไปหาแม่เจ้า บอกนางว่าการชำระล้างมาถึงแล้ว เจ้าต้องฝึกต่อไป
เ+เ → แ,strings,492353,เเล้วพบกัน,แล้วพบกัน
เ+เ → แ,strings,492362,เเล้วพบกัน,แล้วพบกัน
เ+เ → แ,strings,492599,ข้าร้องเพลงกลางสายฝนเเล้วลื่นไหลลงไป,ข้าร้องเพลงกลางสายฝนแล้วลื่นไหลลงไป
เ+เ → แ,strings,494493,จากนั้นนักมายากลก็โมโหและไม่พอใจ! เเละพาเด็กชายทั้งสามไปด้วย,จากนั้นนักมายากลก็โมโหและไม่พอใจ! และพาเด็กชายทั้งสามไปด้วย
เ+เ → แ,strings,499014,ต้องการกุญเเจ,ต้องการกุญแจ
เ+เ → แ,strings,499962,"ข้าเลือกไว้ในใจอยู่สองชื่อ ""การไถ่บาปของ Doppler"" หรือไม่ก็ ""การเเปลงโฉมช่วยชีวิตหรือชัยชนะของ วิทเชอร์"" ท่านชอบอันไหนมากกว่ากันล่ะ","ข้าเลือกไว้ในใจอยู่สองชื่อ ""การไถ่บาปของ Doppler"" หรือไม่ก็ ""การแปลงโฉมช่วยชีวิตหรือชัยชนะของ วิทเชอร์"" ท่านชอบอันไหนมากกว่ากันล่ะ"
เ+เ → แ,strings,500030,"""การเเปลงโฉมช่วยชีวิตหรือชัยชนะของ วิทเชอร์"" ละกัน ข้าว่าเราควรที่จะเน้นย้ำข้อความโดยลองผ่านหัวเรื่องดูน่ะ","""การแปลงโฉมช่วยชีวิตหรือชัยชนะของ วิทเชอร์"" ละกัน ข้าว่าเราควรที่จะเน้นย้ำข้อความโดยลองผ่านหัวเรื่องดูน่ะ"
เ+เ → แ,strings,500345,ข้าเข้าใจเเล้วล่ะ และท่านก็หวังว่าจะดึงความสนใจจาก Dudu ด้วยสินะ ดึงให้เขามาที่นี่ แสดงว่ามันต้องเป็นเรื่องใหม่สิ แล้วใครจะเป็นคนแต่งมันล่ะ,ข้าเข้าใจแล้วล่ะ และท่านก็หวังว่าจะดึงความสนใจจาก Dudu ด้วยสินะ ดึงให้เขามาที่นี่ แสดงว่ามันต้องเป็นเรื่องใหม่สิ แล้วใครจะเป็นคนแต่งมันล่ะ
เ+เ → แ,strings,500347,Priscilla จริงๆ แล้ว นางแต่งเสร็จแล้วเเหละ เรื่องราวของ วิทเชอร์ ที่เข้าไปช่วยเหลือ Doppler จากความตาย,Priscilla จริงๆ แล้ว นางแต่งเสร็จแล้วแหละ เรื่องราวของ วิทเชอร์ ที่เข้าไปช่วยเหลือ Doppler จากความตาย
เ+เ → แ,strings,500694,"Cerys ได้พิสูจน์เเล้วว่านางกับพี่ชายของนาง ""Hjalmar""<br>มีความเท่าเทียมกันในทุกด้าน นางได้ดึงขวานออกจากหน้าผาเเล้ว","Cerys ได้พิสูจน์แล้วว่านางกับพี่ชายของนาง ""Hjalmar""<br>มีความเท่าเทียมกันในทุกด้าน นางได้ดึงขวานออกจากหน้าผาแล้ว"
เ+เ → แ,strings,502008,Whoreson Junior ชื่อไม่คุ้นเลยเเฮะ,Whoreson Junior ชื่อไม่คุ้นเลยแฮะ
เ+เ → แ,strings,503826,แหม จากสายตาข้าเเกน่าจะอ่อนแอมากเลยนะ,แหม จากสายตาข้าแกน่าจะอ่อนแอมากเลยนะ
เ+เ → แ,strings,504673,เเกเป็นคนที่โหดเหี้ยม เเต่ก็มีความยุติธรรมอยู่ในเเววตา,แกเป็นคนที่โหดเหี้ยม แต่ก็มีความยุติธรรมอยู่ในแววตา
เ+เ → แ,strings,505319,เจ้าตกใจเหรอที่ได้ยินมาว่าเธอขายบริการในซ่องของพวกคนเเคระน่ะ,เจ้าตกใจเหรอที่ได้ยินมาว่าเธอขายบริการในซ่องของพวกคนแคระน่ะ
เ+เ → แ,strings,505566,รอยเเผลพวกนี้-มันคือของขวัญจากพวกโสเภณีให้กับเจ้าที่ไม่ยุติธรรม,รอยแผลพวกนี้-มันคือของขวัญจากพวกโสเภณีให้กับเจ้าที่ไม่ยุติธรรม
เ+เ → แ,strings,505571,พวกมัน 5 คนใช้เวลาทั้งคืนกับเเม่มดนั่น,พวกมัน 5 คนใช้เวลาทั้งคืนกับแม่มดนั่น
เ+เ → แ,strings,506250,ชัวร์เลยว่านี้ต้องเป็นนรกเเน่ๆ ค่อนข้างจะแย่ งั้นแสดงว่านางต้องทรยศเราแน่,ชัวร์เลยว่านี้ต้องเป็นนรกแน่ๆ ค่อนข้างจะแย่ งั้นแสดงว่านางต้องทรยศเราแน่
เ+เ → แ,strings,506607,ดูเหมือนยังมีชีวิตอยู่เลยเเฮะ,ดูเหมือนยังมีชีวิตอยู่เลยแฮะ
เ+เ → แ,strings,509642,มันเป็นการต่อสู้ที่เท่าเทียมกันเเละหน้าจดจำ แต่ถ้าข้าชนะนางได้ข้าจะนำเสนอรูปแบบการต่อสู้รูปแบบใหม่ที่นางไม่เคยเจอมาก่อนเลยล่ะ,มันเป็นการต่อสู้ที่เท่าเทียมกันและหน้าจดจำ แต่ถ้าข้าชนะนางได้ข้าจะนำเสนอรูปแบบการต่อสู้รูปแบบใหม่ที่นางไม่เคยเจอมาก่อนเลยล่ะ
เ+เ → แ,strings,513046,ดูเหมือน Radovid จะบ้าคลั่งประสาทแดกขึ้นเรื่อยๆ เเล้วนะ เท่าที่ข้าเห็น,ดูเหมือน Radovid จะบ้าคลั่งประสาทแดกขึ้นเรื่อยๆ แล้วนะ เท่าที่ข้าเห็น
เ+เ → แ,strings,519422,ไม่--ไม่ เรื่องมันผ่านมานานเเล้ว,ไม่--ไม่ เรื่องมันผ่านมานานแล้ว
เ+เ → แ,strings,522511,ต้องขอบคุณ Yennefer จริงๆ นางเป็นคนเรียกข้ามาที่นี่เองเเหละ,ต้องขอบคุณ Yennefer จริงๆ นางเป็นคนเรียกข้ามาที่นี่เองแหละ
เ+เ → แ,strings,523553,สิ่งดีๆ เกิดขึ้นเมื่อเจ้าลงมือทำ สาเหตุบาดเเผลของ Leif ที่ต้องดูเเล พวกสารเลวนั่นสมควรเเล้ว,สิ่งดีๆ เกิดขึ้นเมื่อเจ้าลงมือทำ สาเหตุบาดแผลของ Leif ที่ต้องดูแล พวกสารเลวนั่นสมควรแล้ว
เ+เ → แ,strings,523555,ไม่ เพียงเเค่พระเจ้าต้องการมองดูโลหะสิ่งที่เราทำ พวกเขาจะได้ได้รับคำตอบในไม่ช้า,ไม่ เพียงแค่พระเจ้าต้องการมองดูโลหะสิ่งที่เราทำ พวกเขาจะได้ได้รับคำตอบในไม่ช้า
เ+เ → แ,strings,527462,ก็ได้ เเล้วข้าต้องทำอะไรบ้าง,ก็ได้ แล้วข้าต้องทำอะไรบ้าง
เ+เ → แ,strings,530511,ไว้ค่อยชมความสวยภายหลังก็เเล้วกัน,ไว้ค่อยชมความสวยภายหลังก็แล้วกัน
เ+เ → แ,strings,530563,เราเจอ Sunstone เเล้ว,เราเจอ Sunstone แล้ว
เ+เ → แ,strings,531745,เพิ่งไปจัดการพวก Crone เเห่ง Velen กับ นายพลแห่ง Wild Hunt มาน่ะสิ,เพิ่งไปจัดการพวก Crone แห่ง Velen กับ นายพลแห่ง Wild Hunt มาน่ะสิ
เ+เ → แ,strings,531830,ข้าพร้อมเเล้ว!,ข้าพร้อมแล้ว!
เ+เ → แ,strings,532479,ขอบคุณ เเล้วเจอกัน,ขอบคุณ แล้วเจอกัน
เ+เ → แ,strings,532558,ขอบคุณ เหมือนข้าจะมีงานล้นมือเเล้วล่ะ,ขอบคุณ เหมือนข้าจะมีงานล้นมือแล้วล่ะ
เ+เ → แ,strings,532631,ที่นี่เเหละ ท่านเห็นมั้ย ข้าคิดว่าแทนที่จะฝึกในห้องใต้ดินเก่าๆ เราจะเดินไปมาในที่โล่ง มีการดวลบนสะพานเหมือนในนวนิยาย ตอนนี้ยกดาบของท่านขึ้นมาซะ!,ที่นี่แหละ ท่านเห็นมั้ย ข้าคิดว่าแทนที่จะฝึกในห้องใต้ดินเก่าๆ เราจะเดินไปมาในที่โล่ง มีการดวลบนสะพานเหมือนในนวนิยาย ตอนนี้ยกดาบของท่านขึ้นมาซะ!
เ+เ → แ,strings,532694,ใช่เเล้ว! เรียกพวกนางมา!,ใช่แล้ว! เรียกพวกนางมา!
เ+เ → แ,strings,534069,เข้ามาเลย เเสดงความว่องไวของเจ้าให้ข้าดูหน่อยซิ การหมุนตัวเเล้วก็การโจมตีเน่าๆ ของเเก ข้าอยากจะดู,เข้ามาเลย แสดงความว่องไวของเจ้าให้ข้าดูหน่อยซิ การหมุนตัวแล้วก็การโจมตีเน่าๆ ของแก ข้าอยากจะดู
เ+เ → แ,strings,536054,พวกมันเลือกทหารยามมาจากพวกนักล่าเเม่มด พวกที่เลวร้ายที่สุด บ้าคลั่งที่สุด ถ้าเจ้ารู้ว่าพวกมันทำอะไรกับนักโทษไว้บ้าง,พวกมันเลือกทหารยามมาจากพวกนักล่าแม่มด พวกที่เลวร้ายที่สุด บ้าคลั่งที่สุด ถ้าเจ้ารู้ว่าพวกมันทำอะไรกับนักโทษไว้บ้าง
เ+เ → แ,strings,537929,ข้าเร่งอัตราการฟื้นฟูของเนื้อเยื่อให้นางเเล้ว นางจะรู้สึกดีขึ้นกว่าเดิมเยอะเลยล่ะ,ข้าเร่งอัตราการฟื้นฟูของเนื้อเยื่อให้นางแล้ว นางจะรู้สึกดีขึ้นกว่าเดิมเยอะเลยล่ะ
เ+เ → แ,strings,538349,ยินดีต้อนรับ บุตรเเห่ง Elder Blood,ยินดีต้อนรับ บุตรแห่ง Elder Blood
เ+เ → แ,strings,538356,ผ่านไปยังโลกซึ่งดวงอาทิตย์พึ่งจะแตกดับไป ข้าเกือบจะหาประตูมิติไม่ทันเวลาเเน่ะ,ผ่านไปยังโลกซึ่งดวงอาทิตย์พึ่งจะแตกดับไป ข้าเกือบจะหาประตูมิติไม่ทันเวลาแน่ะ
เ+เ → แ,strings,538363,ไม่มีทางเลือกอื่นเเล้ว,ไม่มีทางเลือกอื่นแล้ว
เ+เ → แ,strings,542236,เจ้ามีสอง เเชมเปี้ยนให้เลือกจากท้องถิ่นต่างๆ คือ<br>Piledriver และกัปตัน Mortimer ของ Temple Guard เเละนี่คือรางวัลของเจ้า,เจ้ามีสอง แชมเปี้ยนให้เลือกจากท้องถิ่นต่างๆ คือ<br>Piledriver และกัปตัน Mortimer ของ Temple Guard และนี่คือรางวัลของเจ้า
เ+เ → แ,strings,549924,ท่านรู้จักข้าดี ไม่มีอะไรที่ข้าโปรดปรานไปกว่าการแหกกฎเเล้วนี่,ท่านรู้จักข้าดี ไม่มีอะไรที่ข้าโปรดปรานไปกว่าการแหกกฎแล้วนี่
เ+เ → แ,strings,551840,ถึงเวลาไปทำงานของข้าเเล้ว,ถึงเวลาไปทำงานของข้าแล้ว
เ+เ → แ,strings,551861,ถึงเวลาไปทำงานของข้าเเล้้ว,ถึงเวลาไปทำงานของข้าแล้้ว
เ+เ → แ,strings,551959,ได้เวลาที่ข้าต้องไปเเล้ว,ได้เวลาที่ข้าต้องไปแล้ว
เ+เ → แ,strings,551993,และข้าก็เกลียดการเคลื่อนย้ายมิติ แต่ช่างเถอะ เอาตามวิธีของเจ้าก็เเล้วกัน ไปกันเถอะ,และข้าก็เกลียดการเคลื่อนย้ายมิติ แต่ช่างเถอะ เอาตามวิธีของเจ้าก็แล้วกัน ไปกันเถอะ
เ+เ → แ,strings,553289,ดูพวกเขาสิ เจ้าคิดว่าพวกคนรักของพวกเขาจะอยากเห็นพวกเขาในสภาพเเบบนี้งั้นรึ,ดูพวกเขาสิ เจ้าคิดว่าพวกคนรักของพวกเขาจะอยากเห็นพวกเขาในสภาพแบบนี้งั้นรึ
เ+เ → แ,strings,553466,ใช่ นั้นเเหละ Zoltan ของเรา,ใช่ นั้นแหละ Zoltan ของเรา
เ+เ → แ,strings,554324,ข้าจะคิดดูว่าจะเอา Ves ไปด้วยดีมั้ย แต่ยังไงก็ตาม ข้าจะไปเจอเจ้าที่ Kaer Morhen เเน่นอน,ข้าจะคิดดูว่าจะเอา Ves ไปด้วยดีมั้ย แต่ยังไงก็ตาม ข้าจะไปเจอเจ้าที่ Kaer Morhen แน่นอน
เ+เ → แ,strings,554365,ก็เพราะว่า Zoltan เล่นเกมส์ไพ่แพ้ เลยเสียนางไปเเล้วน่ะสิ เมื่อไม่กี่วันมานี้เอง,ก็เพราะว่า Zoltan เล่นเกมส์ไพ่แพ้ เลยเสียนางไปแล้วน่ะสิ เมื่อไม่กี่วันมานี้เอง
เ+เ → แ,strings,554976,"พวกชาวบ้านใน Velen เรียกค่ำคืนนี้ว่า ""การเลี้ยงฉลองเเห่งของขวัญ"" ข้าก็ไม่เข้าใจว่าทำไม","พวกชาวบ้านใน Velen เรียกค่ำคืนนี้ว่า ""การเลี้ยงฉลองแห่งของขวัญ"" ข้าก็ไม่เข้าใจว่าทำไม"
เ+เ → แ,strings,555721,มีแต่คนโง่เท่านั้นเเหละ ที่จะปฏิเสธ,มีแต่คนโง่เท่านั้นแหละ ที่จะปฏิเสธ
เ+เ → แ,strings,556030,ที่นี่เป็นเขาวงกตนังเเม่มด! เจ้าไม่มีทางออกไปได้!,ที่นี่เป็นเขาวงกตนังแม่มด! เจ้าไม่มีทางออกไปได้!
เ+เ → แ,strings,557978,ไอ้กองอิฐบ้าเอ๊ย เสียงดังอย่างกับ Troll บ้าคลั่งเเน่ะ,ไอ้กองอิฐบ้าเอ๊ย เสียงดังอย่างกับ Troll บ้าคลั่งแน่ะ
เ+เ → แ,strings,559221,"ฟังนะ Ermoin ท่านรู้อะไรเกี่ยวกับ ""Sunstone"" บ้างมั้ย?<br>ตำนานกล่าวไว้ว่ามันอยู่ที่ไหนสักแห่งในหมู่เกาะ Skellige เนี่ยเเหละ","ฟังนะ Ermoin ท่านรู้อะไรเกี่ยวกับ ""Sunstone"" บ้างมั้ย?<br>ตำนานกล่าวไว้ว่ามันอยู่ที่ไหนสักแห่งในหมู่เกาะ Skellige เนี่ยแหละ"
เ+เ → แ,strings,559251,อีกเรื่องนึง Geralt ไอ้ถ้ำหรือโบราณสถานที่เจ้ากำลังหาอยู่น่ะ - ข้าว่าพวกบรรพบุรุษของ Matthias และ Erling<br>คงกวาดของมีค่าไปเกลี้ยงหมดเเล้วล่ะ ตั้งแต่หลายทศวรรษก่อน ก่อนที่จะมีข่ายเวทมนตร์มาปกป้องถ้ำนั้นซะอีก,อีกเรื่องนึง Geralt ไอ้ถ้ำหรือโบราณสถานที่เจ้ากำลังหาอยู่น่ะ - ข้าว่าพวกบรรพบุรุษของ Matthias และ Erling<br>คงกวาดของมีค่าไปเกลี้ยงหมดแล้วล่ะ ตั้งแต่หลายทศวรรษก่อน ก่อนที่จะมีข่ายเวทมนตร์มาปกป้องถ้ำนั้นซะอีก
เ+เ → แ,strings,559344,มันต้องมีสักวันที่ Avallac'h กลับมาขอให้เจ้าช่วยเขาเเน่ๆ,มันต้องมีสักวันที่ Avallac'h กลับมาขอให้เจ้าช่วยเขาแน่ๆ
เ+เ → แ,strings,560183,เเด่ Eternal Fire!,แด่ Eternal Fire!
เ+เ → แ,strings,561100,ฟังดูโรเเมนติคมากแต่บางที แทนที่เจ้าจะทำลายอนาคตของนาง บางทีเจ้าอาจจะพา Yennefer ไปแทน แล้วไปซะ,ฟังดูโรแมนติคมากแต่บางที แทนที่เจ้าจะทำลายอนาคตของนาง บางทีเจ้าอาจจะพา Yennefer ไปแทน แล้วไปซะ
เ+เ → แ,strings,562023,Yennefer เเห่ง Vengerberg นางมุ่งหน้าไปทางไหน?,Yennefer แห่ง Vengerberg นางมุ่งหน้าไปทางไหน?
เ+เ → แ,strings,562434,หาต่อไป มันต้องอยู่ที่นี่เเน่,หาต่อไป มันต้องอยู่ที่นี่แน่
เ+เ → แ,strings,562599,เราคงต้องจัดการเรื่องนี้ด้วยตัวเองเเล้วล่ะ,เราคงต้องจัดการเรื่องนี้ด้วยตัวเองแล้วล่ะ
เ+เ → แ,strings,563179,นี่เจ้าเเน่ๆ หือ เหมือนเป๊ะเลยนะ,นี่เจ้าแน่ๆ หือ เหมือนเป๊ะเลยนะ
เ+เ → แ,strings,563520,นางนัดกับหนุ่มไว้ พวกเด็กๆ ก็เป็นแบบนี้เเหละ...<br>เจ้าก็รู้คนเราชอบทำอะไรโง่ๆ ตอนมีความรัก,นางนัดกับหนุ่มไว้ พวกเด็กๆ ก็เป็นแบบนี้แหละ...<br>เจ้าก็รู้คนเราชอบทำอะไรโง่ๆ ตอนมีความรัก
เ+เ → แ,strings,563556,เจ้าช่างบริสุทธิ์ นั่นเเหละเจ้า,เจ้าช่างบริสุทธิ์ นั่นแหละเจ้า
เ+เ → แ,strings,563640,เจ้าเดินไปเดินมา ทำข้าเป็นกังวลเเล้วนะ,เจ้าเดินไปเดินมา ทำข้าเป็นกังวลแล้วนะ
เ+เ → แ,strings,564238,ข้าไม่ชอบเเบบนี้เลย,ข้าไม่ชอบแบบนี้เลย
เ+เ → แ,strings,564921,เเคมป์งั้นเหรอ?,แคมป์งั้นเหรอ?
เ+เ → แ,strings,564932,ข้าจะจับเจ้าต้มแทนนี่เเหละ,ข้าจะจับเจ้าต้มแทนนี่แหละ
เ+เ → แ,strings,565190,พวกชั้นต่ำ พวกชั้นต่ำมีอยู่ทุกหนทุกเเห่ง,พวกชั้นต่ำ พวกชั้นต่ำมีอยู่ทุกหนทุกแห่ง
เ+เ → แ,strings,565459,ตรงชายป่าหรือขอรับ ของ Boyan Klimmick ขอรับ เป็นคนดีเลยเเหละ แต่ว่า,ตรงชายป่าหรือขอรับ ของ Boyan Klimmick ขอรับ เป็นคนดีเลยแหละ แต่ว่า
เ+เ → แ,strings,565843,มันเป็นคนชอบดื่มด่ำกับเลือดเนื้อ ไวน์ sex  พวก Crone พยายามเอาใจมัน เยินยอสารพัด<br>ข้ามั่นใจว่ามันไม่พลาดโอกาสมาร่วมงานแน่ และจะอยู่บน Bald Mountain ในวัน Sabbath เเน่นอน,มันเป็นคนชอบดื่มด่ำกับเลือดเนื้อ ไวน์ sex  พวก Crone พยายามเอาใจมัน เยินยอสารพัด<br>ข้ามั่นใจว่ามันไม่พลาดโอกาสมาร่วมงานแน่ และจะอยู่บน Bald Mountain ในวัน Sabbath แน่นอน
เ+เ → แ,strings,565970,ไม่เคยไปที่สุสานเพื่อเยี่ยมหลุมศพของใครมาก่อนเลยเเฮะ มัวแต่ล่า Ghoul กับ Rotfiend,ไม่เคยไปที่สุสานเพื่อเยี่ยมหลุมศพของใครมาก่อนเลยแฮะ มัวแต่ล่า Ghoul กับ Rotfiend
เ+เ → แ,strings,566784,ลูกสาวข้า Cirilla... นางกลับมาเเล้ว และนางกำลังตกอยู่ในอันตราย พวก Wild Hunt กำลังตามล่านางอยู่,ลูกสาวข้า Cirilla... นางกลับมาแล้ว และนางกำลังตกอยู่ในอันตราย พวก Wild Hunt กำลังตามล่านางอยู่
เ+เ → แ,strings,569998,{Esse'sidh avside aep feansa neen math theenk Neen cofhurtail an ennv pa vall } [คร่อมรั้ว - ความคิดโง่ๆ ไม่เพียงเเต่จะอึดอัด แต่มันมีแนวว่าจะตกด้วย],{Esse'sidh avside aep feansa neen math theenk Neen cofhurtail an ennv pa vall } [คร่อมรั้ว - ความคิดโง่ๆ ไม่เพียงแต่จะอึดอัด แต่มันมีแนวว่าจะตกด้วย]
เ+เ → แ,strings,570124,พอได้เเล้ว ข้าคิดว่าถ้าเราเปลี่ยนเรื่องคุย,พอได้แล้ว ข้าคิดว่าถ้าเราเปลี่ยนเรื่องคุย
เ+เ → แ,strings,570188,จะคล้ายคลึงก็แค่ ความสูงของนางเท่านั้นเเหละ,จะคล้ายคลึงก็แค่ ความสูงของนางเท่านั้นแหละ
เ+เ → แ,strings,571192,ให้ข้าได้แนะนำให้รู้จัก Geralt เเห่ง Rivia,ให้ข้าได้แนะนำให้รู้จัก Geralt แห่ง Rivia
เ+เ → แ,strings,571254,จากตรงนี้จนถึงต้นวิลโลว์เเก่!,จากตรงนี้จนถึงต้นวิลโลว์แก่!
เ+เ → แ,strings,571570,เราพบว่าเขาถูกมัดกับเกวียน เขาเป็นคนดี แต่เราไม่สามารถทำอะไรในเมืองนี้ได้อีกเเล้ว,เราพบว่าเขาถูกมัดกับเกวียน เขาเป็นคนดี แต่เราไม่สามารถทำอะไรในเมืองนี้ได้อีกแล้ว
เ+เ → แ,strings,574649,หนึ่ง สอง สาม แม่มดเฒ่าเจอตัวเจ้าเเล้ว!,หนึ่ง สอง สาม แม่มดเฒ่าเจอตัวเจ้าแล้ว!
เ+เ → แ,strings,574735,เจ้าสามารถทำมันได้ Aegir! ปิดเครื่องหมายเเละอย่ามองย้อนกลับมา,เจ้าสามารถทำมันได้ Aegir! ปิดเครื่องหมายและอย่ามองย้อนกลับมา
เ+เ → แ,strings,574741,พวกนั้นห่างออกไปเเล้ว! เร็วอีก เร็วขึ้นอีก!,พวกนั้นห่างออกไปแล้ว! เร็วอีก เร็วขึ้นอีก!
เ+เ → แ,strings,574916,ข้าจะไปเจอเจ้าที่ Kaer Morhen เเล้วกัน,ข้าจะไปเจอเจ้าที่ Kaer Morhen แล้วกัน
เ+เ → แ,strings,575001,เดี๋ยวนี้หัวหน้าหมู่บ้านไม่สามารถทำอะไรได้ถ้าไม่ขอพวกเกราะดำก่อน<br>และเท่าที่เขารู้ตอนนี้พวกมันจับพวกเจ้าเมืองแขวนคอ... ดังนั้น คงยังไม่มีการว่าจ้างใดๆ ทั้งนั้นเเหละ,เดี๋ยวนี้หัวหน้าหมู่บ้านไม่สามารถทำอะไรได้ถ้าไม่ขอพวกเกราะดำก่อน<br>และเท่าที่เขารู้ตอนนี้พวกมันจับพวกเจ้าเมืองแขวนคอ... ดังนั้น คงยังไม่มีการว่าจ้างใดๆ ทั้งนั้นแหละ
เ+เ → แ,strings,575884,อะห๊า! ดูถูกกันเกินไปเเล้ว! เป็นเวลาตั้งแต่ที่เรามีคนลากหลังม้า,อะห๊า! ดูถูกกันเกินไปแล้ว! เป็นเวลาตั้งแต่ที่เรามีคนลากหลังม้า
เ+เ → แ,strings,575999,ไอ้หมูสองขานี่เก่งกว่าที่คิดเเฮะ,ไอ้หมูสองขานี่เก่งกว่าที่คิดแฮะ
เ+เ → แ,strings,576539,ไม่เพียงเเค่ตอนนนี้ แต่ข้าจะกลับมา ในไม่ช้า,ไม่เพียงแค่ตอนนนี้ แต่ข้าจะกลับมา ในไม่ช้า
เ+เ → แ,strings,576600,ถึงเจ้าเเพ้ เเต่ก็ทำได้ดีที่สุดเเล้ว เพียงข้าร่วมการเเข่งขันครั้งใหญ่เป็นสาเหตุทำไห้เกิดความภาคภูมิใจ,ถึงเจ้าแพ้ แต่ก็ทำได้ดีที่สุดแล้ว เพียงข้าร่วมการแข่งขันครั้งใหญ่เป็นสาเหตุทำไห้เกิดความภาคภูมิใจ
เ+เ → แ,strings,578446,ก็ไม่เลวน่ะ เเต่เจ้าสามารถใช้ Card ที่ดีกว่านี้ได้,ก็ไม่เลวน่ะ แต่เจ้าสามารถใช้ Card ที่ดีกว่านี้ได้
เ+เ → แ,strings,578458,อ่อนเเอ เเต่คงเพราะข้าคาดหวังไว้มาก,อ่อนแอ แต่คงเพราะข้าคาดหวังไว้มาก
เ+เ → แ,strings,578460,สิ่งนั่นคือโชคชะตาโชคชะตาอันเเท้จริง ตามที่ได้สัญญาไว้อัญมณีของสะสมของข้า - Assire var Anahid,สิ่งนั่นคือโชคชะตาโชคชะตาอันแท้จริง ตามที่ได้สัญญาไว้อัญมณีของสะสมของข้า - Assire var Anahid
เ+เ → แ,strings,578471,เเสดงไห้ข้าเห็นในสิ่งที่เจ้าทำได้สิ,แสดงไห้ข้าเห็นในสิ่งที่เจ้าทำได้สิ
เ+เ → แ,strings,578475,ชื่นชมความกล้าหาญของท่านเเต่หลังจากนั้นพวกเขาบอกว่า Lugos หายไปพร้อมกับกับ Madder รับนี่ไป Katakan ของข้าเเละไสหัวไปซะ,ชื่นชมความกล้าหาญของท่านแต่หลังจากนั้นพวกเขาบอกว่า Lugos หายไปพร้อมกับกับ Madder รับนี่ไป Katakan ของข้าและไสหัวไปซะ
เ+เ → แ,strings,578899,พวกมันฉลาดแล้วก็ผูกพันกับเจ้าของ เหมือนกับคนนี่เเหละ ข้าเคยเห็นพวกนายทหารร้องไห้ให้กับม้าของเขาที่ตายไป,พวกมันฉลาดแล้วก็ผูกพันกับเจ้าของ เหมือนกับคนนี่แหละ ข้าเคยเห็นพวกนายทหารร้องไห้ให้กับม้าของเขาที่ตายไป
เ+เ → แ,strings,578938,นางใกล้เข้ามาแล้ว ที่ไหนสักแห่งที่นี่เเหละ,นางใกล้เข้ามาแล้ว ที่ไหนสักแห่งที่นี่แหละ
เ+เ → แ,strings,579295,ไม่ต้องห่วงหรอกเดี๋ยวเราก็หาทางได้เองเเหละ เราจะยังไม่ไปไหนจนกว่าจะถึงวันพรุ่งนี้<br>ดังนั้นจะมาคิดมากตอนนี้ทำไมกัน?,ไม่ต้องห่วงหรอกเดี๋ยวเราก็หาทางได้เองแหละ เราจะยังไม่ไปไหนจนกว่าจะถึงวันพรุ่งนี้<br>ดังนั้นจะมาคิดมากตอนนี้ทำไมกัน?
เ+เ → แ,strings,581784,เเกนี่มันโง่จริงๆ เลยว่ะ,แกนี่มันโง่จริงๆ เลยว่ะ
เ+เ → แ,strings,581788,ข้าบอกว่าเเกมันโง่ ไร้น้ำยา ไม่คิดแม้แต่จะรั้งนางไว้เลยว่ะ,ข้าบอกว่าแกมันโง่ ไร้น้ำยา ไม่คิดแม้แต่จะรั้งนางไว้เลยว่ะ
เ+เ → แ,strings,582159,ข้าปลดมันออกเเล้ว,ข้าปลดมันออกแล้ว
เ+เ → แ,strings,582910,ในที่สุดเราจะได้เเล่นเรืออีกครั้งกับพวก Black Ones!,ในที่สุดเราจะได้แล่นเรืออีกครั้งกับพวก Black Ones!
เ+เ → แ,strings,582944,ไม่ค่อยบ่อยที่เขาจะชอบสิ่งนั้นน่ะเเล้วก็ยากที่เขาจะออกห่าง,ไม่ค่อยบ่อยที่เขาจะชอบสิ่งนั้นน่ะแล้วก็ยากที่เขาจะออกห่าง
เ+เ → แ,strings,582946,รอยเเผลข้า มันไม่น่าเกิดขึ้นเลย,รอยแผลข้า มันไม่น่าเกิดขึ้นเลย
เ+เ → แ,strings,582958,ผู้คนอ่อนเเอเเละยากจนจะต้องทนทุกข์ทรมารมากกว่าในอดีต,ผู้คนอ่อนแอและยากจนจะต้องทนทุกข์ทรมารมากกว่าในอดีต
เ+เ → แ,strings,582960,สาวน้อยผู้อ่อนเเรงไม่มีอะไรมากไปกว่านี้,สาวน้อยผู้อ่อนแรงไม่มีอะไรมากไปกว่านี้
เ+เ → แ,strings,583300,ใครก็ตามที่ให้ความช่วยเหลือจะต้องถูกลงโทษโดยคำพิพากษาอันศักดิ์สิทธิ์เเห่ง Eternal Fire,ใครก็ตามที่ให้ความช่วยเหลือจะต้องถูกลงโทษโดยคำพิพากษาอันศักดิ์สิทธิ์แห่ง Eternal Fire
เ+เ → แ,strings,583442,ถ้วยจะต้องถูกหาเจอเเน่ บอกสิ่งที่เจ้ารู้มาซะ หรือจะให้พวกเราใช้กำลัง,ถ้วยจะต้องถูกหาเจอแน่ บอกสิ่งที่เจ้ารู้มาซะ หรือจะให้พวกเราใช้กำลัง
เ+เ → แ,strings,583682,ตอนนี้ Warmin ดีขึ้นเเล้ว เเละเจ้าจะรออะไรอยู่ล่ะ ไปเรียกคนต่อไปมา,ตอนนี้ Warmin ดีขึ้นแล้ว และเจ้าจะรออะไรอยู่ล่ะ ไปเรียกคนต่อไปมา
เ+เ → แ,strings,583686,คอเเห้ง ไปหาอะไรดื่ม,คอแห้ง ไปหาอะไรดื่ม
เ+เ → แ,strings,583697,กับพี่สาวของข้า เเห่งan Craite สาวน้อยผู้ไม่เกรงกลัวสิ่งใดบนเกาะนั้น,กับพี่สาวของข้า แห่งan Craite สาวน้อยผู้ไม่เกรงกลัวสิ่งใดบนเกาะนั้น
เ+เ → แ,strings,583798,อืม ไม่เคยคิดว่าเป็นคนเเปลกหน้าจะชนะทั้งหมดสามคน เจ้าต้องหาคนหนึ่งทางซ้าย - สำคัญที่สุด เจ้าจะต้องเผชิญกับปรมาจารย์ที่แท้จริงที่ Hindarsfjall ขอแนะนำให้เจ้าไปที่นั่น,อืม ไม่เคยคิดว่าเป็นคนแปลกหน้าจะชนะทั้งหมดสามคน เจ้าต้องหาคนหนึ่งทางซ้าย - สำคัญที่สุด เจ้าจะต้องเผชิญกับปรมาจารย์ที่แท้จริงที่ Hindarsfjall ขอแนะนำให้เจ้าไปที่นั่น
เ+เ → แ,strings,583821,ในขณะที่คนอื่นๆ ทำก่อนที่จะคิด Cerys ต่างออกไป นางคิดอย่างรอบคอบก่อนที่จะทำอะไรนั่นคือข้อดี เเต่ข้อเสียก็คือถ้าเมื่อไหร่ที่นางลงมือทำอะไรล่ะก็ ไม่มีใครในโลกที่จะหยุดนางได้,ในขณะที่คนอื่นๆ ทำก่อนที่จะคิด Cerys ต่างออกไป นางคิดอย่างรอบคอบก่อนที่จะทำอะไรนั่นคือข้อดี แต่ข้อเสียก็คือถ้าเมื่อไหร่ที่นางลงมือทำอะไรล่ะก็ ไม่มีใครในโลกที่จะหยุดนางได้
เ+เ → แ,strings,583826,และหากชัยชนะทั้งสามนี้ยังไม่เพียงพอสำหรับท่าน จะมีการแข่งขันครั้งยิ่งใหญ่บน Hindarsfjall เเต่ที่นั่นมีการจัดระเบียบสูง,และหากชัยชนะทั้งสามนี้ยังไม่เพียงพอสำหรับท่าน จะมีการแข่งขันครั้งยิ่งใหญ่บน Hindarsfjall แต่ที่นั่นมีการจัดระเบียบสูง
เ+เ → แ,strings,584298,ถ้ามันยากนัก ก็ไม่ต้องเชื่อ ข้าก็ไม่ได้จำเป็นต้องให้ท่านเชื่ออยู่เเล้ว,ถ้ามันยากนัก ก็ไม่ต้องเชื่อ ข้าก็ไม่ได้จำเป็นต้องให้ท่านเชื่ออยู่แล้ว
เ+เ → แ,strings,584360,Rita รู้ได้ยังไง? ตัวนางเองเพิ่งออกจากคุกได้เเท้ๆ,Rita รู้ได้ยังไง? ตัวนางเองเพิ่งออกจากคุกได้แท้ๆ
เ+เ → แ,strings,584444,Nilfgaard Redania…เลวเหมือนกันหมดนั่นเเหละ,Nilfgaard Redania…เลวเหมือนกันหมดนั่นแหละ
เ+เ → แ,strings,584797,คำพูดคงไม่ลบความอับอายของเผ่าข้า เหลือเพียงเเค่การกระทำเท่านั้น,คำพูดคงไม่ลบความอับอายของเผ่าข้า เหลือเพียงแค่การกระทำเท่านั้น
เ+เ → แ,strings,585114,เเละวิทเชอร์ เขารู้จักสัตว์ร้ายรวมทั้งสิ่งที่มีรูปร่างคล้ายมนุษย์เหล่านั้น,และวิทเชอร์ เขารู้จักสัตว์ร้ายรวมทั้งสิ่งที่มีรูปร่างคล้ายมนุษย์เหล่านั้น
เ+เ → แ,strings,585124,เรื่องอะไร ข้าพบคนขี้ขลาดเเก้เเค้นล้างเเค้นพวกเขา นั่นคือทุกอย่าง,เรื่องอะไร ข้าพบคนขี้ขลาดแก้แค้นล้างแค้นพวกเขา นั่นคือทุกอย่าง
เ+เ → แ,strings,585150,ใคร ข้ากับ Hjalmar ท่านบ้าไปเเล้วเเน่ๆ,ใคร ข้ากับ Hjalmar ท่านบ้าไปแล้วแน่ๆ
เ+เ → แ,strings,585157,การเเข่งขันดูเหมือนจะตรึงเครียดนะ,การแข่งขันดูเหมือนจะตรึงเครียดนะ
เ+เ → แ,strings,585174,พิธีสวมมงกุฎ ได้เริ่มต้นขึ้นเเล้ว!,พิธีสวมมงกุฎ ได้เริ่มต้นขึ้นแล้ว!
เ+เ → แ,strings,585178,Cerys an Craite ราชินีองค์ใหม่เเห่ง Skellige! เหล่าทวยเทพจะคุ้มครองเรา!,Cerys an Craite ราชินีองค์ใหม่แห่ง Skellige! เหล่าทวยเทพจะคุ้มครองเรา!
เ+เ → แ,strings,585180,Hjalmar an Craite ราชาองค์ใหม่เเห่ง Skellige! เหล่าทวยเทพจะคุ้มครองเรา!,Hjalmar an Craite ราชาองค์ใหม่แห่ง Skellige! เหล่าทวยเทพจะคุ้มครองเรา!
เ+เ → แ,strings,585279,ต่อสู้เพื่อปกป้องตัวข้าเองเเละ Jorund,ต่อสู้เพื่อปกป้องตัวข้าเองและ Jorund
เ+เ → แ,strings,585284,เจ้าคนตัวเล็กที่หยิ่งผยองนี่กำลังมองคู่ต่อสู้อยู่ เจ้าเลือกผิดคนเเล้ว พวก,เจ้าคนตัวเล็กที่หยิ่งผยองนี่กำลังมองคู่ต่อสู้อยู่ เจ้าเลือกผิดคนแล้ว พวก
เ+เ → แ,strings,585317,ข้าจะจ่ายด้วยเลือดของข้าเเทน,ข้าจะจ่ายด้วยเลือดของข้าแทน
เ+เ → แ,strings,585348,ร้ายเเรงมาก เเต่นั่นเป็นเหตุผลที่ข้าไปที่นั่น,ร้ายแรงมาก แต่นั่นเป็นเหตุผลที่ข้าไปที่นั่น
เ+เ → แ,strings,586098,ไม่ชอบความคิดนี้เลยเเฮะ,ไม่ชอบความคิดนี้เลยแฮะ
เ+เ → แ,strings,586931,เจ้าจะไม่ได้เเน่นอน,เจ้าจะไม่ได้แน่นอน
เ+เ → แ,strings,587513,บอกเจ้าเเล้ว ว่ามีแต่ผู้ชายเท่านั้นที่อาศัยอยู่ใน Fornhala,บอกเจ้าแล้ว ว่ามีแต่ผู้ชายเท่านั้นที่อาศัยอยู่ใน Fornhala
เ+เ → แ,strings,587572,การเเก้เเค้นของเจ้า กฎของเจ้า,การแก้แค้นของเจ้า กฎของเจ้า
เ+เ → แ,strings,587586,การเเก้เเค้นของเจ้า กฎของเจ้า,การแก้แค้นของเจ้า กฎของเจ้า
เ+เ → แ,strings,587824,ดีล่ะ มาเล่นกันเถอะ เเต่เจ้าไม่ต้องพูดอะไรทั้งสิ้น,ดีล่ะ มาเล่นกันเถอะ แต่เจ้าไม่ต้องพูดอะไรทั้งสิ้น
เ+เ → แ,strings,587869,ลองอ่านจดหมายดูเเล้วล่ะ,ลองอ่านจดหมายดูแล้วล่ะ
เ+เ → แ,strings,587870,เเรงจูงใจอะไรที่ทำไห้เจ้าทำเเบบนั้น,แรงจูงใจอะไรที่ทำไห้เจ้าทำแบบนั้น
เ+เ → แ,strings,587911,ถุงมือถูกเเทงด้วยของเหลม กับเลือดสีดำที่เห้งเเล้ว,ถุงมือถูกแทงด้วยของเหลม กับเลือดสีดำที่เห้งแล้ว
เ+เ → แ,strings,587915,หนังศีรษะมนุษย์… ผิดปกติไปเหมือนมีการตกเเต่ง,หนังศีรษะมนุษย์… ผิดปกติไปเหมือนมีการตกแต่ง
เ+เ → แ,strings,587917,เห็ดเเห้ง Psilocybe คิดว่างั้นนะ,เห็ดแห้ง Psilocybe คิดว่างั้นนะ
เ+เ → แ,strings,587985,สุดท้ายเเล้ว โอกาสที่สนุกเพียงเล็กน้อย จิตใจของข้านั้นกระจ่าง ความรู้สึกของข้านั้นกระจ่าง,สุดท้ายแล้ว โอกาสที่สนุกเพียงเล็กน้อย จิตใจของข้านั้นกระจ่าง ความรู้สึกของข้านั้นกระจ่าง
เ+เ → แ,strings,589326,ไม่มีทาง ไอ้พวกขี้ขลาดนั่นวิ่งหนีไปทันทีที่เห็นปีศาจตัวแรกเเล้ว แต่ข้าไม่ใช่แบบนั้น,ไม่มีทาง ไอ้พวกขี้ขลาดนั่นวิ่งหนีไปทันทีที่เห็นปีศาจตัวแรกแล้ว แต่ข้าไม่ใช่แบบนั้น
เ+เ → แ,strings,589789,แล้วทำไมพวกข้าต้องเชื่อเเกด้วยวะ,แล้วทำไมพวกข้าต้องเชื่อแกด้วยวะ
เ+เ → แ,strings,590978,เจ้าไม่ได้อยู่ในเเผ่นดินนี้ เจ้าไม่สามารถซื้อข้าได้ด้วยเงินหรือด้วยเกียรติยศ,เจ้าไม่ได้อยู่ในแผ่นดินนี้ เจ้าไม่สามารถซื้อข้าได้ด้วยเงินหรือด้วยเกียรติยศ
เ+เ → แ,strings,590981,เเต่เห็นว่า Lugos พูดถึงการไต่สวนของข้าวันนี้ จำได้มั้ย,แต่เห็นว่า Lugos พูดถึงการไต่สวนของข้าวันนี้ จำได้มั้ย
เ+เ → แ,strings,591053,ไปเลยเเกะน้อยไปเล่นไห้สนุกเลยเจ้าควรได้รับมัน,ไปเลยแกะน้อยไปเล่นไห้สนุกเลยเจ้าควรได้รับมัน
เ+เ → แ,strings,591055,เจ้าเสียสละเพื่อสิ่งที่ดี หลับให้สบายน่ะเเกะน้อย,เจ้าเสียสละเพื่อสิ่งที่ดี หลับให้สบายน่ะแกะน้อย
เ+เ → แ,strings,591195,หนี ไม่เเต่มีทางอื่น ข้าสามารถมั่นใจได้ว่า Lugos พยายามหาเจ้าในวันนี้,หนี ไม่แต่มีทางอื่น ข้าสามารถมั่นใจได้ว่า Lugos พยายามหาเจ้าในวันนี้
เ+เ → แ,strings,591219,เจ้ากลับมาเเล้ว เหมือนที่ข้าเคยพูดไว้,เจ้ากลับมาแล้ว เหมือนที่ข้าเคยพูดไว้
เ+เ → แ,strings,591702,สี่ต่อหนึ่ง - และเจ้าออกมาเเบบยังมีชีวิต,สี่ต่อหนึ่ง - และเจ้าออกมาแบบยังมีชีวิต
เ+เ → แ,strings,593804,Geralt แห่ง Rivia ข้าพบว่าเจ้ามีความผิดในข้อหาฆาตกรรมสองคดี ลงโทษด้วยการเเขวนคอจนตาย,Geralt แห่ง Rivia ข้าพบว่าเจ้ามีความผิดในข้อหาฆาตกรรมสองคดี ลงโทษด้วยการแขวนคอจนตาย
เ+เ → แ,strings,594545,เเต่นี่เเค่เริ่มต้น ความท้าทายที่แท้จริงกำลังรอคอยที่ปลายถ้ำ,แต่นี่แค่เริ่มต้น ความท้าทายที่แท้จริงกำลังรอคอยที่ปลายถ้ำ
เ+เ → แ,strings,594723,ไปกันเถอะ ถึงเวลาที่ต้องเผชิญกับความกลัวของเราเเล้ว,ไปกันเถอะ ถึงเวลาที่ต้องเผชิญกับความกลัวของเราแล้ว
เ+เ → แ,strings,594822,เก็บเงินของเจ้าไว้ เเละออกไปจากดินเเดนของเราซะ,เก็บเงินของเจ้าไว้ และออกไปจากดินแดนของเราซะ
เ+เ → แ,strings,594827,เเน่นอนข้าจะบอก ข้าไม่กลัวเขาใช่มั้ย,แน่นอนข้าจะบอก ข้าไม่กลัวเขาใช่มั้ย
เ+เ → แ,strings,595463,ข้าอายุได้สามปี ข้าเเสดงเป็นร้อยๆ ครั้งตั้งเเต่นั้น ข้า--,ข้าอายุได้สามปี ข้าแสดงเป็นร้อยๆ ครั้งตั้งแต่นั้น ข้า--
เ+เ → แ,strings,1001476,สีน้ำเงิน จมูกสีน้ำเงินเหรอ สมุนไพรคงทำไห้เจ้าสูญเสียประสาทสัมผัสไปเเล้วล่ะ!,สีน้ำเงิน จมูกสีน้ำเงินเหรอ สมุนไพรคงทำไห้เจ้าสูญเสียประสาทสัมผัสไปแล้วล่ะ!
เ+เ → แ,strings,1001491,ฆ่าสัตว์ประหลาดตัวหนึ่งเเล้วอีกตัวหนึ่งคลานออกมา เเล้วนี่เจ้า นี่วิทเชอร์ ฝันร้ายงั้นรึ?,ฆ่าสัตว์ประหลาดตัวหนึ่งแล้วอีกตัวหนึ่งคลานออกมา แล้วนี่เจ้า นี่วิทเชอร์ ฝันร้ายงั้นรึ?
เ+เ → แ,strings,1001514,เเล้วทำไมท่านถึงยืนเเละจ้องมองอยู่ตรงนั้นล่ะ ท่านเป็นอิสระเเล้ว เอาของของเจ้าไปเเละก็ไปได้เเล้ว,แล้วทำไมท่านถึงยืนและจ้องมองอยู่ตรงนั้นล่ะ ท่านเป็นอิสระแล้ว เอาของของเจ้าไปและก็ไปได้แล้ว
เ+เ → แ,strings,1001515,ยินดี เเต่บอกข้าที เพื่อข้าจะได้เป็นจะหนี้บุญคุณของ ความเมตกรุณา,ยินดี แต่บอกข้าที เพื่อข้าจะได้เป็นจะหนี้บุญคุณของ ความเมตกรุณา
เ+เ → แ,strings,1001518,มันจบเเล้ว เราจะออกไปเร็วๆ นี้ เเต่อย่างเเรก นี่ทองของเจ้า,มันจบแล้ว เราจะออกไปเร็วๆ นี้ แต่อย่างแรก นี่ทองของเจ้า
เ+เ → แ,strings,1002436,Hjalmar เป็นนักรบที่ดี ในไม่ช้าเราจะได้เห็นว่าเขาจะปกครองเมืองเเบบใด,Hjalmar เป็นนักรบที่ดี ในไม่ช้าเราจะได้เห็นว่าเขาจะปกครองเมืองแบบใด
เ+เ → แ,strings,1002446,เเล้วพวก Druid คิดยังไงกับผู้ปกครองคนใหม่ของ Skellige,แล้วพวก Druid คิดยังไงกับผู้ปกครองคนใหม่ของ Skellige
เ+เ → แ,strings,1003444,เป็นคนชั่ว เลวทราม เหมือนกับทุกคนที่สวมชุดคลุมของ Eternal Fire นั่นเเหละ,เป็นคนชั่ว เลวทราม เหมือนกับทุกคนที่สวมชุดคลุมของ Eternal Fire นั่นแหละ
เ+เ → แ,strings,1004348,ไปที่ป่าเรอะ ด้วยตัวคนเเดียว,ไปที่ป่าเรอะ ด้วยตัวคนแดียว
เ+เ → แ,strings,1005939,แต่การกระโดดไปบนพื้นน้ำแข็งของนางไม่มีใครเทียบได้เลย ข้าเคยพยายามเอาชนะนางเเล้ว ผลคือข้าเอาปากไปฟาดกับหินแทน,แต่การกระโดดไปบนพื้นน้ำแข็งของนางไม่มีใครเทียบได้เลย ข้าเคยพยายามเอาชนะนางแล้ว ผลคือข้าเอาปากไปฟาดกับหินแทน
เ+เ → แ,strings,1006024,เจ้าทำไห้พื้นที่ศักดิ์สิทธ์ต้องเเปดเปื้อน! พระเจ้าจะไม่ยกโทษไห้เจ้าในการนี้!,เจ้าทำไห้พื้นที่ศักดิ์สิทธ์ต้องแปดเปื้อน! พระเจ้าจะไม่ยกโทษไห้เจ้าในการนี้!
เ+เ → แ,strings,1006957,เเต่อะไรก็ตามที่ตัดกระเช้านี้อาจทำได้,แต่อะไรก็ตามที่ตัดกระเช้านี้อาจทำได้
เ+เ → แ,strings,1008528,ซุ่มโจมตีหรอ ส่วนใหญ่ Nekker ไม่ได้ฉลาดขนาดนั้น บางทีอาจจะไม่ใช่ Nekker เเบบทั่วไป,ซุ่มโจมตีหรอ ส่วนใหญ่ Nekker ไม่ได้ฉลาดขนาดนั้น บางทีอาจจะไม่ใช่ Nekker แบบทั่วไป
เ+เ → แ,strings,1008648,Pops Mold (เชื้อราหรือพิษ) เข้าไปไม่ได้เเน่ถ้าไม่มียาเเเก้พิษ,Pops Mold (เชื้อราหรือพิษ) เข้าไปไม่ได้แน่ถ้าไม่มียาแเก้พิษ
เ+เ → แ,strings,1011371,ด่าซะเจ็บเลยนะ เเต่ข้าก็หาเสียงเจ้ากลับมาได้ละกัน,ด่าซะเจ็บเลยนะ แต่ข้าก็หาเสียงเจ้ากลับมาได้ละกัน
เ+เ → แ,strings,1011524,ตอนนี้ดูสิ่งที่เเกได้ทำ!,ตอนนี้ดูสิ่งที่แกได้ทำ!
เ+เ → แ,strings,1012719,สำคัญกว่านั้นคือ นางแสดงออกถึงความฉลาดหลักแหลมและกล้าหาญ คุณสมบัติแบบนั้นเเหละที่ชาวเกาะเราต้องการที่สุด,สำคัญกว่านั้นคือ นางแสดงออกถึงความฉลาดหลักแหลมและกล้าหาญ คุณสมบัติแบบนั้นแหละที่ชาวเกาะเราต้องการที่สุด
เ+เ → แ,strings,1013639,ข้าเล่น Gwent เหมือนเล่นเกมการเมืองนั่นเเหละ แต่เล่นซื่อสัตย์มากกว่า,ข้าเล่น Gwent เหมือนเล่นเกมการเมืองนั่นแหละ แต่เล่นซื่อสัตย์มากกว่า
เ+เ → แ,strings,1021908,Kerack Sevald ไปขายขนสัตว์ที่นั่น พวกเขาบอกว่าที่นั่นไม่ได้จัดทหารเเบบเต็มรูปเเบบ,Kerack Sevald ไปขายขนสัตว์ที่นั่น พวกเขาบอกว่าที่นั่นไม่ได้จัดทหารแบบเต็มรูปแบบ
เ+เ → แ,strings,1021912,ถ้าอย่างนั้นพวกเขาคงจะประหลาดใจ เเละเรากำลังจะมีชื่อเสียงเเละร่ำรวย,ถ้าอย่างนั้นพวกเขาคงจะประหลาดใจ และเรากำลังจะมีชื่อเสียงและร่ำรวย
เ+เ → แ,strings,1022100,คิดว่าคงถึงเวลาที่จะได้พ่อพันธ์วัวตัวใหม่ ของเราเอง สุดท้าย เขาคงไม่สนุกเเน่นอนเมื่อมีวัวตัวเมียรอบๆ,คิดว่าคงถึงเวลาที่จะได้พ่อพันธ์วัวตัวใหม่ ของเราเอง สุดท้าย เขาคงไม่สนุกแน่นอนเมื่อมีวัวตัวเมียรอบๆ
เ+เ → แ,strings,1022102,ท่านเเปลกใจมั้ย เขาอยู่ที่นี่มาเป็นปีๆ เเล้วเเม้เเต่ ploughin ยังอายุเพิ่มขึ้นเลย,ท่านแปลกใจมั้ย เขาอยู่ที่นี่มาเป็นปีๆ แล้วแม้แต่ ploughin ยังอายุเพิ่มขึ้นเลย
เ+เ → แ,strings,1022187,ท่านวางมันไว้ตรงนี้ จับวันไว้เเละสับมันเเบบนี้,ท่านวางมันไว้ตรงนี้ จับวันไว้และสับมันแบบนี้
เ+เ → แ,strings,1024580,ข้าไม่เเน่ใจ ที่จะออกเรือไปกับเขา,ข้าไม่แน่ใจ ที่จะออกเรือไปกับเขา
เ+เ → แ,strings,1025001,พวกเรากลับมาเเล้ว พึ่งกลับมาจากการจู่โจมเเละปล้นเลย! ได้เวลาฉลองเเล้วล่ะ!,พวกเรากลับมาแล้ว พึ่งกลับมาจากการจู่โจมและปล้นเลย! ได้เวลาฉลองแล้วล่ะ!
เ+เ → แ,strings,1025136,เเละตอนนี้เราจะเห็น Lugos ที่ประตูของ Kaer Trolde เจ้าเเค่รอ เขาจะไม่ยอมปล่อยไห้เรื่องนี้ผ่านไป,และตอนนี้เราจะเห็น Lugos ที่ประตูของ Kaer Trolde เจ้าแค่รอ เขาจะไม่ยอมปล่อยไห้เรื่องนี้ผ่านไป
เ+เ → แ,strings,1027757,เพราะ เพราะ ข้าไม่ชอบลุง Gretter เขาอ้วนเเละก็กลิ่นเหม็น,เพราะ เพราะ ข้าไม่ชอบลุง Gretter เขาอ้วนและก็กลิ่นเหม็น
เ+เ → แ,strings,1027759,ครั้งนึงข้าบอกพี่ชายข้าว่าลุงนั่น ทำสิ่งไม่ดีใส่ข้า เเล้ว Yorg ไปด้วยความโกรธเเละฆ่าเขาเเล้วจากพวกเขาก็จับข้าผูกไว้กับก้อนหิน,ครั้งนึงข้าบอกพี่ชายข้าว่าลุงนั่น ทำสิ่งไม่ดีใส่ข้า แล้ว Yorg ไปด้วยความโกรธและฆ่าเขาแล้วจากพวกเขาก็จับข้าผูกไว้กับก้อนหิน
เ+เ → แ,strings,1028029,เเปลกมาก นางไม่โจมตี,แปลกมาก นางไม่โจมตี
เ+เ → แ,strings,1030492,เจ้าหมายถึงจะให้ข้าไปคว้าสาวอีกคนมาร่วมกับพวกเรางั้นเเหรอ?,เจ้าหมายถึงจะให้ข้าไปคว้าสาวอีกคนมาร่วมกับพวกเรางั้นแหรอ?
เ+เ → แ,strings,1031286,พวก Wild Hunt กำลังตามล่าข้า ถ้า Skjall ไม่พาข้าหนีออกมา พวกมันคงพังหมู่บ้าน Lofoten จนไม่เหลือซากไปเเล้ว,พวก Wild Hunt กำลังตามล่าข้า ถ้า Skjall ไม่พาข้าหนีออกมา พวกมันคงพังหมู่บ้าน Lofoten จนไม่เหลือซากไปแล้ว
เ+เ → แ,strings,1033581,การเเปลงโฉมช่วยชีวิตหรือชัยชนะของ วิทเชอร์ - การแสดงของท่านช่างล้ำเลิศ!,การแปลงโฉมช่วยชีวิตหรือชัยชนะของ วิทเชอร์ - การแสดงของท่านช่างล้ำเลิศ!
เ+เ → แ,strings,1033613,การเเปลงโฉมช่วยชีวิตหรือชัยชนะของ วิทเชอร์ - เป็นเรื่องที่น่าสนใจนำมาแสดงนะ,การแปลงโฉมช่วยชีวิตหรือชัยชนะของ วิทเชอร์ - เป็นเรื่องที่น่าสนใจนำมาแสดงนะ
เ+เ → แ,strings,1034134,ไม่เคยรับงานหากระทะมากก่อนซะด้วยสิ ก็ได้ ข้าจะไปดูรอบๆ ให้เเล้วกัน,ไม่เคยรับงานหากระทะมากก่อนซะด้วยสิ ก็ได้ ข้าจะไปดูรอบๆ ให้แล้วกัน
เ+เ → แ,strings,1034538,เจอกระทะเเล้วเหรอ ใช่ของยายหรือเปล่า,เจอกระทะแล้วเหรอ ใช่ของยายหรือเปล่า
เ+เ → แ,strings,1038057,เลือดออก... แต่ไม่หนักเท่าไร แผลเเค่ถากๆ,เลือดออก... แต่ไม่หนักเท่าไร แผลแค่ถากๆ
เ+เ → แ,strings,1038401,ถ้าข้ามีเหลือขนาดนั้นคงย้ายเมืองไป Poviss ละ อีกอย่าง Caesar ไม่มีทางขายการ์ด Fringilla อยู่เเล้ว,ถ้าข้ามีเหลือขนาดนั้นคงย้ายเมืองไป Poviss ละ อีกอย่าง Caesar ไม่มีทางขายการ์ด Fringilla อยู่แล้ว
เ+เ → แ,strings,1038791,พวกต้มตุ๋นหลอกลวงชาวบ้านไปวันๆ น่ะ ข้าเองยังสงสัยอยู่เลยว่าเขาเอาเงินที่ไหนมาซื้อไพ่ John Natalis กันเเน่,พวกต้มตุ๋นหลอกลวงชาวบ้านไปวันๆ น่ะ ข้าเองยังสงสัยอยู่เลยว่าเขาเอาเงินที่ไหนมาซื้อไพ่ John Natalis กันแน่
เ+เ → แ,strings,1039089,กระดูกมนุษย์ที่ยังไม่หัก เเต่ไขกระดูกถูกดูดออกมาลิ้นนั้นต้องยาวเเละเบาเเน่ๆ,กระดูกมนุษย์ที่ยังไม่หัก แต่ไขกระดูกถูกดูดออกมาลิ้นนั้นต้องยาวและเบาแน่ๆ
เ+เ → แ,strings,1039099,เกราะขึ้นสนิมเเตกเป็นเสี่ยงๆ ในมือของข้า,เกราะขึ้นสนิมแตกเป็นเสี่ยงๆ ในมือของข้า
เ+เ → แ,strings,1040212,จัดการมันเเล้ว ทีนี้รางวัลของข้า บังเอิญไปเจอพวก Drowner มานิดหน่อยน่ะเเต่ Water Hag นี่คือตัวปัญหาที่เเท้จริง ข้าได้บางสิ่งมาหัวของมันน่ะ,จัดการมันแล้ว ทีนี้รางวัลของข้า บังเอิญไปเจอพวก Drowner มานิดหน่อยน่ะแต่ Water Hag นี่คือตัวปัญหาที่แท้จริง ข้าได้บางสิ่งมาหัวของมันน่ะ
เ+เ → แ,strings,1040214,ใช่ เเน่นอนเรื่องเงินข้าจะจ่ายไห้เจ้าสำหรับ Seafiends,ใช่ แน่นอนเรื่องเงินข้าจะจ่ายไห้เจ้าสำหรับ Seafiends
เ+เ → แ,strings,1040661,เจ้าเมาเเละสับสนงั้นเหรอ,เจ้าเมาและสับสนงั้นเหรอ
เ+เ → แ,strings,1040939,โอ้ย! เเกก็ได้ไพ่ไปแล้วนี่! แล้วจะเอาอะไรอีกล่ะวะ?,โอ้ย! แกก็ได้ไพ่ไปแล้วนี่! แล้วจะเอาอะไรอีกล่ะวะ?
เ+เ → แ,strings,1041336,ข้าดูนางผ่าน Megascope แต่ในที่สุดก็ปลดพันธนาการนาง จากกับดักของเจ้าที่ Letho เเห่ง Gulet คนของของพวกท่านได้วางไว้ บันทึกสิ่งที่ข้าพูดออกให้ดี ข้าต้องมั่นใจว่าเอกสารนี้ถูกต้องตามที่ข้ากล่าวมา,ข้าดูนางผ่าน Megascope แต่ในที่สุดก็ปลดพันธนาการนาง จากกับดักของเจ้าที่ Letho แห่ง Gulet คนของของพวกท่านได้วางไว้ บันทึกสิ่งที่ข้าพูดออกให้ดี ข้าต้องมั่นใจว่าเอกสารนี้ถูกต้องตามที่ข้ากล่าวมา
เ+เ → แ,strings,1041521,ดีมากๆ ถ้าสำรับของเจ้าชนะ เข้าจะไห้ไพ่ที่ดีที่สุดของข้าเเก่เจ้า,ดีมากๆ ถ้าสำรับของเจ้าชนะ เข้าจะไห้ไพ่ที่ดีที่สุดของข้าแก่เจ้า
เ+เ → แ,strings,1042360,เดี๋ยวสิ เราไม่จำเป็นต้องพังบ้านของนางหรอกนะ นางเก็บกุญแจสำรองไว้ที่ไหนสักแห่งแถวนี้เนี่ยเเหละ,เดี๋ยวสิ เราไม่จำเป็นต้องพังบ้านของนางหรอกนะ นางเก็บกุญแจสำรองไว้ที่ไหนสักแห่งแถวนี้เนี่ยแหละ
เ+เ → แ,strings,1044058,รูปเหมือนจักรพรรดิ Emhyr จังเลยเเฮะ วาดด้วยสีฝุ่นบนไม้ สวยดีเหมือนกันนะเนี่ย,รูปเหมือนจักรพรรดิ Emhyr จังเลยแฮะ วาดด้วยสีฝุ่นบนไม้ สวยดีเหมือนกันนะเนี่ย
เ+เ → แ,strings,1044541,Geralt เเห่ง Rivia ใช่มั้ย? นายหญิง Rosa เดินออกไปแล้ว ใกล้สะพาน Temple Bridge นางบอกว่าให้เจ้าไปหา,Geralt แห่ง Rivia ใช่มั้ย? นายหญิง Rosa เดินออกไปแล้ว ใกล้สะพาน Temple Bridge นางบอกว่าให้เจ้าไปหา
เ+เ → แ,strings,1045380,หิมะสูงถึงหลังคาเลยเเฮะ สงสัยจังว่าพายุหิมะพัดมานานแค่ไหนกัน,หิมะสูงถึงหลังคาเลยแฮะ สงสัยจังว่าพายุหิมะพัดมานานแค่ไหนกัน
เ+เ → แ,strings,1046390,ว้าว Lars ต้องโกรธเเน่ๆ เขาจะตอบ Jarl มั้ยน่ะ,ว้าว Lars ต้องโกรธแน่ๆ เขาจะตอบ Jarl มั้ยน่ะ
เ+เ → แ,strings,1047068,Jarl ของเรานั้นไม่ใช่ไก่เด้งน่ะ เขาเป็นมากกว่านั้นในการเเข่งขัน Crach in battle,Jarl ของเรานั้นไม่ใช่ไก่เด้งน่ะ เขาเป็นมากกว่านั้นในการแข่งขัน Crach in battle
เ+เ → แ,strings,1047107,ขึ้นชกกับ The Tailor เพื่อตำเเหน่งเเชมป์เเห่ง Novigrad,ขึ้นชกกับ The Tailor เพื่อตำแหน่งแชมป์แห่ง Novigrad
เ+เ → แ,strings,1047113,เขาจะกลับมา กลับมาเเน่นอน พรุ่งนี้เราจะเเล่นเรือออกไปเเสดงความยินดีกับราชาองค์ใหม่,เขาจะกลับมา กลับมาแน่นอน พรุ่งนี้เราจะแล่นเรือออกไปแสดงความยินดีกับราชาองค์ใหม่
เ+เ → แ,strings,1048617,เรื่องราวของข้าเริ่มต้นที่ Temeria ใกล้ Vizima โดย Geralt ฝันถึง Yennefer Ciri และพวก Wild Hunt เเล้วมันก็จบลงที่ Temeria ด้วยเช่นกัน ไม่นานหลังจากที่ Ciri เข้าไปในหอคอยบน Undvik เเล้วไม่กลับมานั้น Geralt ได้กลับไปที่ Velen และเข้าไปที่Crookback bog bog<br>,เรื่องราวของข้าเริ่มต้นที่ Temeria ใกล้ Vizima โดย Geralt ฝันถึง Yennefer Ciri และพวก Wild Hunt แล้วมันก็จบลงที่ Temeria ด้วยเช่นกัน ไม่นานหลังจากที่ Ciri เข้าไปในหอคอยบน Undvik แล้วไม่กลับมานั้น Geralt ได้กลับไปที่ Velen และเข้าไปที่Crookback bog bog<br>
เ+เ → แ,strings,1048639,ให้เเสงไฟ,ให้แสงไฟ
เ+เ → แ,strings,1048669,Ciri และ Baron กำลังทดสอบความกล้าหาญของพวกเขาในการแข่งม้าเเต่เมื่อ Basilisk ถลาลงมาจึงต้องยุติการแข่งขัน สัตว์ร้ายตัวนั้นคว้า Baron ขึ้นมาแล้วพาเขาไปที่รังของมัน Ciri ไม่มีเวลาคิดมากนัก เธอจึงรีบวิ่งไปช่วยเขา<br>,Ciri และ Baron กำลังทดสอบความกล้าหาญของพวกเขาในการแข่งม้าแต่เมื่อ Basilisk ถลาลงมาจึงต้องยุติการแข่งขัน สัตว์ร้ายตัวนั้นคว้า Baron ขึ้นมาแล้วพาเขาไปที่รังของมัน Ciri ไม่มีเวลาคิดมากนัก เธอจึงรีบวิ่งไปช่วยเขา<br>
เ+เ → แ,strings,1049963,อาจจะมีกองเรือเพียงพอสำหรับ Raidin ที่พักหรือหมู่บ้าน เเต่ไม่สำหรับสงคราม,อาจจะมีกองเรือเพียงพอสำหรับ Raidin ที่พักหรือหมู่บ้าน แต่ไม่สำหรับสงคราม
เ+เ → แ,strings,1050858,การต่อสู้ที่ Kaer Morhen นั้นได้สิ้นสุดลงแล้ว ผู้ที่รอดชีวิตต้องอยู่ต่อไปหลังจากฝังศพของ Vesemir เเละ Lambert แต่มีเวลาเพียงน้อยนิดสำหรับการไว้ทุกข์ อันตรายนั้นถูกขัดขวางได้เพียงชั่วคราวและพวกเขาจำเป็นต้องเตรียมตัวกับแผนการใหม่สำหรับการคุ้มครอง Ciri,การต่อสู้ที่ Kaer Morhen นั้นได้สิ้นสุดลงแล้ว ผู้ที่รอดชีวิตต้องอยู่ต่อไปหลังจากฝังศพของ Vesemir และ Lambert แต่มีเวลาเพียงน้อยนิดสำหรับการไว้ทุกข์ อันตรายนั้นถูกขัดขวางได้เพียงชั่วคราวและพวกเขาจำเป็นต้องเตรียมตัวกับแผนการใหม่สำหรับการคุ้มครอง Ciri
เ+เ → แ,strings,1051274,หลังจากรวบรวมหลักฐานได้ทั้งหมด Geralt ตัดสินใจว่าเป็นความผิดของคนเเคระ,หลังจากรวบรวมหลักฐานได้ทั้งหมด Geralt ตัดสินใจว่าเป็นความผิดของคนแคระ
เ+เ → แ,strings,1051842,ได้เวลาเริ่มใหม่เเล้วล่ะ,ได้เวลาเริ่มใหม่แล้วล่ะ
เ+เ → แ,strings,1051868,ไปได้เเล้ว Geralt Avallac'h รอเจ้าอยู่,ไปได้แล้ว Geralt Avallac'h รอเจ้าอยู่
เ+เ → แ,strings,1053471,ครั้งหนึ่งที่ Geralt ได้เข้ามา เขาก็พบกับสิ่งที่คาดไม่ถึง ของในบ้านถูกแช่แข็ง และท่ามกลางความเยือกเย็น - สิ่งมีชีวิตขนาดยักษ์และน่าสะพรึงกลัว Geralt รู้ว่าเป็นหนึ่งใน Wild Hunt's hounds สัตว์ประหลาดนั้นรู้ตัวได้อย่างรวดเร็วว่ามันสู้ไม่ได้ และได้หลบซ่อนตัวอยู่ในทุ่งหญ้าโดยรอบ และ Geralt ก็ไม่สามารถติดตามมันได้ แม้ว่าเขาจะยังทำงานไม่เสร็จเขาก็กลับไปหานายจ้างของเขา Meiersdorf กลัวว่าพวกมันจะกลับมา ทว่างานที่เขาได้ทำนั้นได้รับการตอบรับ เเละได้ตกลงที่จะจ่ายให้ Geralt,ครั้งหนึ่งที่ Geralt ได้เข้ามา เขาก็พบกับสิ่งที่คาดไม่ถึง ของในบ้านถูกแช่แข็ง และท่ามกลางความเยือกเย็น - สิ่งมีชีวิตขนาดยักษ์และน่าสะพรึงกลัว Geralt รู้ว่าเป็นหนึ่งใน Wild Hunt's hounds สัตว์ประหลาดนั้นรู้ตัวได้อย่างรวดเร็วว่ามันสู้ไม่ได้ และได้หลบซ่อนตัวอยู่ในทุ่งหญ้าโดยรอบ และ Geralt ก็ไม่สามารถติดตามมันได้ แม้ว่าเขาจะยังทำงานไม่เสร็จเขาก็กลับไปหานายจ้างของเขา Meiersdorf กลัวว่าพวกมันจะกลับมา ทว่างานที่เขาได้ทำนั้นได้รับการตอบรับ และได้ตกลงที่จะจ่ายให้ Geralt
เ+เ → แ,strings,1054063,ปราสาทเก่าเเก่ที่มีผีสิงอยู่ ข้าคิดว่างั้น,ปราสาทเก่าแก่ที่มีผีสิงอยู่ ข้าคิดว่างั้น
เ+เ → แ,strings,1054065,เห็นเเสงสว่างท่ามกลางซากปรักหักพังนั่นของวันอื่นๆ ด้วย!,เห็นแสงสว่างท่ามกลางซากปรักหักพังนั่นของวันอื่นๆ ด้วย!
เ+เ → แ,strings,1054067,เเละได้ยินเสียงกรีดร้องเเละเคาะ!,และได้ยินเสียงกรีดร้องและเคาะ!
เ+เ → แ,strings,1054617,กลับมาเมื่อท่านเอาชนะศัตรูที่เเท้จริง,กลับมาเมื่อท่านเอาชนะศัตรูที่แท้จริง
เ+เ → แ,strings,1054992,ตามร่องรอยโดยใช้ Witcher Senses<br>เเละเอาอุปกรณ์คืนมา,ตามร่องรอยโดยใช้ Witcher Senses<br>และเอาอุปกรณ์คืนมา
เ+เ → แ,strings,1055119,ตามหาเเตรที่ถูกขโมย,ตามหาแตรที่ถูกขโมย
เ+เ → แ,strings,1055870,Geralt พบพ่อค้าที่อยู่ข้างถนนใน White Orchard ช่างน่าสงสัยจริงๆ เขาลากสิ่งของล้ำค่าไปยังค่าย Nilfgaard เมื่อม้าของเขาส่ายและเลี้ยวออกจากถนน มันดึงรถเข็นของพ่อค้ามาด้วยและทิ้งของทั้งหมดลงในบึงหมอกนอกค่าย ม้าที่น่าสงสารติดหล่มอยู่ในโคลนและในไม่ช้าก็ถูกกินโดยสัตว์ประหลาดที่แฝงตัวอยู่ในสถานที่ดังกล่าวอย่างหลีกเลี่ยงไม่ได้ พ่อค้าคนนั้นกลัวที่จะเเข้าไปเก็บของของเขา เขาจึงขอให้ วิทเชอร์ ช่วยเขา - เพื่อแลกกับรางวัลใหญ่.<br>,Geralt พบพ่อค้าที่อยู่ข้างถนนใน White Orchard ช่างน่าสงสัยจริงๆ เขาลากสิ่งของล้ำค่าไปยังค่าย Nilfgaard เมื่อม้าของเขาส่ายและเลี้ยวออกจากถนน มันดึงรถเข็นของพ่อค้ามาด้วยและทิ้งของทั้งหมดลงในบึงหมอกนอกค่าย ม้าที่น่าสงสารติดหล่มอยู่ในโคลนและในไม่ช้าก็ถูกกินโดยสัตว์ประหลาดที่แฝงตัวอยู่ในสถานที่ดังกล่าวอย่างหลีกเลี่ยงไม่ได้ พ่อค้าคนนั้นกลัวที่จะแข้าไปเก็บของของเขา เขาจึงขอให้ วิทเชอร์ ช่วยเขา - เพื่อแลกกับรางวัลใหญ่.<br>
เ+เ → แ,strings,1055888,Geralt เจอกะทะเเละได้นำมาคืนให้หญิงชรา นางรู้สึกปิติเเละขอบคุณมาก - ไม่เพียงเเต่จะได้กระทะคืน เเต่ยังมีคนทำความสะอาดมันให้ด้วย!,Geralt เจอกะทะและได้นำมาคืนให้หญิงชรา นางรู้สึกปิติและขอบคุณมาก - ไม่เพียงแต่จะได้กระทะคืน แต่ยังมีคนทำความสะอาดมันให้ด้วย!
เ+เ → แ,strings,1056123,ตามหาหุ้นส่วนคนอื่นๆ <br>ที่กล่าวถึงในบันทึก<br>เเละค้นหากุญเเจ,ตามหาหุ้นส่วนคนอื่นๆ <br>ที่กล่าวถึงในบันทึก<br>และค้นหากุญแจ
เ+เ → แ,strings,1056837,เเสดงความบ้าให้เขาเห็นที่นี่เลย! ที่ใต้โต๊ะ!,แสดงความบ้าให้เขาเห็นที่นี่เลย! ที่ใต้โต๊ะ!
เ+เ → แ,strings,1057757,ทุกสิ่งทุกอย่างเรียบร้อยเเล้ว พร้อมออกเดินทาง,ทุกสิ่งทุกอย่างเรียบร้อยแล้ว พร้อมออกเดินทาง
เ+เ → แ,strings,1057834,นักสังหารเเวมไพร์ผู้ไร้ซึ่งความกลัว,นักสังหารแวมไพร์ผู้ไร้ซึ่งความกลัว
เ+เ → แ,strings,1058149,*ถอนหายใจเเรงๆ *เฮอะ...,*ถอนหายใจแรงๆ *เฮอะ...
เ+เ → แ,strings,1058701,กุญเเจสำรองของกล่องนิรภัย,กุญแจสำรองของกล่องนิรภัย
เ+เ → แ,strings,1058703,เจอกุญเเจบนศพ Arnvald เหมือนเอาไว้เปิดหีบเล็ก,เจอกุญแจบนศพ Arnvald เหมือนเอาไว้เปิดหีบเล็ก
เ+เ → แ,strings,1058721,นี่เป็นโอกาสข้อข้าเจ้าไม่เห็นงั้นรึ? นี่เป็นหนึ่งในบทกวีที่ตระกูลของข้า Tuirseach เเต่งขึ้นมา court skald,นี่เป็นโอกาสข้อข้าเจ้าไม่เห็นงั้นรึ? นี่เป็นหนึ่งในบทกวีที่ตระกูลของข้า Tuirseach แต่งขึ้นมา court skald
เ+เ → แ,strings,1059595,รอยเท้าเต็มไปหมด ชาวบ้านต้องเดินผ่านทางนี้เป็นประจำเเน่ๆ,รอยเท้าเต็มไปหมด ชาวบ้านต้องเดินผ่านทางนี้เป็นประจำแน่ๆ
เ+เ → แ,strings,1059632,แล้วถ้าเจ้าช่วยข้าล่ะก็ข้าก็อาจจะช่วยเจ้าตามหาตัว Dandelion คืน  สืบดูว่าเกิดอะไรขึ้นกับเขากันเเน่,แล้วถ้าเจ้าช่วยข้าล่ะก็ข้าก็อาจจะช่วยเจ้าตามหาตัว Dandelion คืน  สืบดูว่าเกิดอะไรขึ้นกับเขากันแน่
เ+เ → แ,strings,1059774,เพียงเเค่การแหกคุกที่กล้าหาญของ Geralt และ Yennefer เท่านั้นที่ช่วยให้ Margarita รอดชีวิตจากการถูกประหารชีวิต<br>,เพียงแค่การแหกคุกที่กล้าหาญของ Geralt และ Yennefer เท่านั้นที่ช่วยให้ Margarita รอดชีวิตจากการถูกประหารชีวิต<br>
เ+เ → แ,strings,1060179,เมื่อ Geralt ได้พบกับคนแคระที่มีรูปร่างผิดปกติที่ที่อยู่ของ Baron ผู้เปื้อนเลือด เขาไม่ได้คิดอะไรมาก แต่เมื่อเขาได้ยินว่ารูปร่างผิดปกติที่คล้ายกันนั้นถูกซัดสาดไปบนชายฝั่งของ Skellige ในเรือลำเดียวกันที่ซึ่งคีรีและสหายลึกลับของเธอได้แล่นเรือออกไปก่อนหน้านี้ไม่นานเขาเกี่ยวข้องกับทั้งสองนี้เเน่นอน เห็นได้ชัดว่าก้อนเนื้อหยาบๆ และไอ้ตัวนี้เป็นกุญแจสำคัญในการตามหา Cirilla เเน่นอน<br>,เมื่อ Geralt ได้พบกับคนแคระที่มีรูปร่างผิดปกติที่ที่อยู่ของ Baron ผู้เปื้อนเลือด เขาไม่ได้คิดอะไรมาก แต่เมื่อเขาได้ยินว่ารูปร่างผิดปกติที่คล้ายกันนั้นถูกซัดสาดไปบนชายฝั่งของ Skellige ในเรือลำเดียวกันที่ซึ่งคีรีและสหายลึกลับของเธอได้แล่นเรือออกไปก่อนหน้านี้ไม่นานเขาเกี่ยวข้องกับทั้งสองนี้แน่นอน เห็นได้ชัดว่าก้อนเนื้อหยาบๆ และไอ้ตัวนี้เป็นกุญแจสำคัญในการตามหา Cirilla แน่นอน<br>
เ+เ → แ,strings,1060244,เทคนิคเก่าแก่จากหนังสือเลยล่ะ ข้าก็จะปลอมตัวเป็นพ่อค้าขนไวน์ผ่านมาพอพวกมันเห็นข้าล่ะก็ พวกมันจะต้องขอตรวจสอบเเน่นอน,เทคนิคเก่าแก่จากหนังสือเลยล่ะ ข้าก็จะปลอมตัวเป็นพ่อค้าขนไวน์ผ่านมาพอพวกมันเห็นข้าล่ะก็ พวกมันจะต้องขอตรวจสอบแน่นอน
เ+เ → แ,strings,1060721,ง่ายกว่าที่คิดเเฮะ,ง่ายกว่าที่คิดแฮะ
เ+เ → แ,strings,1061161,อย่างไรก็ตาม Geralt ยังคงรู้สึกว่า Nathaniel นั้นสมควรได้รับความตาย ในบางครั้งข้าคิดว่า Geralt ก็กระตือรือร้นที่จะเล่นเป็นผู้พิพากษาคณะลูกขุนและเพชฌฆาต แต่คราวนี้ข้าก็ไม่มีปัญหากับการกระทำของเขาเเล้ว,อย่างไรก็ตาม Geralt ยังคงรู้สึกว่า Nathaniel นั้นสมควรได้รับความตาย ในบางครั้งข้าคิดว่า Geralt ก็กระตือรือร้นที่จะเล่นเป็นผู้พิพากษาคณะลูกขุนและเพชฌฆาต แต่คราวนี้ข้าก็ไม่มีปัญหากับการกระทำของเขาแล้ว
เ+เ → แ,strings,1061403,เเล้วเจ้าควรจะไปใครล่ะเนี่ย?,แล้วเจ้าควรจะไปใครล่ะเนี่ย?
เ+เ → แ,strings,1061719,ข้าทำ ข้าทำเองเเหละ ฮ่าๆ ๆ,ข้าทำ ข้าทำเองแหละ ฮ่าๆ ๆ
เ+เ → แ,strings,1063073,พวกมันใกล้เข้ามาเเล้ว,พวกมันใกล้เข้ามาแล้ว
เ+เ → แ,strings,1063142,ใส่หน้ากากซะ เราไม่มีเวลาเเล้ว,ใส่หน้ากากซะ เราไม่มีเวลาแล้ว
เ+เ → แ,strings,1063196,คุณหญิง Irina และ Foxen ภูมิใจนำเสนอ: ละครตลกที่มาแรงในช่วงนี้!<br><br>การเเปลงโฉมช่วยชีวิตหรือชัยชนะของวิทเชอร์<br><br>นำเเสดงโดยวิทเชอร์ตัวจริงเสียงจริง!,คุณหญิง Irina และ Foxen ภูมิใจนำเสนอ: ละครตลกที่มาแรงในช่วงนี้!<br><br>การแปลงโฉมช่วยชีวิตหรือชัยชนะของวิทเชอร์<br><br>นำแสดงโดยวิทเชอร์ตัวจริงเสียงจริง!
เ+เ → แ,strings,1063197,เรื่องราวของรักที่อาภัพ! เวทมนตร์! การผิดคำสาบาน! Dopplers!<br><br>การเเปลงโฉมช่วยชีวิตหรือชัยชนะของวิทเชอร์<br><br>ปรากฏการณ์ละครใหม่ล่าสุดโดย Madame Irina และ Foxen!,เรื่องราวของรักที่อาภัพ! เวทมนตร์! การผิดคำสาบาน! Dopplers!<br><br>การแปลงโฉมช่วยชีวิตหรือชัยชนะของวิทเชอร์<br><br>ปรากฏการณ์ละครใหม่ล่าสุดโดย Madame Irina และ Foxen!
เ+เ → แ,strings,1064744,เเต่เจ้าเกือบจะฆ่าข้าเเล้ว!,แต่เจ้าเกือบจะฆ่าข้าแล้ว!
เ+เ → แ,strings,1064955,ไม่ เเค่เลือกที่จะทำมันในเเบบของข้า,ไม่ แค่เลือกที่จะทำมันในแบบของข้า
เ+เ → แ,strings,1065675,พบคนของท่านเเล้ว,พบคนของท่านแล้ว
เ+เ → แ,strings,1065989,ขอบคุณ เเละพยายามอย่าดึงดูดความสนใจมากเกินไปล่ะ ถ้าทำได้อ่ะนะ,ขอบคุณ และพยายามอย่าดึงดูดความสนใจมากเกินไปล่ะ ถ้าทำได้อ่ะนะ
เ+เ → แ,strings,1066623,ใช้คันโยกเพื่อเปิดประตูที่น้ำท่วมเเล้วหาทางไปต่อ,ใช้คันโยกเพื่อเปิดประตูที่น้ำท่วมแล้วหาทางไปต่อ
เ+เ → แ,strings,1066968,เพิ่ม Igni ความรุนเเรงเวทมนตร์ อีก $I$%,เพิ่ม Igni ความรุนแรงเวทมนตร์ อีก $I$%
เ+เ → แ,strings,1066973,เพิ่ม Aard ความรุนเเรงเวทมนตร์ อีก $I$%,เพิ่ม Aard ความรุนแรงเวทมนตร์ อีก $I$%
เ+เ → แ,strings,1066976,เพิ่ม Quen ความรุนเเรงเวทมนตร์ อีก $I$%,เพิ่ม Quen ความรุนแรงเวทมนตร์ อีก $I$%
เ+เ → แ,strings,1066977,เพิ่ม Yrden ความรุนเเรงเวทมนตร์ อีก $I$%,เพิ่ม Yrden ความรุนแรงเวทมนตร์ อีก $I$%
เ+เ → แ,strings,1066981,เพิ่ม Axii ความรุนเเรงเวทมนตร์ อีก $I$%.,เพิ่ม Axii ความรุนแรงเวทมนตร์ อีก $I$%.
เ+เ → แ,strings,1067563,หน่วยทหารขนาดเล็กกับพื้นที่อันห่างไกลจากเมืองใหญ่ ทหารชายชาตรีของเจ้าอาจจะโดนคราด (อุปกรณ์ทำงานไร่) เสียบไปเเล้วก็ได้,หน่วยทหารขนาดเล็กกับพื้นที่อันห่างไกลจากเมืองใหญ่ ทหารชายชาตรีของเจ้าอาจจะโดนคราด (อุปกรณ์ทำงานไร่) เสียบไปแล้วก็ได้
เ+เ → แ,strings,1067938,ฮ่า! ทำไมข้าถึงต้องบอกเจ้าล่ะ หมาป่า เจ้ามาได้อยู่เเล้ว คนอื่นก็มาได้,ฮ่า! ทำไมข้าถึงต้องบอกเจ้าล่ะ หมาป่า เจ้ามาได้อยู่แล้ว คนอื่นก็มาได้
เ+เ → แ,strings,1068413,อืม ข้าเพิ่มเงินให้ได้นะ เเต่ไม่ได้มากขนาดนั้น,อืม ข้าเพิ่มเงินให้ได้นะ แต่ไม่ได้มากขนาดนั้น
เ+เ → แ,strings,1068447,จ่ายมา ไอ้คน Nifgaard ไม่มีอารมณ์มาเถียงกับเจ้าเเล้ว,จ่ายมา ไอ้คน Nifgaard ไม่มีอารมณ์มาเถียงกับเจ้าแล้ว
เ+เ → แ,strings,1068617,ยินดีต้อนรับนายท่าน เราเชื่อมั่นในเสน่ห์และทักษะของเราจะเป็นที่พึงพอใจต่อท่านเเน่นอน ท่านต้องการหรือไม่?,ยินดีต้อนรับนายท่าน เราเชื่อมั่นในเสน่ห์และทักษะของเราจะเป็นที่พึงพอใจต่อท่านแน่นอน ท่านต้องการหรือไม่?
เ+เ → แ,strings,1068941,บนชายฝั่งที่ Larvik ความโหดร้ายรุนเเรงของเขาจะปกป้องเราจากพวก Black Ones!,บนชายฝั่งที่ Larvik ความโหดร้ายรุนแรงของเขาจะปกป้องเราจากพวก Black Ones!
เ+เ → แ,strings,1068950,เราได้ติดประกาศไปเเล้ว,เราได้ติดประกาศไปแล้ว
เ+เ → แ,strings,1068995,ทุกคนจะต้องได้เห็นการเปลี่ยนเเปลง หลังจากการตายของเจ้า!,ทุกคนจะต้องได้เห็นการเปลี่ยนแปลง หลังจากการตายของเจ้า!
เ+เ → แ,strings,1069013,เมื่อไม่กี่วันก่อน ข้าส่งคนออกไปตรวจป่าไม้ใกล้ทะเลสาบ เเต่ไม่ใครกลับมาเลยสักคน,เมื่อไม่กี่วันก่อน ข้าส่งคนออกไปตรวจป่าไม้ใกล้ทะเลสาบ แต่ไม่ใครกลับมาเลยสักคน
เ+เ → แ,strings,1069242,เงียบซะ Birna! เเละเจ้าด้วย Cerys เจ้าต้องการที่จะพิสูจน์ข้อกล่าวหาของเจ้าหรือไม่,เงียบซะ Birna! และเจ้าด้วย Cerys เจ้าต้องการที่จะพิสูจน์ข้อกล่าวหาของเจ้าหรือไม่
เ+เ → แ,strings,1069248,ในฐานะเราทุกคนจะทำตาม King Bran เเละเข้าร่วมโต๊ะเฉลิมฉลองของเขาเเละร้องเพลงสรรเสริญเพื่อเขา,ในฐานะเราทุกคนจะทำตาม King Bran และเข้าร่วมโต๊ะเฉลิมฉลองของเขาและร้องเพลงสรรเสริญเพื่อเขา
เ+เ → แ,strings,1070077,โอ้ ข้าคงต้องใช้โชคอย่างมากเลยล่ะ Radovid เป็นคนที่ฉลาดและระมัดระวังตัวมาก แต่ยังไงเราก็จะหาทางผ่านพวกลูกน้องของมันไปได้อยู่เเล้ว,โอ้ ข้าคงต้องใช้โชคอย่างมากเลยล่ะ Radovid เป็นคนที่ฉลาดและระมัดระวังตัวมาก แต่ยังไงเราก็จะหาทางผ่านพวกลูกน้องของมันไปได้อยู่แล้ว
เ+เ → แ,strings,1070140,ยังให้สะโพกเเกะไม่ได้หรอก หยิบพลั่วเเละทำงานให้เสร็จก่อน,ยังให้สะโพกแกะไม่ได้หรอก หยิบพลั่วและทำงานให้เสร็จก่อน
เ+เ → แ,strings,1070272,โชคดีที่ข้าได้มาทันเวลา ขาข้าพวกเขาเเค่ไม่ได้ทำในสิ่งที่พวกเขาเคยเป็น,โชคดีที่ข้าได้มาทันเวลา ขาข้าพวกเขาแค่ไม่ได้ทำในสิ่งที่พวกเขาเคยเป็น
เ+เ → แ,strings,1070422,ตอนที่ข้ายังเป็นเด็ก ครอบครัวข้าเคยพาข้าไปยัง Skellige ครั้งนึงด้วยเเหละ,ตอนที่ข้ายังเป็นเด็ก ครอบครัวข้าเคยพาข้าไปยัง Skellige ครั้งนึงด้วยแหละ
เ+เ → แ,strings,1071315,ขอประทานโทษ ไม่ทราบว่าท่านเป็น วิทเชอร์ มั้ย? ท่านคือ Geralt เเห่ง Rivia ใช่มั้ย?,ขอประทานโทษ ไม่ทราบว่าท่านเป็น วิทเชอร์ มั้ย? ท่านคือ Geralt แห่ง Rivia ใช่มั้ย?
เ+เ → แ,strings,1071811,ความรุนเเรงเวทมนตร์,ความรุนแรงเวทมนตร์
เ+เ → แ,strings,1072906,ไอ้หมาบ้าเอ๊ย เขาต้องซ่อนอยู่ที่ไหนสักแห่งเเน่!,ไอ้หมาบ้าเอ๊ย เขาต้องซ่อนอยู่ที่ไหนสักแห่งแน่!
เ+เ → แ,strings,1074961,นางเป็นพรรคพวกของเรา Geralt ไม่มีทางที่เราจะปล่อยให้พวกมันพานางไปเเน่นอน,นางเป็นพรรคพวกของเรา Geralt ไม่มีทางที่เราจะปล่อยให้พวกมันพานางไปแน่นอน
เ+เ → แ,strings,1075540,อย่างที่ข้าพูดไว้นั่นเเหละ อาการของนางกำลังดีขึ้นเรื่อยๆ ในไม่ช้านางจะกลับมาแสดงได้อีกครั้ง ต้องขอบคุณพระเจ้าจริงๆ,อย่างที่ข้าพูดไว้นั่นแหละ อาการของนางกำลังดีขึ้นเรื่อยๆ ในไม่ช้านางจะกลับมาแสดงได้อีกครั้ง ต้องขอบคุณพระเจ้าจริงๆ
เ+เ → แ,strings,1075817,จัดการเจ้าก่อนเลย เเล้วจากนั้นก็เป็นพวกนังผู้หญิงสำส่อนของ the lodge,จัดการเจ้าก่อนเลย แล้วจากนั้นก็เป็นพวกนังผู้หญิงสำส่อนของ the lodge
เ+เ → แ,strings,1075998,เจอกลุ่มทหารของเจ้าเเล้วล่ะ หมายถึง เป็นศพอ่ะนะ,เจอกลุ่มทหารของเจ้าแล้วล่ะ หมายถึง เป็นศพอ่ะนะ
เ+เ → แ,strings,1076035,ข้าเองเเหละ ที่ช่วยนางอพยพเหล่าแม่มดออกจากNovigrad,ข้าเองแหละ ที่ช่วยนางอพยพเหล่าแม่มดออกจากNovigrad
เ+เ → แ,strings,1076669,เเท็บสิ่งของ,แท็บสิ่งของ
เ+เ → แ,strings,1076681,ความรุนเเรงเวทมนตร์,ความรุนแรงเวทมนตร์
เ+เ → แ,strings,1077527,ข้าทำการหยุดเลือดแล้ว ข้าต้องคิดดีๆ <br><br>ข้าสามารถขอความช่วยเหลือได้ หมู่บ้านอยู่ไม่ไกลนัก ข้าได้ยินเสียงสุนัขเห่า แต่ชาวบ้านจะเห็นชุดของข้า พวกเขาจะถามว่าข้ามาทำอะไรในบึงแห่งนี้ พวกเขาจะรู้ และเอาทุกอย่างไป แล้วฆ่าข้า อย่างไรก็ตามนี่คือ Velen<br><br>ข้าสูญเสียเลือดไปมาก หากบาดแผลยังคงสะอาดอยู่จนถึงค่ำคืน ข้าคงจะผ่านไปได้ ข้าจะไปตอนกลางวัน พวก Drowners คงไม่โจมตีข้า ข้าฝังสมบัติและมุ่งหน้าไป Novigrad น่าจะหาคนที่สามารถดูแลแผลข้าได้ คนที่จะไม่ถามคำถาม และไม่สนใจทหารที่หนีทัพ<br><br>ข้าภาวนาว่าจะไม่มีผู้ใดเห็นร่องรอยที่ทิ้งไว้ จะไม่มีผู้ใดตามรอยเลือดและเจอสมบัติ เเละไม่มีใครผ่านมาตรงนี้ ข้าหวังว่าทุกอย่างจะเป็นไปด้วยดี,ข้าทำการหยุดเลือดแล้ว ข้าต้องคิดดีๆ <br><br>ข้าสามารถขอความช่วยเหลือได้ หมู่บ้านอยู่ไม่ไกลนัก ข้าได้ยินเสียงสุนัขเห่า แต่ชาวบ้านจะเห็นชุดของข้า พวกเขาจะถามว่าข้ามาทำอะไรในบึงแห่งนี้ พวกเขาจะรู้ และเอาทุกอย่างไป แล้วฆ่าข้า อย่างไรก็ตามนี่คือ Velen<br><br>ข้าสูญเสียเลือดไปมาก หากบาดแผลยังคงสะอาดอยู่จนถึงค่ำคืน ข้าคงจะผ่านไปได้ ข้าจะไปตอนกลางวัน พวก Drowners คงไม่โจมตีข้า ข้าฝังสมบัติและมุ่งหน้าไป Novigrad น่าจะหาคนที่สามารถดูแลแผลข้าได้ คนที่จะไม่ถามคำถาม และไม่สนใจทหารที่หนีทัพ<br><br>ข้าภาวนาว่าจะไม่มีผู้ใดเห็นร่องรอยที่ทิ้งไว้ จะไม่มีผู้ใดตามรอยเลือดและเจอสมบัติ และไม่มีใครผ่านมาตรงนี้ ข้าหวังว่าทุกอย่างจะเป็นไปด้วยดี
เ+เ → แ,strings,1077820,มีเพียงข้าทีสามารถหยุดการทำลายนี้ ข้าคิดถึงสิ่งทีข้าตัดสินใจทำลงไปเเล้ว,มีเพียงข้าทีสามารถหยุดการทำลายนี้ ข้าคิดถึงสิ่งทีข้าตัดสินใจทำลงไปแล้ว
เ+เ → แ,strings,1078768,เเข่งม้า,แข่งม้า
เ+เ → แ,strings,1078769,ที่นี่เจ้าสามารถเข้าร่วมเเข่งม้าได้,ที่นี่เจ้าสามารถเข้าร่วมแข่งม้าได้
เ+เ → แ,strings,1078770,เเข่งเรือ,แข่งเรือ
เ+เ → แ,strings,1081061,Bjarta ลูกสาวของ Asjbjorn. กำลังซ่อนตัวอยู่ในบ้านของนางที่ถูกลอยแพโดยพวกชาว Nilfgaard . พวกเกราะดำถูกฆ่าตายในที่เกิดเหตุและถูกโยนลงไปในทะเลและ Bjarta จะจ่ายค่าปรับเป็นเงิน<br><br>จงจำไว้ว่าใครก็ตามที่ช่วยเหลือศัตรูของเกาะเเห่งนี้จะต้องได้รับความโกรธเกรี้ยวของพระเจ้าอย่างเเน่นอน,Bjarta ลูกสาวของ Asjbjorn. กำลังซ่อนตัวอยู่ในบ้านของนางที่ถูกลอยแพโดยพวกชาว Nilfgaard . พวกเกราะดำถูกฆ่าตายในที่เกิดเหตุและถูกโยนลงไปในทะเลและ Bjarta จะจ่ายค่าปรับเป็นเงิน<br><br>จงจำไว้ว่าใครก็ตามที่ช่วยเหลือศัตรูของเกาะแห่งนี้จะต้องได้รับความโกรธเกรี้ยวของพระเจ้าอย่างแน่นอน
เ+เ → แ,strings,1081093,Diviner Hjort อ่านคำเตือนในดวงดาว ยุคมืดกำลังจะมาเยือนเเล้ว บุตรชายและบุตรสาวเเห่งตระกูล Brokvar ทุกคนควรถวายเครื่องบูชาแก่เทพธิดา Freya และขอความช่วยเหลือจากนาง ใครก็ตามที่ไม่ปฏิบัติหน้าที่นี้จะถูกเฆี่ยนตามคำสั่งของ jarl Udalryk,Diviner Hjort อ่านคำเตือนในดวงดาว ยุคมืดกำลังจะมาเยือนแล้ว บุตรชายและบุตรสาวแห่งตระกูล Brokvar ทุกคนควรถวายเครื่องบูชาแก่เทพธิดา Freya และขอความช่วยเหลือจากนาง ใครก็ตามที่ไม่ปฏิบัติหน้าที่นี้จะถูกเฆี่ยนตามคำสั่งของ jarl Udalryk
เ+เ → แ,strings,1082369,ที่สี่เเยก,ที่สี่แยก
เ+เ → แ,strings,1082395,เรื่องราวของ Geralt เเห่ง Rivia ได้สิ้นสุดลงแล้ว คุณสามารถเดินทางต่อไปทั่วโลกเพื่อค้นหาสัญญาและการผจญภัยของนักรบ - แต่ทุกสิ่งทุกอย่างจะเหมือนก่อนบทสุดท้ายของเกมและภารกิจที่เชื่อมโยงกับเรื่องหลักจะไม่สามารถใช้งานได้อีกต่อไป,เรื่องราวของ Geralt แห่ง Rivia ได้สิ้นสุดลงแล้ว คุณสามารถเดินทางต่อไปทั่วโลกเพื่อค้นหาสัญญาและการผจญภัยของนักรบ - แต่ทุกสิ่งทุกอย่างจะเหมือนก่อนบทสุดท้ายของเกมและภารกิจที่เชื่อมโยงกับเรื่องหลักจะไม่สามารถใช้งานได้อีกต่อไป
เ+เ → แ,strings,1083843,สูตรอาหารไก่เเซ่บเเละสตูว์ฟักทอง,สูตรอาหารไก่แซ่บและสตูว์ฟักทอง
เ+เ → แ,strings,1085131,ให้เเสงไฟ,ให้แสงไฟ
เ+เ → แ,strings,1085674,มีเพียงแค่ 3 ใน 10 ของเด็กที่เข้าทดสอบ Trial of the Grasses เเละกลายเป็นวิทเชอร์ ส่วนที่เหลือจะต้องตายอย่างทุกข์ทรมาน,มีเพียงแค่ 3 ใน 10 ของเด็กที่เข้าทดสอบ Trial of the Grasses และกลายเป็นวิทเชอร์ ส่วนที่เหลือจะต้องตายอย่างทุกข์ทรมาน
เ+เ → แ,strings,1085698,คุณมีเวลา จำกัด ในการเลือกตัวเลือกการสนทนา เลือกอย่างรวดเร็วมิฉะนั้นโอกาสอื่นๆ จะตัดสินใจสำหรับคุณเเทน,คุณมีเวลา จำกัด ในการเลือกตัวเลือกการสนทนา เลือกอย่างรวดเร็วมิฉะนั้นโอกาสอื่นๆ จะตัดสินใจสำหรับคุณแทน
เ+เ → แ,strings,1085710,เมื่อคุณดึงพลังจากสถานที่เเห่งพลังอำนาจ คุณจะได้รับ Ability Point มากขึ้น สถานที่เเห่งพลังอำนาจสามารถพบได้ทั่วทุกมุมโลก,เมื่อคุณดึงพลังจากสถานที่แห่งพลังอำนาจ คุณจะได้รับ Ability Point มากขึ้น สถานที่แห่งพลังอำนาจสามารถพบได้ทั่วทุกมุมโลก
เ+เ → แ,strings,1086197,ชีวิตบนทวีปและในเกาะ Skellige เป็นที่น่ารังเกียจเเละโหดร้าย สงครามทำให้เสียดินและคนเหล่านั้นก็อาศัยอยู่ในความหวาดกลัวของเหล่าสัตว์ประหลาดที่นับไม่ถ้วนที่ซุ่มซ่อนอยู่นอกเมืองและหมู่บ้านทุกแห่ง<br><br> สัตว์ประหลาดมีแถบสีเงินอยู่ด้านบนศีรษะแสดงให้เห็นว่าคุณควรต่อสู้กับพวกมันด้วย ดาบเงินของคุณ,ชีวิตบนทวีปและในเกาะ Skellige เป็นที่น่ารังเกียจและโหดร้าย สงครามทำให้เสียดินและคนเหล่านั้นก็อาศัยอยู่ในความหวาดกลัวของเหล่าสัตว์ประหลาดที่นับไม่ถ้วนที่ซุ่มซ่อนอยู่นอกเมืองและหมู่บ้านทุกแห่ง<br><br> สัตว์ประหลาดมีแถบสีเงินอยู่ด้านบนศีรษะแสดงให้เห็นว่าคุณควรต่อสู้กับพวกมันด้วย ดาบเงินของคุณ
เ+เ → แ,strings,1086953,ช่วย Hjalmar กับการเดินทางของเขาที่จะฆ่ายักษ์เเห่ง Undvik,ช่วย Hjalmar กับการเดินทางของเขาที่จะฆ่ายักษ์แห่ง Undvik
เ+เ → แ,strings,1087755,คุณสามารถเปลี่ยน signs ได้ในขณะที่ปัดป้องโดยใช้ปุ่มสำหรับใส่ฝักและการกวัดเเกว่งดาบของคุณ,คุณสามารถเปลี่ยน signs ได้ในขณะที่ปัดป้องโดยใช้ปุ่มสำหรับใส่ฝักและการกวัดแกว่งดาบของคุณ
เ+เ → แ,strings,1088546,ต้องเป็นเพื่อนของไอ้หมอนั่นที่มาจาก Faroe เเน่ๆ ฮึ่ม เเปลกเเฮะ เหมือนเขาจะตายเพราะวัยชรามากกว่า ไม่ได้ตายเพราะ Nekker ฉีกเขาเป็นชิ้นๆ,ต้องเป็นเพื่อนของไอ้หมอนั่นที่มาจาก Faroe แน่ๆ ฮึ่ม แปลกแฮะ เหมือนเขาจะตายเพราะวัยชรามากกว่า ไม่ได้ตายเพราะ Nekker ฉีกเขาเป็นชิ้นๆ
เ+เ → แ,strings,1090226,วิทเชอร์จะช่วยเราใช่ไหม ท่านคงไม่ปล่อยให้เราเศร้าโศกเเบบนี้หรอกนะ,วิทเชอร์จะช่วยเราใช่ไหม ท่านคงไม่ปล่อยให้เราเศร้าโศกแบบนี้หรอกนะ
เ+เ → แ,strings,1090235,ไอ้พวกชาว Faroe - โง่เเละหัวเเข็งเป็นตอจริงๆ เลย,ไอ้พวกชาว Faroe - โง่และหัวแข็งเป็นตอจริงๆ เลย
เ+เ → แ,strings,1090253,อ๊ะ ไม่สำคัญหรอก พวกนั้นก็ไม่น่าเชื่อถือเหมือนกันน่ะเเหละ,อ๊ะ ไม่สำคัญหรอก พวกนั้นก็ไม่น่าเชื่อถือเหมือนกันน่ะแหละ
เ+เ → แ,strings,1090271,เอ่อ อา ท่านพูดถูกเเล้ว ตอนเเรกข้าล่องเรือจาก Faroe จนมาถึง Savorlag เพื่อค้าขายบางอย่างที่เก็บมาได้จากเเผ่นดินใหญ่นะเเ้วก็หนังสัตว์จากที่นั่นด้วย หลังจากนั้นข้าก็มาถึงที่นี่,เอ่อ อา ท่านพูดถูกแล้ว ตอนแรกข้าล่องเรือจาก Faroe จนมาถึง Savorlag เพื่อค้าขายบางอย่างที่เก็บมาได้จากแผ่นดินใหญ่นะแ้วก็หนังสัตว์จากที่นั่นด้วย หลังจากนั้นข้าก็มาถึงที่นี่
เ+เ → แ,strings,1090276,ข้าเเละเพื่อนของข้ากำลังขนเกวียนที่เต็มไปด้วยหนังสัตว์ เดินทางไปที่ Fyresdal,ข้าและเพื่อนของข้ากำลังขนเกวียนที่เต็มไปด้วยหนังสัตว์ เดินทางไปที่ Fyresdal
เ+เ → แ,strings,1090278,ทันใดนั้นเราก็ได้ยินเสียงกรีดร้อง ม้าของเรากลัวเเละตกใจ - เเล้วจากนั้นพวกสัตว์ประหลาดก็กระโจนออกมาจากพุ่มไม้!,ทันใดนั้นเราก็ได้ยินเสียงกรีดร้อง ม้าของเรากลัวและตกใจ - แล้วจากนั้นพวกสัตว์ประหลาดก็กระโจนออกมาจากพุ่มไม้!
เ+เ → แ,strings,1090288,เจ้าก็รู้นี่ กรงเล็บเเหลมคม มีกะโหลกของสัตว์อยู่บนหัวของพวกมัน เเละเข้าจู่โจมเป็นฝูง,เจ้าก็รู้นี่ กรงเล็บแหลมคม มีกะโหลกของสัตว์อยู่บนหัวของพวกมัน และเข้าจู่โจมเป็นฝูง
เ+เ → แ,strings,1090318,สวย! รู้อยู่เเล้วว่าวิทเชอร์จะไม่ทำให้ข้าผิดหวัง ข้าไม่ค่อยชอบคำพูดทิ่มเเทงของพวกเผ่า Drumdond เท่าไรเลย…,สวย! รู้อยู่แล้วว่าวิทเชอร์จะไม่ทำให้ข้าผิดหวัง ข้าไม่ค่อยชอบคำพูดทิ่มแทงของพวกเผ่า Drumdond เท่าไรเลย…
เ+เ → แ,strings,1090442,แต่มันมีรอยเเผลบาดทะยักและกระดูกสันหลังที่โค้งงอ... เหมือนว่ามันน่าจะตายเพราะโรคบาดทะยักนะ,แต่มันมีรอยแผลบาดทะยักและกระดูกสันหลังที่โค้งงอ... เหมือนว่ามันน่าจะตายเพราะโรคบาดทะยักนะ
เ+เ → แ,strings,1090456,เรื่องมันชักจะเข็มข้นเเล้ว,เรื่องมันชักจะเข็มข้นแล้ว
เ+เ → แ,strings,1091373,เกือบทั้งหมดของ ระเบิดเเละน้ำมันสามารถอัพเกรดได้,เกือบทั้งหมดของ ระเบิดและน้ำมันสามารถอัพเกรดได้
เ+เ → แ,strings,1091378,หินลับมีดเเละชุดเกราะ ช่วยให้คุณซ่อมแซมสิ่งของของคุณโดยไม่ต้องไปที่ช่างฝีมือ,หินลับมีดและชุดเกราะ ช่วยให้คุณซ่อมแซมสิ่งของของคุณโดยไม่ต้องไปที่ช่างฝีมือ
เ+เ → แ,strings,1091386,คบเพลิงสามารถช่วยคุณจากความมืดของสถานที่มืดมนบนโลก Potion Cat นั้นก็มีมีประโยชน์ในเรื่องนี้เช่นกัน - มันช่วยให้คุณมองเห็นเเม้ในที่มืดสนิท,คบเพลิงสามารถช่วยคุณจากความมืดของสถานที่มืดมนบนโลก Potion Cat นั้นก็มีมีประโยชน์ในเรื่องนี้เช่นกัน - มันช่วยให้คุณมองเห็นแม้ในที่มืดสนิท
เ+เ → แ,strings,1091391,องค์ประกอบส่วนใหญ่ของ Witcher Gear มีสามระดับให้อัพเกรด เเต่ละการอัพเกรดจะมีการเปลี่ยนเเปลงภาพลักษณ์เเละคุณสมบัติพิเศษของอุปกรณ์,องค์ประกอบส่วนใหญ่ของ Witcher Gear มีสามระดับให้อัพเกรด แต่ละการอัพเกรดจะมีการเปลี่ยนแปลงภาพลักษณ์และคุณสมบัติพิเศษของอุปกรณ์
เ+เ → แ,strings,1091505,จากนั้นไม่มีอะไรเเล้ว เจ้าไม่ต้องไปใส่ใจหรอก นี่เป็นงานสำหรับวิทเชอร์ต่างหาก,จากนั้นไม่มีอะไรแล้ว เจ้าไม่ต้องไปใส่ใจหรอก นี่เป็นงานสำหรับวิทเชอร์ต่างหาก
เ+เ → แ,strings,1091801,ท่านกลับมาแล้ว! ข้าคิดว่า… คิดว่าท่านจะไม่กลับมาซะเเล้ว! คิดว่าท่านโดนทำร้ายไปด้วย!,ท่านกลับมาแล้ว! ข้าคิดว่า… คิดว่าท่านจะไม่กลับมาซะแล้ว! คิดว่าท่านโดนทำร้ายไปด้วย!
เ+เ → แ,strings,1092704,เราฆ่าเเค่สัตว์ประหลาดที่เป็นอันตรายเท่านั้น ไม่ได้ฆ่าตัวที่ใช้ชีวิตอยู่อย่างสันติ,เราฆ่าแค่สัตว์ประหลาดที่เป็นอันตรายเท่านั้น ไม่ได้ฆ่าตัวที่ใช้ชีวิตอยู่อย่างสันติ
เ+เ → แ,strings,1092722,ก็เเค่วิทเชอร์ วิทเชอร์ใจบุญ วิทเชอร์ที่โกหก มันเสเเสร้งทั้งหมด! มนุษย์ทุกคนโกหก!,ก็แค่วิทเชอร์ วิทเชอร์ใจบุญ วิทเชอร์ที่โกหก มันเสแสร้งทั้งหมด! มนุษย์ทุกคนโกหก!
เ+เ → แ,strings,1092724,หยุดได้เเล้ว! นี่ไม่ใช่หนทางที่เจ้าจะนำ Addalia กลับคืนมาได้หรอกนะ,หยุดได้แล้ว! นี่ไม่ใช่หนทางที่เจ้าจะนำ Addalia กลับคืนมาได้หรอกนะ
เ+เ → แ,strings,1093120,ตามร่องรอยบนเเผนที่เพื่อหาอุปกรณ์ของ วิทเชอร์,ตามร่องรอยบนแผนที่เพื่อหาอุปกรณ์ของ วิทเชอร์
เ+เ → แ,strings,1093846,มันเป็นความอัปยศที่เหมาะสมเเล้ว เขาแตกต่างออกไป ไม่น่าปล่อยให้เขาพูดกับเราเเบบนี้เลย,มันเป็นความอัปยศที่เหมาะสมแล้ว เขาแตกต่างออกไป ไม่น่าปล่อยให้เขาพูดกับเราแบบนี้เลย
เ+เ → แ,strings,1094310,Geralt เเห่ง Rivia เป็นวิทเชอร์,Geralt แห่ง Rivia เป็นวิทเชอร์
เ+เ → แ,strings,1094601,เดาว่าใช่นะ เจ้า! ลงมาได้เเล้ว!,เดาว่าใช่นะ เจ้า! ลงมาได้แล้ว!
เ+เ → แ,strings,1098024,เป็นการปิดท้ายโชว์ของเราด้วยการแสดงอันบ้าบิ่นของ Geralt เเห่ง Rivia! เราขอขอบคุณท่านผู้ชมทุกท่าน และหวังว่าจะได้เจอพวกท่านอีก,เป็นการปิดท้ายโชว์ของเราด้วยการแสดงอันบ้าบิ่นของ Geralt แห่ง Rivia! เราขอขอบคุณท่านผู้ชมทุกท่าน และหวังว่าจะได้เจอพวกท่านอีก
เ+เ → แ,strings,1098540,เอาล่ะ ท่านทั้งหลาย ตอนนี้เป็นเวลาไฮไลท์ของงาน! ผู้ที่ยืนต่อหน้าพวกท่านคือ Geralt เเห่ง Rivia!<br>ผู้ชนะในการแข่งขันยิงหน้าไม้ที่ Angren Dol Blathana และ Lobinden!,เอาล่ะ ท่านทั้งหลาย ตอนนี้เป็นเวลาไฮไลท์ของงาน! ผู้ที่ยืนต่อหน้าพวกท่านคือ Geralt แห่ง Rivia!<br>ผู้ชนะในการแข่งขันยิงหน้าไม้ที่ Angren Dol Blathana และ Lobinden!
เ+เ → แ,strings,1100764,ฆ่าอสูรกายในท่อน้ำเเล้ว,ฆ่าอสูรกายในท่อน้ำแล้ว
เ+เ → แ,strings,1101010,บางที อาจจะเป็นบางสิ่งที่เเตกต่างออกไป,บางที อาจจะเป็นบางสิ่งที่แตกต่างออกไป
เ+เ → แ,strings,1101309,แล้ว Geralt เเห่ง Rivia ที่เจ้าโกงเขาล่ะ,แล้ว Geralt แห่ง Rivia ที่เจ้าโกงเขาล่ะ
เ+เ → แ,strings,1104533,ได้เเน่นอน,ได้แน่นอน
เ+เ → แ,strings,1106107,เเผนที่,แผนที่
เ+เ → แ,strings,1107773,เป็นอีกเรื่องเศร้า มาที่นี่เพื่อถอนคำสาปเจ้าชาย แต่กลับได้รับความตายซะเเทน,เป็นอีกเรื่องเศร้า มาที่นี่เพื่อถอนคำสาปเจ้าชาย แต่กลับได้รับความตายซะแทน
เ+เ → แ,strings,1107976,น้ำเย็นเป็นน้ำแข็งเลย เหมือนน้ำที่อยู่บนภูเขาเลยเเฮะ,น้ำเย็นเป็นน้ำแข็งเลย เหมือนน้ำที่อยู่บนภูเขาเลยแฮะ
เ+เ → แ,strings,1109890,ตอนนี้ก็แค่ตัดหัวมันออก และไปรับค่าตอบแทนของข้ากันได้เเล้ว,ตอนนี้ก็แค่ตัดหัวมันออก และไปรับค่าตอบแทนของข้ากันได้แล้ว
เ+เ → แ,strings,1111666,เจ้าไม่ควรกังวลเกี่ยวกับ Olgierd หรอก เขาไม่ใช่คนที่เจ้ารักอีกต่อไปเเล้ว,เจ้าไม่ควรกังวลเกี่ยวกับ Olgierd หรอก เขาไม่ใช่คนที่เจ้ารักอีกต่อไปแล้ว
เ+เ → แ,strings,1111668,งั้น ปานนี้เเล้วหัวใจของ Olgierd ก็ยังคงแข็งเเกร่งเช่นเคย,งั้น ปานนี้แล้วหัวใจของ Olgierd ก็ยังคงแข็งแกร่งเช่นเคย
เ+เ → แ,strings,1112651,ไม่มีอะไรดีกว่าการว่ายน้ำอีกเเล้ว,ไม่มีอะไรดีกว่าการว่ายน้ำอีกแล้ว
เ+เ → แ,strings,1112653,ตอนนี้เราต้องทำบางสิ่งบางอย่างอีกเเล้ว บางสิ่งบางอย่างๆ คึกคะนอง,ตอนนี้เราต้องทำบางสิ่งบางอย่างอีกแล้ว บางสิ่งบางอย่างๆ คึกคะนอง
เ+เ → แ,strings,1113560,สกิลการเต้นของข้านี้เเค่เซิฟๆ นะ,สกิลการเต้นของข้านี้แค่เซิฟๆ นะ
เ+เ → แ,strings,1119231,อย่าทำให้ต้องขอร้อง  เราแต่งงานเเล้ว,อย่าทำให้ต้องขอร้อง  เราแต่งงานแล้ว
เ+เ → แ,strings,1119321,และรอบนี้ข้าตั้งใจที่จะเป็นผู้กำกับมากกว่า Vlodimir เเล้วตอนนี้,และรอบนี้ข้าตั้งใจที่จะเป็นผู้กำกับมากกว่า Vlodimir แล้วตอนนี้
เ+เ → แ,strings,1121461,อ๊าาากกก! ว๊าาาากกก! โว้ยยยยย! เวี๊ยยยยยย! แล้วก็ ควั๊บบบ ตุ๊บ! อย่างกับแม่หมีเอาหัวโหม่งตู้เก็บของเเหนะ,อ๊าาากกก! ว๊าาาากกก! โว้ยยยยย! เวี๊ยยยยยย! แล้วก็ ควั๊บบบ ตุ๊บ! อย่างกับแม่หมีเอาหัวโหม่งตู้เก็บของแหนะ
เ+เ → แ,strings,1122898,ได้สิ แต่นั่นคือยอดทั้งหมด - ไม่มีผลกำไรหรือค่าตอบเเทนพิเศษ เข้าใจใช่มั้ย,ได้สิ แต่นั่นคือยอดทั้งหมด - ไม่มีผลกำไรหรือค่าตอบแทนพิเศษ เข้าใจใช่มั้ย
เ+เ → แ,strings,1123071,ข้าขอประกาศดังต่อไปนี้:<br><br>ไร่องุ่นที่รู้จักกันในชื่อ Tufo ซึ่งนับเป็นหนึ่งในทรัพย์สินของข้าและมีชื่อเสียงไปทั่วโลกสำหรับการผลิตแตงโมที่ยอดเยี่ยม <i>Melon Blanc</i> มันถูกรุกรานโดยสัตว์ร้ายบางอย่าง อัศวินผู้ใดก็ตามที่ติดตามสัตว์ร้ายและสังหารมันจะไม่เพียงแต่พิสูจน์เกียรติยศของเขาเท่านั้น แต่ยังได้รับรางวัลเล็กน้อยอีกด้วย ดังนั้นได้ยินเสียงเรียกของข้าเเล้วนิชายผู้กล้าหาญและความกล้าหาญของ Toussaint จากนั้นให้รีบไปที่ Tufo เพื่อสนทนากับผู้ลงนามข้างล่างเกี่ยวกับสัญญา<br><br>- M. de Bourbeau,ข้าขอประกาศดังต่อไปนี้:<br><br>ไร่องุ่นที่รู้จักกันในชื่อ Tufo ซึ่งนับเป็นหนึ่งในทรัพย์สินของข้าและมีชื่อเสียงไปทั่วโลกสำหรับการผลิตแตงโมที่ยอดเยี่ยม <i>Melon Blanc</i> มันถูกรุกรานโดยสัตว์ร้ายบางอย่าง อัศวินผู้ใดก็ตามที่ติดตามสัตว์ร้ายและสังหารมันจะไม่เพียงแต่พิสูจน์เกียรติยศของเขาเท่านั้น แต่ยังได้รับรางวัลเล็กน้อยอีกด้วย ดังนั้นได้ยินเสียงเรียกของข้าแล้วนิชายผู้กล้าหาญและความกล้าหาญของ Toussaint จากนั้นให้รีบไปที่ Tufo เพื่อสนทนากับผู้ลงนามข้างล่างเกี่ยวกับสัญญา<br><br>- M. de Bourbeau
เ+เ → แ,strings,1125519,Naezan Salts ใช้ทำผ้าประคบบาดเเผลได้,Naezan Salts ใช้ทำผ้าประคบบาดแผลได้
เ+เ → แ,strings,1125532,แผลเป็นที่หน้าผากเขา ต้องเป็น Kluivert เเน่ๆ,แผลเป็นที่หน้าผากเขา ต้องเป็น Kluivert แน่ๆ
เ+เ → แ,strings,1125680,พ่อครัวนั้นเหมือนเป็นสมบัติที่ควรเก็บรักษาไว้ ใช่เขาคือชายที่ไม่เคยมีGriffinเข้ามาใกล้วัสดุกากๆ เขาเลยเขาเเค่เพิ่มคุณค่าทางอาหารของพวกเราไห้อร่อยก็เเค่นั้นเอง,พ่อครัวนั้นเหมือนเป็นสมบัติที่ควรเก็บรักษาไว้ ใช่เขาคือชายที่ไม่เคยมีGriffinเข้ามาใกล้วัสดุกากๆ เขาเลยเขาแค่เพิ่มคุณค่าทางอาหารของพวกเราไห้อร่อยก็แค่นั้นเอง
เ+เ → แ,strings,1126739,ไม่ใช่เเนวของข้าเลย ข้าชอบผู้หญิงของข้ามากกว่าเพราะข้าชอบลูกพีช - เลือนสวยและสุกดี,ไม่ใช่แนวของข้าเลย ข้าชอบผู้หญิงของข้ามากกว่าเพราะข้าชอบลูกพีช - เลือนสวยและสุกดี
เ+เ → แ,strings,1127327,เเน่นอนว่าเจ้าต้องรู้จัก Gwent,แน่นอนว่าเจ้าต้องรู้จัก Gwent
เ+เ → แ,strings,1128601,[เลือกต่ำเเหน่งวางแอปเปิ้ล],[เลือกต่ำแหน่งวางแอปเปิ้ล]
เ+เ → แ,strings,1128602,[เลือกต่ำเเหน่งวางองุ่น],[เลือกต่ำแหน่งวางองุ่น]
เ+เ → แ,strings,1128761,[คำอธิบายประกอบ: รายการที่ได้มาพร้อมกับทรัพย์สินที่เหลือของ von E. ใช้สำหรับการประมูล ราคาเริ่มต้น: หนึ่งเหรียญ ไม่มีการเสนอราคา]<br><br>ที่รัก<br><br>อย่าเพิ่งยอมแพ้ ยังเหลือเวลาอีก 1 สัปดาห์ที่เจ้าจะแต่งงานกับ Ofieri ข้ากำลังนึกอะไรบางอย่างอยู่ บางทีข้าอาจจะหาเงินมาได้ บางทีน้ำตาของข้าอาจโน้มน้าวใจพ่อของเจ้าได้ บางทีเหล่าทวยเทพอาจจะได้ยินคำอธิษฐานของเรา – หรือถ้าไม่ได้ยิน บางทีปีศาจบางตนอาจจะได้ยินมัน หากไม่มีอะไรมาช่วยข้า ข้าจะบุกเข้าไปในวิหาร ผ่านหน้าต่างและโฉบลงมาอุ้มเจ้าหนีไปจากแท่นพิธี เราจะหนีไปที่ไหนสักแห่งไกลออกไปไกลถึงสุดขอบโลกที่ซึ่งไม่มีใครสามารถหาเราเจอ<br><br>ภาพของเจ้ามันเต็มไปด้วยความเศร้า ข้าก็รู้สึกอับจนเช่นกัน ข้าคิดถึงเจ้าตลอดเวลา ทั้งช่วงเวลาที่เราอยู่ในร้านเหล้าถึงเช้าพร้อมไวน์ 1 ขวด ตอนที่เจ้าวาดบ้านในฝันของเราจากขี้เลื่อยบนพื้น ช่วงเวลาที่เราก้าวลงไปในน้ำจากท่าเรือ แล้วเจ้าร้องเพลงทะลึ่งๆ ของเจ้าที่ทำให้ข้าขำแล้วขำอีก ข้าจูบเหรียญของเจ้า ถือภาพของเจ้า ก่อนที่จะนิทราไปพร้อมกับมันจนกระทั่งข้าตื่นขึ้น<br><br>ข้าขอสาบานกับสิ่งศักดิ์สิทธิ์: เราจะอยู่ด้วยกันตลอดไป เข้มเเข็งไว้<br><br>ข้ารักเจ้าเหลือเกิน!<br>- O ของเจ้า,[คำอธิบายประกอบ: รายการที่ได้มาพร้อมกับทรัพย์สินที่เหลือของ von E. ใช้สำหรับการประมูล ราคาเริ่มต้น: หนึ่งเหรียญ ไม่มีการเสนอราคา]<br><br>ที่รัก<br><br>อย่าเพิ่งยอมแพ้ ยังเหลือเวลาอีก 1 สัปดาห์ที่เจ้าจะแต่งงานกับ Ofieri ข้ากำลังนึกอะไรบางอย่างอยู่ บางทีข้าอาจจะหาเงินมาได้ บางทีน้ำตาของข้าอาจโน้มน้าวใจพ่อของเจ้าได้ บางทีเหล่าทวยเทพอาจจะได้ยินคำอธิษฐานของเรา – หรือถ้าไม่ได้ยิน บางทีปีศาจบางตนอาจจะได้ยินมัน หากไม่มีอะไรมาช่วยข้า ข้าจะบุกเข้าไปในวิหาร ผ่านหน้าต่างและโฉบลงมาอุ้มเจ้าหนีไปจากแท่นพิธี เราจะหนีไปที่ไหนสักแห่งไกลออกไปไกลถึงสุดขอบโลกที่ซึ่งไม่มีใครสามารถหาเราเจอ<br><br>ภาพของเจ้ามันเต็มไปด้วยความเศร้า ข้าก็รู้สึกอับจนเช่นกัน ข้าคิดถึงเจ้าตลอดเวลา ทั้งช่วงเวลาที่เราอยู่ในร้านเหล้าถึงเช้าพร้อมไวน์ 1 ขวด ตอนที่เจ้าวาดบ้านในฝันของเราจากขี้เลื่อยบนพื้น ช่วงเวลาที่เราก้าวลงไปในน้ำจากท่าเรือ แล้วเจ้าร้องเพลงทะลึ่งๆ ของเจ้าที่ทำให้ข้าขำแล้วขำอีก ข้าจูบเหรียญของเจ้า ถือภาพของเจ้า ก่อนที่จะนิทราไปพร้อมกับมันจนกระทั่งข้าตื่นขึ้น<br><br>ข้าขอสาบานกับสิ่งศักดิ์สิทธิ์: เราจะอยู่ด้วยกันตลอดไป เข้มแข็งไว้<br><br>ข้ารักเจ้าเหลือเกิน!<br>- O ของเจ้า
เ+เ → แ,strings,1130651,เอาชนะอัศวินผู้พ่ายเเพ้ทั้งหมดเเละปล้นเเคมป์ของพวกเขา,เอาชนะอัศวินผู้พ่ายแพ้ทั้งหมดและปล้นแคมป์ของพวกเขา
เ+เ → แ,strings,1136754,เอาล่ะ ข้าจะลองสำรวจดู บางทีอาจจะเป็นเป็นประตูมิติที่ผิดพลาดน่ะ แต่ข้าเเค่สงสัยนะ,เอาล่ะ ข้าจะลองสำรวจดู บางทีอาจจะเป็นเป็นประตูมิติที่ผิดพลาดน่ะ แต่ข้าแค่สงสัยนะ
เ+เ → แ,strings,1137259,หากนั่นเป็นทัศนคติของเจ้า ยังไงข้าก็จะยืนเคียงข้าง Ewald ก็เเล้วกัน,หากนั่นเป็นทัศนคติของเจ้า ยังไงข้าก็จะยืนเคียงข้าง Ewald ก็แล้วกัน
เ+เ → แ,strings,1137271,Max Borsodi House - หากเจ้าคิดอยากมีมันจริงเจ้าควรจะเอามันไปจากข้าโดยการบังคับเเล้วละ,Max Borsodi House - หากเจ้าคิดอยากมีมันจริงเจ้าควรจะเอามันไปจากข้าโดยการบังคับแล้วละ
เ+เ → แ,strings,1137321,ข้ามันใจว่าข้าต้องการที่จะแก้ไข Resolve นี้เป็นพิเศษ นี้เป็นการเเก้เเค้นที่ดีที่สุดอย่าไรก็ตามม้วน Tolen นี้ จะทำไห้เจ้าต้องออกไปนอนที่ถนนจะได้รู้ว่าหนาวเป็นความยังไง,ข้ามันใจว่าข้าต้องการที่จะแก้ไข Resolve นี้เป็นพิเศษ นี้เป็นการแก้แค้นที่ดีที่สุดอย่าไรก็ตามม้วน Tolen นี้ จะทำไห้เจ้าต้องออกไปนอนที่ถนนจะได้รู้ว่าหนาวเป็นความยังไง
เ+เ → แ,strings,1143305,"ข้าได้ตีตอนจบที่สมบูรณ์แบบไว้เเล้ว - ""และทั้งหมดเพื่อเกียรติด้วยพระคุณของท่านหญิง""!","ข้าได้ตีตอนจบที่สมบูรณ์แบบไว้แล้ว - ""และทั้งหมดเพื่อเกียรติด้วยพระคุณของท่านหญิง""!"
เ+เ → แ,strings,1144421,ด้ามไม้เเละเเส้เฝ้าคอยการจลาจลเหล่านั้นอยู่! ท่านขุนนางของเราให้ความสำคัญกับความสงบสุขเเละการสงบเสงี่ยม!,ด้ามไม้และแส้เฝ้าคอยการจลาจลเหล่านั้นอยู่! ท่านขุนนางของเราให้ความสำคัญกับความสงบสุขและการสงบเสงี่ยม!
เ+เ → แ,strings,1144449,Geralt เเห่ง Rivia บังเอิญจังนะ,Geralt แห่ง Rivia บังเอิญจังนะ
เ+เ → แ,strings,1145743,ความกลัวมันน่าเบื่อมั้ย ไม่มีบทกวีให้ร้องเเล้วรึไง,ความกลัวมันน่าเบื่อมั้ย ไม่มีบทกวีให้ร้องแล้วรึไง
เ+เ → แ,strings,1145749,โถนี้ว่างเปล่า หมดเเล้วด้วย,โถนี้ว่างเปล่า หมดแล้วด้วย
เ+เ → แ,strings,1147974,ไม่ใช่ฝีมือของ Kikimore ที่ขุดเเน่ อุโมงค์นี่เป็นผลงานของสิ่งที่ใหญ่กว่ามาก บางสิ่งที่มีกรงเล็บที่หนักและกว้าง,ไม่ใช่ฝีมือของ Kikimore ที่ขุดแน่ อุโมงค์นี่เป็นผลงานของสิ่งที่ใหญ่กว่ามาก บางสิ่งที่มีกรงเล็บที่หนักและกว้าง
เ+เ → แ,strings,1147976,เสียงน้ำไหล มีกระเเสน้ำอยู่ใต้ดินงั้นเหรอ?,เสียงน้ำไหล มีกระแสน้ำอยู่ใต้ดินงั้นเหรอ?
เ+เ → แ,strings,1148058,ทรัพย์สินที่เจ้าครอบครองเเตกเป็นเสี่ยงเพราะว่าสิ่งที่อยู่ในอุโมงค์ใต้ดินนั่น ข้าจะจัดการสิ่งนั้นให้เเน่นอนในไม่ช้านี้ หากเจ้าไม่ต้องการให้อาคารของเจ้าพังลง,ทรัพย์สินที่เจ้าครอบครองแตกเป็นเสี่ยงเพราะว่าสิ่งที่อยู่ในอุโมงค์ใต้ดินนั่น ข้าจะจัดการสิ่งนั้นให้แน่นอนในไม่ช้านี้ หากเจ้าไม่ต้องการให้อาคารของเจ้าพังลง
เ+เ → แ,strings,1150032,[เจาะเเละเฉือนบนตัววัว],[เจาะและเฉือนบนตัววัว]
เ+เ → แ,strings,1150035,รอยกรงเล็บลึก ระยะห่างระหว่างกรงเล็บบงชี้ไปที่ Draconid Wyvern เป็นไปได้สูง เเต่บาดเเผลเหล่านี้ไม่ได้เป็นสาเหตุของการตาย,รอยกรงเล็บลึก ระยะห่างระหว่างกรงเล็บบงชี้ไปที่ Draconid Wyvern เป็นไปได้สูง แต่บาดแผลเหล่านี้ไม่ได้เป็นสาเหตุของการตาย
เ+เ → แ,strings,1150039,เครื่องในถูกควักออกมา เลือดไม่มากนัก งั้นคงเกิดขึ้นหลังจากมันตายเเล้ว หัวใจหยุดเต้นลงเเล้ว,เครื่องในถูกควักออกมา เลือดไม่มากนัก งั้นคงเกิดขึ้นหลังจากมันตายแล้ว หัวใจหยุดเต้นลงแล้ว
เ+เ → แ,strings,1150312,เหล้าองุ่นชั้นดีนี่ คงจะเป็นโอกาสพิเศษเเน่,เหล้าองุ่นชั้นดีนี่ คงจะเป็นโอกาสพิเศษแน่
เ+เ → แ,strings,1150786,อะไรนะ เเต่ นางทำได้ยังไง? นอกใจข้า ละทิ้งชีวิตขุนนางเเล้วก็มรดกเพื่อที่จะ ไปอยู่กับไอ้ชาวนาสวะชั้นต่ำนั้นเนี่ยนะ โอ้ นางจะต้องชดใช้กับสิ่งนี้!,อะไรนะ แต่ นางทำได้ยังไง? นอกใจข้า ละทิ้งชีวิตขุนนางแล้วก็มรดกเพื่อที่จะ ไปอยู่กับไอ้ชาวนาสวะชั้นต่ำนั้นเนี่ยนะ โอ้ นางจะต้องชดใช้กับสิ่งนี้!
เ+เ → แ,strings,1152165,ข้ามาเเล้ว มาทั้งความโด่งดังนี้เเหละ,ข้ามาแล้ว มาทั้งความโด่งดังนี้แหละ
เ+เ → แ,strings,1152172,อะแฮ่ม ใช่ มันเป็นนิสัยของเขาไปซะเเล้ว แต่ มีอะไรให้ข้าช่วยมั้ย,อะแฮ่ม ใช่ มันเป็นนิสัยของเขาไปซะแล้ว แต่ มีอะไรให้ข้าช่วยมั้ย
เ+เ → แ,strings,1152208,ท่านวิทเชอร์นี้ท่านพูดล้อเล่นใช่มั้ย! เเต่ความรักที่แท้จริงจะต้องการพิสูจน์ ผ่านการกระทำที่กล้าหาญที่ ทุ่มเทให้กับหัวใจ!,ท่านวิทเชอร์นี้ท่านพูดล้อเล่นใช่มั้ย! แต่ความรักที่แท้จริงจะต้องการพิสูจน์ ผ่านการกระทำที่กล้าหาญที่ ทุ่มเทให้กับหัวใจ!
เ+เ → แ,strings,1152215,แต่น่าเสียดาย…François หายไป 2 อาทิตย์เเล้ว ดังนั้นข้าต้องขอร้องให้ท่านไปดูว่าเกิดอะไรขึ้นกับเขา ท่านสามารถ ช่วยข้าได้มั้ย,แต่น่าเสียดาย…François หายไป 2 อาทิตย์แล้ว ดังนั้นข้าต้องขอร้องให้ท่านไปดูว่าเกิดอะไรขึ้นกับเขา ท่านสามารถ ช่วยข้าได้มั้ย
เ+เ → แ,strings,1152245,ใช่…มันอยู่ในถ้ำเเละมันหิวมาก ในเวลากลางคืนเมื่อทุกคนหลับไปมันจะเล็ดลอดเข้าไปในหมู่บ้าน จากนั้นก็จะเปิดประตูบ้าน เข้ามาด้านในแล้วขโมยเด็กจากเปลออกมากิน ก่อนที่ทุกคนจะได้มีเวลา ตะโกนขอความช่วยเหลือ,ใช่…มันอยู่ในถ้ำและมันหิวมาก ในเวลากลางคืนเมื่อทุกคนหลับไปมันจะเล็ดลอดเข้าไปในหมู่บ้าน จากนั้นก็จะเปิดประตูบ้าน เข้ามาด้านในแล้วขโมยเด็กจากเปลออกมากิน ก่อนที่ทุกคนจะได้มีเวลา ตะโกนขอความช่วยเหลือ
เ+เ → แ,strings,1152249,François บอกว่าเขาสามารถฆ่ามันได้ในพริบตา แต่เขาหายไปนานแล้ว ท่านจะช่วยได้มั้ย ข้านอนไม่หลับเลย ข้ากังวลจะเป็นจะตายอยู่เเล้ว,François บอกว่าเขาสามารถฆ่ามันได้ในพริบตา แต่เขาหายไปนานแล้ว ท่านจะช่วยได้มั้ย ข้านอนไม่หลับเลย ข้ากังวลจะเป็นจะตายอยู่แล้ว
เ+เ → แ,strings,1152910,เราต้องทำให้เเน่ใจว่าเขาจะไม่ออกไปพร้อมกับข้อมูล,เราต้องทำให้แน่ใจว่าเขาจะไม่ออกไปพร้อมกับข้อมูล
เ+เ → แ,strings,1153880,เคราของข้า เเล้วมันแตกต่างกันตรงไหนไม่ว่าเราจะไปเดินเล่นหรือเพื่อรวบรวม Sewants Hugo ยังติดอยู่ในนั้นนะ ในที่ๆ อันตรายอย่างมากด้วย! นั่นแหละที่สำคัญ!,เคราของข้า แล้วมันแตกต่างกันตรงไหนไม่ว่าเราจะไปเดินเล่นหรือเพื่อรวบรวม Sewants Hugo ยังติดอยู่ในนั้นนะ ในที่ๆ อันตรายอย่างมากด้วย! นั่นแหละที่สำคัญ!
เ+เ → แ,strings,1154215,อืม…มีอะไรให้เล่างั้นเหรอ?… นายจ้างของดินแดนเเห่งนี้นาย de Bourbeau เป็นคนตลกที่ยิ่งใหญ่ที่สุดใน Toussaint เลยมั้ง,อืม…มีอะไรให้เล่างั้นเหรอ?… นายจ้างของดินแดนแห่งนี้นาย de Bourbeau เป็นคนตลกที่ยิ่งใหญ่ที่สุดใน Toussaint เลยมั้ง
เ+เ → แ,strings,1156121,ใช่ เจ้าได้ทำสิ่งสุดท้ายของเจ้าเเล้ว,ใช่ เจ้าได้ทำสิ่งสุดท้ายของเจ้าแล้ว
เ+เ → แ,strings,1156280,เจ้าใช้เวลาของข้าไปพอเเล้ว เจ้าต้องลงไปที่ห้องใต้ดิน!,เจ้าใช้เวลาของข้าไปพอแล้ว เจ้าต้องลงไปที่ห้องใต้ดิน!
เ+เ → แ,strings,1156634,เท้า ถูกเเทะไป ไม่ดีเเน่,เท้า ถูกแทะไป ไม่ดีแน่
เ+เ → แ,strings,1156824,ข้าไม่สามารถรับไว้ได้หรอก ข้าต่างหากควรเป็นฝ่ายที่ต้องขอโทษ สำหรับการตัดสินคนจากการพบกันเพียงเเค่ครั้งแรก บอกข้าหน่อยได้มั้ยว่าความรู้ของท่านได้มายังไง จากนักสมุนไพรที่อาศัยอยู่ใกล้ๆ ที่นี่เหรอ,ข้าไม่สามารถรับไว้ได้หรอก ข้าต่างหากควรเป็นฝ่ายที่ต้องขอโทษ สำหรับการตัดสินคนจากการพบกันเพียงแค่ครั้งแรก บอกข้าหน่อยได้มั้ยว่าความรู้ของท่านได้มายังไง จากนักสมุนไพรที่อาศัยอยู่ใกล้ๆ ที่นี่เหรอ
เ+เ → แ,strings,1160346,นั่น เขาไม่ใช่เเวมไพร์รึ เขาดูตัวซีด  เเละมีดวงตาที่น่ากลัว,นั่น เขาไม่ใช่แวมไพร์รึ เขาดูตัวซีด  และมีดวงตาที่น่ากลัว
เ+เ → แ,strings,1160350,ดาบเงินเหรอ เจ้าต้องสู้กับเเวมไพรด้วยไฟ นั่นคือสิ่งที่nonniของข้าพูด!,ดาบเงินเหรอ เจ้าต้องสู้กับแวมไพรด้วยไฟ นั่นคือสิ่งที่nonniของข้าพูด!
เ+เ → แ,strings,1160437,วิทเชอร์ เจ้ายักษ์รออยู่ พร้อมที่จะทดสอบความเเข็งเเกร่งของเจ้ารึยัง,วิทเชอร์ เจ้ายักษ์รออยู่ พร้อมที่จะทดสอบความแข็งแกร่งของเจ้ารึยัง
เ+เ → แ,strings,1160771,ฮืม ข้าไม่อยากเชื่อนะว่าข้ามีเงินขนาดนั้น เจ้าจะว่าไงล่ะเป็นเทศกาลลดราคาได้มั้ย หรือว่า เออ จะเเข่งกันเสนอราคาก็ได้,ฮืม ข้าไม่อยากเชื่อนะว่าข้ามีเงินขนาดนั้น เจ้าจะว่าไงล่ะเป็นเทศกาลลดราคาได้มั้ย หรือว่า เออ จะแข่งกันเสนอราคาก็ได้
เ+เ → แ,strings,1160817,ข้าไตร่ตรองเรื่องนี้เเล้ว สาบานนี้เพื่อไข่นกกะสา โดยเฉพาะเลย,ข้าไตร่ตรองเรื่องนี้แล้ว สาบานนี้เพื่อไข่นกกะสา โดยเฉพาะเลย
เ+เ → แ,strings,1160932,เหล่าทวยเทพได้ส่งสัตว์ร้ายมาลงโทษบาปของเราเเล้ว!,เหล่าทวยเทพได้ส่งสัตว์ร้ายมาลงโทษบาปของเราแล้ว!
เ+เ → แ,strings,1160934,ความโลภเเละราคะให้เกียรติเเด่ผู้ที่กล้าหาญ!,ความโลภและราคะให้เกียรติแด่ผู้ที่กล้าหาญ!
เ+เ → แ,strings,1160936,เราต้องหยุดที่จะช่วยเหลือประเพณีเก่าเเก่ของเราซะ!,เราต้องหยุดที่จะช่วยเหลือประเพณีเก่าแก่ของเราซะ!
เ+เ → แ,strings,1160946,ไม่ รอเดี๋ยว! อ่าาา ถ้าเจ้าจำเป็นที่จะต้องทำสิ่งนี้จริงๆ ได้โปรดเถอะ อย่างน้อยที่สุดก็ทิ้งข้าไว้สักเเห่งที่ดูรื่นรมย์,ไม่ รอเดี๋ยว! อ่าาา ถ้าเจ้าจำเป็นที่จะต้องทำสิ่งนี้จริงๆ ได้โปรดเถอะ อย่างน้อยที่สุดก็ทิ้งข้าไว้สักแห่งที่ดูรื่นรมย์
เ+เ → แ,strings,1160978,ข้าสาบานต่อหน้านกกระเรียนว่าข้าจะสู้ด้วยเกียรติ เเละข้าอุทิศการต่อสู้นี้ให้เจ้า ที่รัก,ข้าสาบานต่อหน้านกกระเรียนว่าข้าจะสู้ด้วยเกียรติ และข้าอุทิศการต่อสู้นี้ให้เจ้า ที่รัก
เ+เ → แ,strings,1161673,ดูท่าจะเเย่เเล้วท่าน!,ดูท่าจะแย่แล้วท่าน!
เ+เ → แ,strings,1162546,มองดูครั้งสุดท้ายของเจ้ากับโลกเเละลมทั้งสี่ทิศ,มองดูครั้งสุดท้ายของเจ้ากับโลกและลมทั้งสี่ทิศ
เ+เ → แ,strings,1162951,ฮืม ดูตอนนี้ข้าอยากจะเน้นสิ่งอื่นมากกว่า - บอกข้ามาว่านี่เป็นเรื่องเกี่ยวกับอะไรรึมองซิเออร์ หรือจะให้ข้าเปลี่ยนใจเเล้วก็ไปเลยดีล่ะ,ฮืม ดูตอนนี้ข้าอยากจะเน้นสิ่งอื่นมากกว่า - บอกข้ามาว่านี่เป็นเรื่องเกี่ยวกับอะไรรึมองซิเออร์ หรือจะให้ข้าเปลี่ยนใจแล้วก็ไปเลยดีล่ะ
เ+เ → แ,strings,1162961,ในนั้นยังคงมีอุปสรรคอยู่ - ไม่มีใครได้เห็นสัตว์ร้าย เราได้ยินเพียงสัญญาณของการมีอยู่ของมัน - แปลกนะ รอยขีดข่วนเเละเสียงกรีดร้อง ต่างก็ไม่มีศพใดๆ เพื่อที่จะตรวจสอบ คนงานก็หายไปอย่างไร้ร่องรอย,ในนั้นยังคงมีอุปสรรคอยู่ - ไม่มีใครได้เห็นสัตว์ร้าย เราได้ยินเพียงสัญญาณของการมีอยู่ของมัน - แปลกนะ รอยขีดข่วนและเสียงกรีดร้อง ต่างก็ไม่มีศพใดๆ เพื่อที่จะตรวจสอบ คนงานก็หายไปอย่างไร้ร่องรอย
เ+เ → แ,strings,1162984,โอ้ นั่นน่าจะเพียงพอกับคำถามเเล้วล่ะ ตอนนี้บอกข้ามาว่าเจ้าเอาสัญญาว่าจ้าง - ใช่หรือไม่,โอ้ นั่นน่าจะเพียงพอกับคำถามแล้วล่ะ ตอนนี้บอกข้ามาว่าเจ้าเอาสัญญาว่าจ้าง - ใช่หรือไม่
เ+เ → แ,strings,1162990,ไม่เลย เจ้าต้องไปคุยกับภรรยาของข้าเองเเล้วล่ะ นางมีความสัมพันธ์กับเพื่อนร่วมงานมากว่าการช่วยเหลือครอบครัวซะอีก นางออกไปเยี่ยมเเม่ของนางเมื่อสักครู่น่ะ เเต่น่าจะกลับมาได้เเล้วล่ะ,ไม่เลย เจ้าต้องไปคุยกับภรรยาของข้าเองแล้วล่ะ นางมีความสัมพันธ์กับเพื่อนร่วมงานมากว่าการช่วยเหลือครอบครัวซะอีก นางออกไปเยี่ยมแม่ของนางเมื่อสักครู่น่ะ แต่น่าจะกลับมาได้แล้วล่ะ
เ+เ → แ,strings,1163009,ดีล่ะ ข้าจะทำมัน ต้องดูรอบๆ ที่นี่ก่อนอย่างเเรก หลังจากนั้นข้าต้องการที่จะคุยกับคุณหญิง de Bourbeau,ดีล่ะ ข้าจะทำมัน ต้องดูรอบๆ ที่นี่ก่อนอย่างแรก หลังจากนั้นข้าต้องการที่จะคุยกับคุณหญิง de Bourbeau
เ+เ → แ,strings,1163011,ดีมาก ข้าจะแจ้งให้เจ้าทราบเมื่อนางกลับมาเเล้ว ในขณะเดียวกันนี่กุญเเจสู่ห้องใต้ดิน เพียงแค่สิ่งที่เจ้าทำโปรดกรุณาอย่าไปยุ่งกับถังไวน์ล่ะ!,ดีมาก ข้าจะแจ้งให้เจ้าทราบเมื่อนางกลับมาแล้ว ในขณะเดียวกันนี่กุญแจสู่ห้องใต้ดิน เพียงแค่สิ่งที่เจ้าทำโปรดกรุณาอย่าไปยุ่งกับถังไวน์ล่ะ!
เ+เ → แ,strings,1163105,ยังเลย เเต่อยู่ให้ห่างที่นั่นไว้ตอนนี้ อากาศภายในไม่ดีต่อสุขภาพเท่าไรนัก,ยังเลย แต่อยู่ให้ห่างที่นั่นไว้ตอนนี้ อากาศภายในไม่ดีต่อสุขภาพเท่าไรนัก
เ+เ → แ,strings,1163107,อ๊า…ชะตาของลูกหมาหายไปในคมเขี้ยว เเล้วข้าจะหาถ้ำอันอื่นที่อบอุ่นเเละน่าสบายเช่นนั้นได้ที่ไหนกัน,อ๊า…ชะตาของลูกหมาหายไปในคมเขี้ยว แล้วข้าจะหาถ้ำอันอื่นที่อบอุ่นและน่าสบายเช่นนั้นได้ที่ไหนกัน
เ+เ → แ,strings,1163220,เกือบทั้งหมดที่รักของข้า ข้าขอให้บางส่วนไปปลูกทางทิศเหนือบ้างน่ะ ใกล้กับป่าเล็กๆ เพียงเเค่ส่วนที่เหลือเท่านั้น,เกือบทั้งหมดที่รักของข้า ข้าขอให้บางส่วนไปปลูกทางทิศเหนือบ้างน่ะ ใกล้กับป่าเล็กๆ เพียงแค่ส่วนที่เหลือเท่านั้น
เ+เ → แ,strings,1163224,ถ้างั้นเจ้ามาเที่ยวรอบๆ ที่นี่เพื่ออะไรกันฮะ! ไปทำงานได้เเล้ว!,ถ้างั้นเจ้ามาเที่ยวรอบๆ ที่นี่เพื่ออะไรกันฮะ! ไปทำงานได้แล้ว!
เ+เ → แ,strings,1163327,ทางทิศเหนือ เงียบเเละโหยหา,ทางทิศเหนือ เงียบและโหยหา
เ+เ → แ,strings,1163333,กำจัดสัตว์ร้ายที่ทำให้เจ้าเดือดร้อนเเล้ว มันคือ Shaelmaar น่ะ,กำจัดสัตว์ร้ายที่ทำให้เจ้าเดือดร้อนแล้ว มันคือ Shaelmaar น่ะ
เ+เ → แ,strings,1163395,ทีนี้ ยกโทษให้ข้าด้วย ข้าต้องไปคุยกับภรรยาของข้าเเล้วล่ะ,ทีนี้ ยกโทษให้ข้าด้วย ข้าต้องไปคุยกับภรรยาของข้าแล้วล่ะ
เ+เ → แ,strings,1163786,ข้าเชื่อว่าท่านได้พิจารณาการตัดสินใจของเจ้าเเล้ว ท่านจะลองเสี่ยงโชคของท่านในทัวร์นาเมนต์ของเรามั้ย,ข้าเชื่อว่าท่านได้พิจารณาการตัดสินใจของเจ้าแล้ว ท่านจะลองเสี่ยงโชคของท่านในทัวร์นาเมนต์ของเรามั้ย
เ+เ → แ,strings,1163902,ทำให้ข้าโค้งคำนับและคุกเข่าได้อย่างไม่ต้องสงสัยเลย แต่ข้ารู้ว่าเเม่มดบางคนนั้นฉลาดกว่านาง,ทำให้ข้าโค้งคำนับและคุกเข่าได้อย่างไม่ต้องสงสัยเลย แต่ข้ารู้ว่าแม่มดบางคนนั้นฉลาดกว่านาง
เ+เ → แ,strings,1163984,ทำในสิ่งที่เราทำได้เเล้ว,ทำในสิ่งที่เราทำได้แล้ว
เ+เ → แ,strings,1163995,เเล้วเจอกันวิทเชอร์ ข้าต้องจำสิ่งนี้ ใส่ไปในหัวของข้า,แล้วเจอกันวิทเชอร์ ข้าต้องจำสิ่งนี้ ใส่ไปในหัวของข้า
เ+เ → แ,strings,1164131,อืม เเม่งเสียงอึกทึกครึกโครมเต็มไปหมด - Clenchin เรียงลำดับไว้เลย Clinkety-Bangity-Knockity ผู้ใจบุญ ข้าส่งเสมียนของข้าเข้าไปดูข้างใน เป็นเวลาสองวันเเล้ว เเละเขายังไม่กลับมาเลย,อืม แม่งเสียงอึกทึกครึกโครมเต็มไปหมด - Clenchin เรียงลำดับไว้เลย Clinkety-Bangity-Knockity ผู้ใจบุญ ข้าส่งเสมียนของข้าเข้าไปดูข้างใน เป็นเวลาสองวันแล้ว และเขายังไม่กลับมาเลย
เ+เ → แ,strings,1164250,ข้าจะไม่เล่นบทโง่เเล้ว! เจ้ารู้ดีว่าทำไม ตอนนี้ไป ไปซะ!,ข้าจะไม่เล่นบทโง่แล้ว! เจ้ารู้ดีว่าทำไม ตอนนี้ไป ไปซะ!
เ+เ → แ,strings,1164871,ไปยังจุดที่สองบนแผนที่กันได้เเล้ว!,ไปยังจุดที่สองบนแผนที่กันได้แล้ว!
เ+เ → แ,strings,1164896,เเละสัมผัสที่เฉียบคมของเจ้า พวกเขาพูดกันว่าอะไรนะ,และสัมผัสที่เฉียบคมของเจ้า พวกเขาพูดกันว่าอะไรนะ
เ+เ → แ,strings,1164898,ที่เจ้าหันหลังกลับเเล้วก็รีบวิ่งน่ะเหรอ,ที่เจ้าหันหลังกลับแล้วก็รีบวิ่งน่ะเหรอ
เ+เ → แ,strings,1164920,มันโตค่อนข้างช้าไปหน่อยน่ะ ข้าเชื่อว่าเราจะได้ในเเบบของเรา,มันโตค่อนข้างช้าไปหน่อยน่ะ ข้าเชื่อว่าเราจะได้ในแบบของเรา
เ+เ → แ,strings,1165841,การลักพาตัวเป็นเเค่ละครตบตาเท่านั้น,การลักพาตัวเป็นแค่ละครตบตาเท่านั้น
เ+เ → แ,strings,1166761,ชาวสวนผู้เเปรผัน,ชาวสวนผู้แปรผัน
เ+เ → แ,strings,1166764,ตรวจสอบโรงงานเเละค้นหาหีบจากการปล้นสะดม,ตรวจสอบโรงงานและค้นหาหีบจากการปล้นสะดม
เ+เ → แ,strings,1167659,ถึงเวลาที่เราต้องแยกทางกันเเล้ว ขอให้โชคดี - ไม่ว่าเจ้าจะตัดสินใจยังไง,ถึงเวลาที่เราต้องแยกทางกันแล้ว ขอให้โชคดี - ไม่ว่าเจ้าจะตัดสินใจยังไง
เ+เ → แ,strings,1167897,เวรละ น้ำร้อน ถ้าข้าไม่เห็นนี่ได้เป็นไก่ต้มเเน่,เวรละ น้ำร้อน ถ้าข้าไม่เห็นนี่ได้เป็นไก่ต้มแน่
เ+เ → แ,strings,1168229,เเล้วสัตว์ประหลาดก็โผล่ออกมาจากพื้นดินใช่มั้ย,แล้วสัตว์ประหลาดก็โผล่ออกมาจากพื้นดินใช่มั้ย
เ+เ → แ,strings,1168384,ที่พวกเขาพูดเป็นความจริงเรื่องหมู่บ้านที่อยู่ใกล้ๆ ว่า Grottore ได้กินเด็กทารกไปจนหมดเเล้ว,ที่พวกเขาพูดเป็นความจริงเรื่องหมู่บ้านที่อยู่ใกล้ๆ ว่า Grottore ได้กินเด็กทารกไปจนหมดแล้ว
เ+เ → แ,strings,1168611,ฮืม เจ้าสัตว์ประหลาดตัวนี้ ข้าต้องมองหาสิ่งมีชีวิตที่อยู่ใต้ดิน ขุดอุโมงค์กินพวก kikimores เป็นอาหารอาหาร เเละมันใหญ่ ใหญ่มาก,ฮืม เจ้าสัตว์ประหลาดตัวนี้ ข้าต้องมองหาสิ่งมีชีวิตที่อยู่ใต้ดิน ขุดอุโมงค์กินพวก kikimores เป็นอาหารอาหาร และมันใหญ่ ใหญ่มาก
เ+เ → แ,strings,1168691,ต้นไม้โค่นงั้นเหรอ? ราวกับว่ามีบางอย่าง กลิ้งทับพวกมัน เพราะฉะนั้น Shaelmaar มีแต่พวกเเกเท่านั้นเเหละที่ขุดอุโมงค์และเคลื่อนที่เเบบนั้น,ต้นไม้โค่นงั้นเหรอ? ราวกับว่ามีบางอย่าง กลิ้งทับพวกมัน เพราะฉะนั้น Shaelmaar มีแต่พวกแกเท่านั้นแหละที่ขุดอุโมงค์และเคลื่อนที่แบบนั้น
เ+เ → แ,strings,1168707,อยู่มาวันหนึ่ง Geralt พบกระดานแจ้งเตือนพร้อมข้อมูลเกี่ยวกับการเเข่งขัน Gwent ที่จัดขึ้นโดยท่านเคาท์ Monnier และจะจัดขึ้นที่ Pheasantry วิทเชอร์เเละอย่างที่ทุกคนรู้ว่าเล่นการ์ดนั้นสนุกไม่ใช่น้อย ดังนั้นเขาจึงตัดสินใจเข้าร่วมกิจกรรม เขารู้ว่ามีอะไรน่าประหลาดใจรอเขาอยู่ที่นั่น <br>,อยู่มาวันหนึ่ง Geralt พบกระดานแจ้งเตือนพร้อมข้อมูลเกี่ยวกับการแข่งขัน Gwent ที่จัดขึ้นโดยท่านเคาท์ Monnier และจะจัดขึ้นที่ Pheasantry วิทเชอร์และอย่างที่ทุกคนรู้ว่าเล่นการ์ดนั้นสนุกไม่ใช่น้อย ดังนั้นเขาจึงตัดสินใจเข้าร่วมกิจกรรม เขารู้ว่ามีอะไรน่าประหลาดใจรอเขาอยู่ที่นั่น <br>
เ+เ → แ,strings,1168713,ศพยังใหม่อยู่ ต้องเป็น Jean-Luc เเน่,ศพยังใหม่อยู่ ต้องเป็น Jean-Luc แน่
เ+เ → แ,strings,1170097,ถึงเวลาที่ข้าจะต้องจากไปแล้ว ข้ารอนานเกินไปข้าทุกข์ทรมานมามากเกินไปเเล้วและตอนนี้ข้าปรารถนาที่จะไปเเล้ว,ถึงเวลาที่ข้าจะต้องจากไปแล้ว ข้ารอนานเกินไปข้าทุกข์ทรมานมามากเกินไปแล้วและตอนนี้ข้าปรารถนาที่จะไปแล้ว
เ+เ → แ,strings,1170101,ข้าขอบคุณท่านมาก คนเเปลกหน้า,ข้าขอบคุณท่านมาก คนแปลกหน้า
เ+เ → แ,strings,1170411,ฮืม เรียกร้องให้เกิดความสันติภาพงั้นเหรอ? เเต่คนพวกนั้นคือใครกัน?,ฮืม เรียกร้องให้เกิดความสันติภาพงั้นเหรอ? แต่คนพวกนั้นคือใครกัน?
เ+เ → แ,strings,1170481,เเล้วเจ้าจะทำอะไรต่อไปละ,แล้วเจ้าจะทำอะไรต่อไปละ
เ+เ → แ,strings,1171211,เพียงแค่นั้นพร้อมกับวัสดุเหลือใช้ ข้าสั่งซื้อไปแล้วมากกว่าหนึ่งโหลรถขนเเร่รวมไปถึงสิ่งก่อสร้าง แต่ทั้งห้าคนนั้นก็หายไปพร้อมกันด้วย,เพียงแค่นั้นพร้อมกับวัสดุเหลือใช้ ข้าสั่งซื้อไปแล้วมากกว่าหนึ่งโหลรถขนแร่รวมไปถึงสิ่งก่อสร้าง แต่ทั้งห้าคนนั้นก็หายไปพร้อมกันด้วย
เ+เ → แ,strings,1171288,Jamor Auwry เตรียมอุปกรณ์ให้พร้อมล่ะ สัตว์ร้ายนั่นต้องหนีไปที่ไหนสักเเห่งเเน่ เราต้องล่อมันกลับมา,Jamor Auwry เตรียมอุปกรณ์ให้พร้อมล่ะ สัตว์ร้ายนั่นต้องหนีไปที่ไหนสักแห่งแน่ เราต้องล่อมันกลับมา
เ+เ → แ,strings,1171308,ใครบางคนจะเผยเเพร่ศถึงสิ่งนี้เป็นจำนวนมาก เอ๋ ใช่ นายท่านวิทเชอร์เราจะต่อสู้กับสิ่งโสมมนี่ได้อย่างไร,ใครบางคนจะเผยแพร่ศถึงสิ่งนี้เป็นจำนวนมาก เอ๋ ใช่ นายท่านวิทเชอร์เราจะต่อสู้กับสิ่งโสมมนี่ได้อย่างไร
เ+เ → แ,strings,1171697,ข้าจะบอกว่าหมาป่า เเต่มีดวงตาของเเมวน่ะ!,ข้าจะบอกว่าหมาป่า แต่มีดวงตาของแมวน่ะ!
เ+เ → แ,strings,1172652,หวี! น้ำมันทาผม! ราคาย่อมเยาเเละทั่วถึง,หวี! น้ำมันทาผม! ราคาย่อมเยาและทั่วถึง
เ+เ → แ,strings,1173022,ออกจาก Tourney เเล้วรอการตัดสินใจของ Vivienne,ออกจาก Tourney แล้วรอการตัดสินใจของ Vivienne
เ+เ → แ,strings,1173610,เจ้าบอกว่าไม่เกี่ยวอะไรกับพวกเรา…เจ้าอาจจะไม่ แต่เรามีลูกตานะ เเล้วก็สามารถเห็นมีดโกนเหล่านั้นที่อยู่อยู่ด้านหลังของเจ้าอย่างชัดเจนด้วย,เจ้าบอกว่าไม่เกี่ยวอะไรกับพวกเรา…เจ้าอาจจะไม่ แต่เรามีลูกตานะ แล้วก็สามารถเห็นมีดโกนเหล่านั้นที่อยู่อยู่ด้านหลังของเจ้าอย่างชัดเจนด้วย
เ+เ → แ,strings,1173616,เขาเป็นวิทเชอร์ Boholt และลูกน้องของเขา เขากับพวกนั้นเป็นเพื่อนกันน่ะ ได้รู้เกี่ยวกับเขามาว่า Geralt เเห่ง Rivia คือชื่อของเขา,เขาเป็นวิทเชอร์ Boholt และลูกน้องของเขา เขากับพวกนั้นเป็นเพื่อนกันน่ะ ได้รู้เกี่ยวกับเขามาว่า Geralt แห่ง Rivia คือชื่อของเขา
เ+เ → แ,strings,1173621,ใช้มืออีกคู่หนึ่งจะเป็นไรไป ค่าตอบเเทนที่เราได้รับจากสมาคมเราจะแบ่งปันมันอย่างยุติธรรมและถูกต้อง เจ้าจะเอาด้วยมั้ย?,ใช้มืออีกคู่หนึ่งจะเป็นไรไป ค่าตอบแทนที่เราได้รับจากสมาคมเราจะแบ่งปันมันอย่างยุติธรรมและถูกต้อง เจ้าจะเอาด้วยมั้ย?
เ+เ → แ,strings,1173656,เรามีหน้าไม้ สามารถใช้มันกับสลักในขณะที่ท่านทำการฟันและเฉือน หรือให้ทั้งหมดนโจมตีไปที่มันเป็นกลุ่ม ใบมีดในมือไฟในใจของเรา ท่านต้องตัดสินใจเเล้วท่านเป็นคนเดียวที่มีประสบการณ์,เรามีหน้าไม้ สามารถใช้มันกับสลักในขณะที่ท่านทำการฟันและเฉือน หรือให้ทั้งหมดนโจมตีไปที่มันเป็นกลุ่ม ใบมีดในมือไฟในใจของเรา ท่านต้องตัดสินใจแล้วท่านเป็นคนเดียวที่มีประสบการณ์
เ+เ → แ,strings,1173710,นอกจากเจ้าไม่ได้ฆ่าพวกเขาไม่ช้า พวกเขาจะมาเอาคืนข้า ข้าได้บทเรียนอันมีค่านี้เเล้วข้าเชื่อใจ,นอกจากเจ้าไม่ได้ฆ่าพวกเขาไม่ช้า พวกเขาจะมาเอาคืนข้า ข้าได้บทเรียนอันมีค่านี้แล้วข้าเชื่อใจ
เ+เ → แ,strings,1173784,ใช่ล่ะ ตอนนี้เลยเด็กๆ เจ้าได้ยินผู้เชี่ยวชาญเเล้วนิ เตรียมหน้าไม้ของพวกเจ้าให้พร้อม,ใช่ล่ะ ตอนนี้เลยเด็กๆ เจ้าได้ยินผู้เชี่ยวชาญแล้วนิ เตรียมหน้าไม้ของพวกเจ้าให้พร้อม
เ+เ → แ,strings,1173791,ที่ปลายทางของเขา Geralt ได้พบค่ายที่ถูกรื้อกระจุยกระจาย มันดูราวกับว่าเพิ่งถูกทำลายไปเมื่อเร็วๆ นี้ นอกจากนั้นเขายังบังเอิญไปเจอเข้ากับศพของพ่อค้าสองราย บาดแผลของพวกเขาเกิดจากสัตว์ประหลาดขนาดใหญ่<br>ในขณะที่เสาะหาบริเวณพื้นที่โดยรอบอย่างละเอียดวิทเชอร์ได้พบกับท่านเคาท์ Borhis di Salvaress โดยบังเอิญ ผู้อ้างว่าสัตว์ประหลาดที่ Geralt สะกดรอยตามคือสัตว์ตระกูล silver Basilisk ซึ่งเป็นสัตว์สายพันธ์ย่อยประเภทสุดท้ายที่ยังมีชีวิตอยู่ ซึ่งเป็นสัตว์เลี้ยงที่ขุนนางสัญจรนับเป็นสัตว์เลี้ยงของเขา ขุนนางหวังอย่างยิ่งที่จะให้วิทเชอร์นั้นไว้ชีวิตมัน<br>เพื่อทำให้สถานการณ์แย่ลงไปกว่านี้ มันกลับกัน Basilisk ตัวนี้ก็เหมือนกับตัวที่เหมืองแร่เล็กของ company of Crinfrid Reavers นั่นเเหละ<br>,ที่ปลายทางของเขา Geralt ได้พบค่ายที่ถูกรื้อกระจุยกระจาย มันดูราวกับว่าเพิ่งถูกทำลายไปเมื่อเร็วๆ นี้ นอกจากนั้นเขายังบังเอิญไปเจอเข้ากับศพของพ่อค้าสองราย บาดแผลของพวกเขาเกิดจากสัตว์ประหลาดขนาดใหญ่<br>ในขณะที่เสาะหาบริเวณพื้นที่โดยรอบอย่างละเอียดวิทเชอร์ได้พบกับท่านเคาท์ Borhis di Salvaress โดยบังเอิญ ผู้อ้างว่าสัตว์ประหลาดที่ Geralt สะกดรอยตามคือสัตว์ตระกูล silver Basilisk ซึ่งเป็นสัตว์สายพันธ์ย่อยประเภทสุดท้ายที่ยังมีชีวิตอยู่ ซึ่งเป็นสัตว์เลี้ยงที่ขุนนางสัญจรนับเป็นสัตว์เลี้ยงของเขา ขุนนางหวังอย่างยิ่งที่จะให้วิทเชอร์นั้นไว้ชีวิตมัน<br>เพื่อทำให้สถานการณ์แย่ลงไปกว่านี้ มันกลับกัน Basilisk ตัวนี้ก็เหมือนกับตัวที่เหมืองแร่เล็กของ company of Crinfrid Reavers นั่นแหละ<br>
เ+เ → แ,strings,1173912,อืม เป็นคนไม่มีไหวพริบเอาซะเลย ข้าไม่ได้ตั้งใจจะแอบฟังหรอกนะคุณลูกค้า และข้าจะไม่ย้ำ ข้าเเค่บังเอิญได้ยินเท่านั้น,อืม เป็นคนไม่มีไหวพริบเอาซะเลย ข้าไม่ได้ตั้งใจจะแอบฟังหรอกนะคุณลูกค้า และข้าจะไม่ย้ำ ข้าแค่บังเอิญได้ยินเท่านั้น
เ+เ → แ,strings,1174933,ต้องการคำเเนะนำอะไรมั้ย,ต้องการคำแนะนำอะไรมั้ย
เ+เ → แ,strings,1175188,ข้าไม่มีเวลาเเล้ว!,ข้าไม่มีเวลาแล้ว!
เ+เ → แ,strings,1175261,แทนที่กั้งกับปลาข้างั้นรึ! ข้าขอร้องท่านหรือเปล่า! เเล้วอะไรอีกล่ะ! น้ำส้มชายชูเเทนไวน์งั้นรึ ผักชีเเทนโหระพาดีมั้ย เอ๊ะชาว Nordlings ดูเป็นมิตรมากเลยน่ะ แต่เรื่องอาหารท่านไม่รู้อะไรเลยสักอย่าง,แทนที่กั้งกับปลาข้างั้นรึ! ข้าขอร้องท่านหรือเปล่า! แล้วอะไรอีกล่ะ! น้ำส้มชายชูแทนไวน์งั้นรึ ผักชีแทนโหระพาดีมั้ย เอ๊ะชาว Nordlings ดูเป็นมิตรมากเลยน่ะ แต่เรื่องอาหารท่านไม่รู้อะไรเลยสักอย่าง
เ+เ → แ,strings,1175668,Beggartick กำลังร่วงโรยต้องมีบางอย่างที่น่าสะพรึงกลัวในปีนี้เเน่,Beggartick กำลังร่วงโรยต้องมีบางอย่างที่น่าสะพรึงกลัวในปีนี้แน่
เ+เ → แ,strings,1175740,Locaste ได้บินจากรังของนางไปเเล้ว,Locaste ได้บินจากรังของนางไปแล้ว
เ+เ → แ,strings,1175796,หลังจากทั้งหมดที่ข้าบอกท่านเรื่อง Locaste ท่านจะฆ่านางงั้นเหรอ?! โอ้ เจ้าจะต้องเสียใจในสิ่งนี้เเน่เพื่อน! ข้ารู้จักชาวบ้าน! ข้าจะบอกพวกเขาว่าเจ้าสังหารตัวสุดท้ายที่ยังมีชีวิตรอดอยู่!,หลังจากทั้งหมดที่ข้าบอกท่านเรื่อง Locaste ท่านจะฆ่านางงั้นเหรอ?! โอ้ เจ้าจะต้องเสียใจในสิ่งนี้แน่เพื่อน! ข้ารู้จักชาวบ้าน! ข้าจะบอกพวกเขาว่าเจ้าสังหารตัวสุดท้ายที่ยังมีชีวิตรอดอยู่!
เ+เ → แ,strings,1177928,ในตอนนี้ ถึงเวลาที่ต้องกลับไปแคมป์ของท่านเเล้ว,ในตอนนี้ ถึงเวลาที่ต้องกลับไปแคมป์ของท่านแล้ว
เ+เ → แ,strings,1177941,ถั่วเเดง,ถั่วแดง
เ+เ → แ,strings,1177956,Gareth Gareth ของข้า เขาจะไม่กลับมาอีกเเล้ว,Gareth Gareth ของข้า เขาจะไม่กลับมาอีกแล้ว
เ+เ → แ,strings,1178178,ตอนนี้ข้ารู้แล้วว่า ข้าจะจัดสำรับไพ่ของข้าเเบบไหน,ตอนนี้ข้ารู้แล้วว่า ข้าจะจัดสำรับไพ่ของข้าแบบไหน
เ+เ → แ,strings,1178375,อย่ากลัวการมีชีวิต อย่ากลัวที่จะผจญต่อโลก อย่ากลัวผู้อื่นเลย หลายปีที่ผ่านมามันไม่ง่าย ข้ารู้ แต่เชื่อจ้าเถอะ เจ้าเหมาะสมกับพวกเขาที่สุดเเล้ว,อย่ากลัวการมีชีวิต อย่ากลัวที่จะผจญต่อโลก อย่ากลัวผู้อื่นเลย หลายปีที่ผ่านมามันไม่ง่าย ข้ารู้ แต่เชื่อจ้าเถอะ เจ้าเหมาะสมกับพวกเขาที่สุดแล้ว
เ+เ → แ,strings,1178449,รวมขยะจากทั่วทุกมุมโลกมากกว่า พวกโจรคนเลวๆ เหมือนกับพวกเเมลงวันบินมาตอมขี้,รวมขยะจากทั่วทุกมุมโลกมากกว่า พวกโจรคนเลวๆ เหมือนกับพวกแมลงวันบินมาตอมขี้
เ+เ → แ,strings,1178495,Geralt เเห่ง Rivia!,Geralt แห่ง Rivia!
เ+เ → แ,strings,1178856,เอ๋ กลับไปหมักจวยเเกไป!,เอ๋ กลับไปหมักจวยแกไป!
เ+เ → แ,strings,1178998,นี่มันชักจะน่าเบื่อเเล้วนะ,นี่มันชักจะน่าเบื่อแล้วนะ
เ+เ → แ,strings,1179116,เจ้าหนอนเเมลงไร้ประโยชน์ ไอ้ตัวประหลาดเอ๊ย!,เจ้าหนอนแมลงไร้ประโยชน์ ไอ้ตัวประหลาดเอ๊ย!
เ+เ → แ,strings,1179174,เเกกล้าที่จะท้าทายข้าเหรอ ท้าข้างั้นเหรอ?!,แกกล้าที่จะท้าทายข้าเหรอ ท้าข้างั้นเหรอ?!
เ+เ → แ,strings,1179387,แน่ใจสิ รออีกสักพัก เดี๋ยวมันก็กลับมาเเล้ว อย่าไปคิดมากเลย,แน่ใจสิ รออีกสักพัก เดี๋ยวมันก็กลับมาแล้ว อย่าไปคิดมากเลย
เ+เ → แ,strings,1180337,ขอบคุณ ข้าต้องกลับไปทำธุระข้าตอนนี้ เเล้วเจอกันเร็วๆ นี้,ขอบคุณ ข้าต้องกลับไปทำธุระข้าตอนนี้ แล้วเจอกันเร็วๆ นี้
เ+เ → แ,strings,1180926,{Esse’ionndrainn aep เช่นพิธีเเต่งงาน …} [ข้าคิดถึงลูกๆ ของข้าจังเลย ],{Esse’ionndrainn aep เช่นพิธีแต่งงาน …} [ข้าคิดถึงลูกๆ ของข้าจังเลย ]
เ+เ → แ,strings,1180928,{Ess'deireadh tùrnment y ess'creasa vor caer } [การเเข่งขันนี้ต้องสิ้นสุดได้เเล้ว เราจะได้กลับบ้านกันสักที],{Ess'deireadh tùrnment y ess'creasa vor caer } [การแข่งขันนี้ต้องสิ้นสุดได้แล้ว เราจะได้กลับบ้านกันสักที]
เ+เ → แ,strings,1181065,ผ้าปิดเเผล ผ้าพันเเผล ข้าเก็บพวกมันไว้ตรงไหนกันเนี่ย,ผ้าปิดแผล ผ้าพันแผล ข้าเก็บพวกมันไว้ตรงไหนกันเนี่ย
เ+เ → แ,strings,1181114,ผู้มีชื่อเสียงอันโด่งดัง Geralt เเห่ง Rivia! ผู้ชนะเลิศการเเข่งขัน!,ผู้มีชื่อเสียงอันโด่งดัง Geralt แห่ง Rivia! ผู้ชนะเลิศการแข่งขัน!
เ+เ → แ,strings,1181124,ท่าน Milton de Peyrac-Peyran สังหาร อัศวินที่ควรค่าเเก่เกียรติยศอย่างมาก ควรได้รับการยกย่องอย่างมาก,ท่าน Milton de Peyrac-Peyran สังหาร อัศวินที่ควรค่าแก่เกียรติยศอย่างมาก ควรได้รับการยกย่องอย่างมาก
เ+เ → แ,strings,1181130,สัตว์ประหลาด เเมวป่า โจร! สั่นสะท้านทั้งหมด เมื่อข้าปรากฏขึ้น!,สัตว์ประหลาด แมวป่า โจร! สั่นสะท้านทั้งหมด เมื่อข้าปรากฏขึ้น!
เ+เ → แ,strings,1181138,เอาใจใส่และพร้อมที่จะรับใช้เเล้วขอรับ,เอาใจใส่และพร้อมที่จะรับใช้แล้วขอรับ
เ+เ → แ,strings,1181152,ข้ายังคงขัดเกือกม้าอยู่ จากนั้นวางค้อนสงครามที่ช่างเหล็กเเละเเต่งเครื่องแต่งกายสำหรับม้าสงครามก่อนที่จะมาย้อมผ้า,ข้ายังคงขัดเกือกม้าอยู่ จากนั้นวางค้อนสงครามที่ช่างเหล็กและแต่งเครื่องแต่งกายสำหรับม้าสงครามก่อนที่จะมาย้อมผ้า
เ+เ → แ,strings,1181164,Gwent ไอ้อัปรีย์เอ๊ย ข้าเเพ้ทุกคนเลย ต้องนอนสักหน่อยเเล้ว,Gwent ไอ้อัปรีย์เอ๊ย ข้าแพ้ทุกคนเลย ต้องนอนสักหน่อยแล้ว
เ+เ → แ,strings,1181370,ข้าว่าเเล้วนางต้องมา,ข้าว่าแล้วนางต้องมา
เ+เ → แ,strings,1181570,เกราะผิดไปจากธรรมชาติ บาดเเผลดูผิดหูผิดตา เกิดอะไรขึ้นที่นี่กันเเน่,เกราะผิดไปจากธรรมชาติ บาดแผลดูผิดหูผิดตา เกิดอะไรขึ้นที่นี่กันแน่
เ+เ → แ,strings,1181674,ประตูถูกล็อคจากด้านใน เห็นได้ชัดเลยว่ามีการกระแทก เเต่กระนั้น มีบางอย่างพยายามที่จะออกไป,ประตูถูกล็อคจากด้านใน เห็นได้ชัดเลยว่ามีการกระแทก แต่กระนั้น มีบางอย่างพยายามที่จะออกไป
เ+เ → แ,strings,1181798,ท่านแม่ของข้าชวนเราไปดื่มน้ำชายามบ่ายในวันพรุ่งนี้ ท่านต้องชอบมากเเน่ๆ ที่ได้พบเจ้า,ท่านแม่ของข้าชวนเราไปดื่มน้ำชายามบ่ายในวันพรุ่งนี้ ท่านต้องชอบมากแน่ๆ ที่ได้พบเจ้า
เ+เ → แ,strings,1182420,ดีเลย Graylocks! ท่านเเน่ใจนะว่าท่านเอาสัตว์ร้ายนั่นอยู่หมัด!,ดีเลย Graylocks! ท่านแน่ใจนะว่าท่านเอาสัตว์ร้ายนั่นอยู่หมัด!
เ+เ → แ,strings,1182457,นั่นเป็นเเค่ความฝัน หรือว่าท่านฆ่าคนเลวทรามนั่นจริงๆ รึ!,นั่นเป็นแค่ความฝัน หรือว่าท่านฆ่าคนเลวทรามนั่นจริงๆ รึ!
เ+เ → แ,strings,1182491,เฮ้! ผู้ชนะเลิศการเเข่งขัน! ที่ซ่อง Belles จะต้องเป็นหนึ่งในการบั่นทอนความเเข็งเเรงของเจ้าได้เเน่!,เฮ้! ผู้ชนะเลิศการแข่งขัน! ที่ซ่อง Belles จะต้องเป็นหนึ่งในการบั่นทอนความแข็งแรงของเจ้าได้แน่!
เ+เ → แ,strings,1182497,เกิดอะไรขึ้นกับดวงตาเเมวเหมียวงั้นเหรอ?,เกิดอะไรขึ้นกับดวงตาแมวเหมียวงั้นเหรอ?
เ+เ → แ,strings,1182517,ทำงานเเล้วหิวน้ำเป็นบ้าเลย,ทำงานแล้วหิวน้ำเป็นบ้าเลย
เ+เ → แ,strings,1182523,เจ้าหนุ่ม ข้าจะระเบิดอยู่เเล้ว,เจ้าหนุ่ม ข้าจะระเบิดอยู่แล้ว
เ+เ → แ,strings,1183273,ภาชนะเงินบนโต๊ะอาหาร การเเกะสลักของเอลฟ์,ภาชนะเงินบนโต๊ะอาหาร การแกะสลักของเอลฟ์
เ+เ → แ,strings,1183324,บาดแผลหลายแห่งบนร่างกาย เเผลถูกเเทงจนทะลุทั้งหมด เเต่ยากที่จะบอกว่าอะไรเป็นต้นเหตุของพวกเขา เหยื่อเป็นมนุษย์ เเต่เครื่องเเต่งกายเป็นของเอลฟ์,บาดแผลหลายแห่งบนร่างกาย แผลถูกแทงจนทะลุทั้งหมด แต่ยากที่จะบอกว่าอะไรเป็นต้นเหตุของพวกเขา เหยื่อเป็นมนุษย์ แต่เครื่องแต่งกายเป็นของเอลฟ์
เ+เ → แ,strings,1183485,Geralt เเห่ง Rivia เรามีคนรู้จักร่วมกัน,Geralt แห่ง Rivia เรามีคนรู้จักร่วมกัน
เ+เ → แ,strings,1183541,Geralt เเห่ง Rivia ข้าเป็นวิทเชอร์ ข้ารู้จักพี่น้องที่อยู่ในกลุ่มของพวกเจ้านะ - Boholt Kennet และ Desbrut Newboy ก็ด้วย,Geralt แห่ง Rivia ข้าเป็นวิทเชอร์ ข้ารู้จักพี่น้องที่อยู่ในกลุ่มของพวกเจ้านะ - Boholt Kennet และ Desbrut Newboy ก็ด้วย
เ+เ → แ,strings,1183545,เจ้าเป็นวิทเชอร์ผู้นั้นนั่นเอง! ใช่ Boholt พูดถึงเจ้าด้วยล่ะ เขาเล่าว่าเจ้ามุ่งมั่นที่จะกวัดเเกว่งดาบน่ะ,เจ้าเป็นวิทเชอร์ผู้นั้นนั่นเอง! ใช่ Boholt พูดถึงเจ้าด้วยล่ะ เขาเล่าว่าเจ้ามุ่งมั่นที่จะกวัดแกว่งดาบน่ะ
เ+เ → แ,strings,1183584,ข้าจะจัดการให้แน่นอน เเละยิ่งไปกว่านั้นเป็นคำกล่าวคำหนึ่งที่ข้ามอบให้,ข้าจะจัดการให้แน่นอน และยิ่งไปกว่านั้นเป็นคำกล่าวคำหนึ่งที่ข้ามอบให้
เ+เ → แ,strings,1183629,ส่วนเเบ่งของเจ้าวิทเชอร์,ส่วนแบ่งของเจ้าวิทเชอร์
เ+เ → แ,strings,1183631,นางจะกลับมา มันเป็นเเบบนี้เสมอ ข้าคิดว่าข้าอาจจะรู้ว่านางหายไปไหน ข้าติดตามเส้นทางของนางและเชื่อว่านางอาจจะเจอเพื่อนใหม่ มันเป็นเเค่ Basilisk ธรรมดาไม่ใช่หนึ่งในสีเงิน,นางจะกลับมา มันเป็นแบบนี้เสมอ ข้าคิดว่าข้าอาจจะรู้ว่านางหายไปไหน ข้าติดตามเส้นทางของนางและเชื่อว่านางอาจจะเจอเพื่อนใหม่ มันเป็นแค่ Basilisk ธรรมดาไม่ใช่หนึ่งในสีเงิน
เ+เ → แ,strings,1183646,ไม่ต้องการเพิ่มเเล้วล่ะ แทนที่จะจ่ายให้กับครอบครัวของผู้ที่ตกเป็นเหยื่อสัตว์เลี้ยงของเจ้าดีกว่านะ,ไม่ต้องการเพิ่มแล้วล่ะ แทนที่จะจ่ายให้กับครอบครัวของผู้ที่ตกเป็นเหยื่อสัตว์เลี้ยงของเจ้าดีกว่านะ
เ+เ → แ,strings,1183648,ท่านช่างประเสริฐนักนายท่าน ข้าจะเอาคำเเนะนำนี้ไปใช้ด้วยหัวใจ,ท่านช่างประเสริฐนักนายท่าน ข้าจะเอาคำแนะนำนี้ไปใช้ด้วยหัวใจ
เ+เ → แ,strings,1183912,ฮ่าฮ่าฮ่า! เป็นงานที่ง่ายที่สุดที่ข้าเคยทำเลย โชคดี วิทเชอร์ทำงานแปลกๆ กับเจ้า เเปลกเเต่ดีเเหะ,ฮ่าฮ่าฮ่า! เป็นงานที่ง่ายที่สุดที่ข้าเคยทำเลย โชคดี วิทเชอร์ทำงานแปลกๆ กับเจ้า แปลกแต่ดีแหะ
เ+เ → แ,strings,1183968,Geralt ตัดสินใจที่จะตามหาเกวียนซึ่งครั้งหนึ่งเคยเป็นของ Veidt มาก่อน นักเดินทางผู้ซึ่งตกเป็นเหยื่อของเหล่าโจรที่ดักปล้นตามริมทาง ซึ่งวิทเชอร์เองก็เป็นนักเดินทางและนักสำรวจเเหมือนกัน จึงทำให้เขารู้ได้ว่าการวางแผนในการเดินทางนั้นต้องเตรียมการมาพร้อมสำหรับทุกๆ สถานการณ์ที่จะเกิดขึ้น ซึ่งก็รวมถึงการที่ต้องพกสิ่งของมีค่าติดตัวมาด้วย ดังนั้นเขาจึงได้มองหาจุดที่นักเดินทางได้จบชีวิตลง ที่ๆ เขาได้จัดการสังหารกลุ่มโจรอีกกลุ่มที่กำลังค้นหาทรัพย์สินของนักเดินทางอยู่ จากนั้นเขาก็ได้ดำลงไปกวาดของมีค่าจากเกวียนใต้น้ำนั่นไปจนเกลี้ยงด้วยความรวดเร็ว<br>,Geralt ตัดสินใจที่จะตามหาเกวียนซึ่งครั้งหนึ่งเคยเป็นของ Veidt มาก่อน นักเดินทางผู้ซึ่งตกเป็นเหยื่อของเหล่าโจรที่ดักปล้นตามริมทาง ซึ่งวิทเชอร์เองก็เป็นนักเดินทางและนักสำรวจแหมือนกัน จึงทำให้เขารู้ได้ว่าการวางแผนในการเดินทางนั้นต้องเตรียมการมาพร้อมสำหรับทุกๆ สถานการณ์ที่จะเกิดขึ้น ซึ่งก็รวมถึงการที่ต้องพกสิ่งของมีค่าติดตัวมาด้วย ดังนั้นเขาจึงได้มองหาจุดที่นักเดินทางได้จบชีวิตลง ที่ๆ เขาได้จัดการสังหารกลุ่มโจรอีกกลุ่มที่กำลังค้นหาทรัพย์สินของนักเดินทางอยู่ จากนั้นเขาก็ได้ดำลงไปกวาดของมีค่าจากเกวียนใต้น้ำนั่นไปจนเกลี้ยงด้วยความรวดเร็ว<br>
เ+เ → แ,strings,1184514,Magascope พังซะเเล้ว,Magascope พังซะแล้ว
เ+เ → แ,strings,1184819,หอยทากเลื้อยไปตามตระก้าเเล้วก็ถัง! ทีฮี่ฮี!,หอยทากเลื้อยไปตามตระก้าแล้วก็ถัง! ทีฮี่ฮี!
เ+เ → แ,strings,1184829,ข้าซ่อนเเล้ว! เจ้าหาได้เลย ตอนนี้!,ข้าซ่อนแล้ว! เจ้าหาได้เลย ตอนนี้!
เ+เ → แ,strings,1184847,บา บา เเกะดำ เจ้ามีขนมั้ยน้า!,บา บา แกะดำ เจ้ามีขนมั้ยน้า!
เ+เ → แ,strings,1184853,หนึ่งสองสาม…คุณย่าของข้าเห็นข้าเเล้ว! ฮ่าฮ่าฮ่า!,หนึ่งสองสาม…คุณย่าของข้าเห็นข้าแล้ว! ฮ่าฮ่าฮ่า!
เ+เ → แ,strings,1184887,บ๊ายบายเจ้าตัวน้อย ป๊ะป๋าจะไปล่าสัตว์เเล้วนะ!,บ๊ายบายเจ้าตัวน้อย ป๊ะป๋าจะไปล่าสัตว์แล้วนะ!
เ+เ → แ,strings,1184893,ข้าจะมีน้องสาวตัวน้อยเเล้ว! ข้าจะมีน้องสาวตัวน้อยเเล้ว!,ข้าจะมีน้องสาวตัวน้อยแล้ว! ข้าจะมีน้องสาวตัวน้อยแล้ว!
เ+เ → แ,strings,1185025,ข้า…ข้าอาจจะรู้ว่าเกิดอะไรขึ้น รูปปั้นนั่นเจ้าจะเห็นเมื่อยืนอยู่ในพระราชวังเเห่งหนึ่งของ Divethaf ข้าได้รับพวกเขาเมื่อหนึ่งเดือนที่ผ่านมา เพราะว่า - เอ่อ บางทีข้าควรเริ่มตั้งแต่ตอนเเรก,ข้า…ข้าอาจจะรู้ว่าเกิดอะไรขึ้น รูปปั้นนั่นเจ้าจะเห็นเมื่อยืนอยู่ในพระราชวังแห่งหนึ่งของ Divethaf ข้าได้รับพวกเขาเมื่อหนึ่งเดือนที่ผ่านมา เพราะว่า - เอ่อ บางทีข้าควรเริ่มตั้งแต่ตอนแรก
เ+เ → แ,strings,1185092,มันเป็นโชคดีที่เขาได้ทำเกินไป เนื่องจาก Divethaf ได้วางแผนการล่มสลายของ Ludovic เเลกกับการที่เขาจะไม่ได้เเกะสลักรูปปั้น แต่เป็น Golem ส์ที่ปลอมตัวเป็นเช่นนั้น Golem ใช้คำกล่าวที่แสดงความเคารพ… Golem ส์ที่จะเปลี่ยนเเปลงราชาและเป็นองครักษ์ของเขาลงในกระดาษที่มีสีสันสดใสมากมาย,มันเป็นโชคดีที่เขาได้ทำเกินไป เนื่องจาก Divethaf ได้วางแผนการล่มสลายของ Ludovic แลกกับการที่เขาจะไม่ได้แกะสลักรูปปั้น แต่เป็น Golem ส์ที่ปลอมตัวเป็นเช่นนั้น Golem ใช้คำกล่าวที่แสดงความเคารพ… Golem ส์ที่จะเปลี่ยนแปลงราชาและเป็นองครักษ์ของเขาลงในกระดาษที่มีสีสันสดใสมากมาย
เ+เ → แ,strings,1185248,เพียงเเค่ไวน์ไม่กี่หยดและดูเถิดและดูเถิด - ข้ายังเห็นชัดอยู่น่า!,เพียงแค่ไวน์ไม่กี่หยดและดูเถิดและดูเถิด - ข้ายังเห็นชัดอยู่น่า!
เ+เ → แ,strings,1185293,สาวโสดทุกคนเก็บปีศาจไว้ที่ไหนสักเเห่งในเงามืด!,สาวโสดทุกคนเก็บปีศาจไว้ที่ไหนสักแห่งในเงามืด!
เ+เ → แ,strings,1185504,ตอนเรายังเเพิ่งเป็นเมด เรายึดตามคุณธรรมอย่างหนึ่งเป็นหลัก ซึ่งมันก็ควรจะเป็นอย่างนั้น!,ตอนเรายังแพิ่งเป็นเมด เรายึดตามคุณธรรมอย่างหนึ่งเป็นหลัก ซึ่งมันก็ควรจะเป็นอย่างนั้น!
เ+เ → แ,strings,1185652,Divethaf วางก้อนขนมปังไว้ตรงหน้าของ Ludovic หนึ่งก้อน bynnen คือขนมปัง elven ด้วยเหตุนี้จึงอนุญาตให้มนุษย์ปกครองดินแดนเเห่งเมล็ดพันธ์ที่ให้ผลผลิตนี้ได้,Divethaf วางก้อนขนมปังไว้ตรงหน้าของ Ludovic หนึ่งก้อน bynnen คือขนมปัง elven ด้วยเหตุนี้จึงอนุญาตให้มนุษย์ปกครองดินแดนแห่งเมล็ดพันธ์ที่ให้ผลผลิตนี้ได้
เ+เ → แ,strings,1185654,จากนั้น Divethaf ก็บรรจุบาตรด้วยพิธีการอันหรูหราด้วย ไวน์ elven gwinoedd โลหิตอันหอมหวานแห่งดินเเดนที่ถูกพรากไปจากเขา,จากนั้น Divethaf ก็บรรจุบาตรด้วยพิธีการอันหรูหราด้วย ไวน์ elven gwinoedd โลหิตอันหอมหวานแห่งดินแดนที่ถูกพรากไปจากเขา
เ+เ → แ,strings,1185656,ในที่สุดราชาเเห่งเอลฟ์ก็คว้าดาบและโล่ของเขาไว้ จึงเป็นสัญลักษณ์ผ่านคำสั่งกองทัพของพระองค์ต่อมนุษย์,ในที่สุดราชาแห่งเอลฟ์ก็คว้าดาบและโล่ของเขาไว้ จึงเป็นสัญลักษณ์ผ่านคำสั่งกองทัพของพระองค์ต่อมนุษย์
เ+เ → แ,strings,1185674,ราชาเเห่งเอลฟ์ ชะลูดในความภูมิใจของเขา ดึงดาบของเขาเเละลดลงไปที่หัวเข่าของเขา จึงเป็นการยอมรับความพ่ายแพ้ครั้งสุดท้ายของเขา,ราชาแห่งเอลฟ์ ชะลูดในความภูมิใจของเขา ดึงดาบของเขาและลดลงไปที่หัวเข่าของเขา จึงเป็นการยอมรับความพ่ายแพ้ครั้งสุดท้ายของเขา
เ+เ → แ,strings,1185815,เราได้เเสดงละคร ฉะ-ฉาก - D-Divethaf กำลังเเสดงความเคารพ ตะ-ตรงนั้นมีเเสงวาบขึ้นมาเเสงนั่นทำให้ตาข้ามองไม่เห็นทั้งหมด ข้าได้ยินเสียงร้อง เเม้ว่าไม่เห็นอะไร หลังจากนั้นก็รู้สึกว่าเสื้อคลุมของตัวเองกำลังลุกไหม้,เราได้แสดงละคร ฉะ-ฉาก - D-Divethaf กำลังแสดงความเคารพ ตะ-ตรงนั้นมีแสงวาบขึ้นมาแสงนั่นทำให้ตาข้ามองไม่เห็นทั้งหมด ข้าได้ยินเสียงร้อง แม้ว่าไม่เห็นอะไร หลังจากนั้นก็รู้สึกว่าเสื้อคลุมของตัวเองกำลังลุกไหม้
เ+เ → แ,strings,1185817,ข้ากระจัดกระจายเเละวิ่งหนี รีบถอดเสื้อรัดรูปชายของข้าออกเเล้วกระโจนเข้ามาที่นี่ จากนั้น ปิดเเละล็อคประตูที่อยู่ข้างหลังของข้า,ข้ากระจัดกระจายและวิ่งหนี รีบถอดเสื้อรัดรูปชายของข้าออกแล้วกระโจนเข้ามาที่นี่ จากนั้น ปิดและล็อคประตูที่อยู่ข้างหลังของข้า
เ+เ → แ,strings,1185904,เราพบกันที่นี่เป็นประจำทุกปี เพื่อทำเครื่องหมายวันครบรอบของการเเสดงความเคารพต่อเอลฟ์ แต่ทว่าเรื่องเเบบนี้…เพราะอะไรกัน มันเป็นครั้งแรก,เราพบกันที่นี่เป็นประจำทุกปี เพื่อทำเครื่องหมายวันครบรอบของการแสดงความเคารพต่อเอลฟ์ แต่ทว่าเรื่องแบบนี้…เพราะอะไรกัน มันเป็นครั้งแรก
เ+เ → แ,strings,1185931,ท่านบ้าไปเเล้วเรอะ ท่านจะให้สิ่งนี้ ฆ่าพวกเรารึไง,ท่านบ้าไปแล้วเรอะ ท่านจะให้สิ่งนี้ ฆ่าพวกเรารึไง
เ+เ → แ,strings,1185933,ไม่ ไม่ต้องการให้มันฆ่าใครอีก เพราะอะไรล่ะข้าต้องทำงานของข้าอย่างถูกต้อง - เรียกมันมาอีกครั้ง ไม่ว่ามันจะเป็นอะไรก็ตามและมีแนวโน้มที่จะทำทันที Durand ข้าคิดว่าต้องปฏิญาณตนอีกครั้ง เพื่อเป็นหลักฐานของการเเสดงความเคารพ โดยลำพัง,ไม่ ไม่ต้องการให้มันฆ่าใครอีก เพราะอะไรล่ะข้าต้องทำงานของข้าอย่างถูกต้อง - เรียกมันมาอีกครั้ง ไม่ว่ามันจะเป็นอะไรก็ตามและมีแนวโน้มที่จะทำทันที Durand ข้าคิดว่าต้องปฏิญาณตนอีกครั้ง เพื่อเป็นหลักฐานของการแสดงความเคารพ โดยลำพัง
เ+เ → แ,strings,1186005,เอ่อ โลกเป็นเเบบนี้ทุกวันเลย,เอ่อ โลกเป็นแบบนี้ทุกวันเลย
เ+เ → แ,strings,1186065,ส่งเเก้วมา ด่วนเลย!,ส่งแก้วมา ด่วนเลย!
เ+เ → แ,strings,1186081,บ้าไปเเล้วเหรอ!,บ้าไปแล้วเหรอ!
เ+เ → แ,strings,1186113,วิทเชอร์! เเกบ้าเหรอ!,วิทเชอร์! แกบ้าเหรอ!
เ+เ → แ,strings,1186127,อย่าเเม้เเต่จะกล้า!,อย่าแม้แต่จะกล้า!
เ+เ → แ,strings,1186129,ห้ามเเตะต้อง!,ห้ามแตะต้อง!
เ+เ → แ,strings,1186145,"นำเเอปเปิ้ลไปให้ ""ยูนิคอร์น"" เพื่อที่จะได้รับความไว้วางใจ","นำแอปเปิ้ลไปให้ ""ยูนิคอร์น"" เพื่อที่จะได้รับความไว้วางใจ"
เ+เ → แ,strings,1186159,Divethaf นี้ได้จ่ายเงินให้กับมนุษย์ เพื่อสร้างรูปปั้นประเภทนี้ในแต่ละปี ถึงอย่างนั้น…เขาก็ทำเช่นนั้น เเต่เพียงครั้งเดียว เมื่อเขาเสียชีวิตในการสังหารหมู่ของพวกอมนุษย์ที่เชิงเขา Mount Gorgon ในปีเจ็ดร้อยแปดสิบสอง,Divethaf นี้ได้จ่ายเงินให้กับมนุษย์ เพื่อสร้างรูปปั้นประเภทนี้ในแต่ละปี ถึงอย่างนั้น…เขาก็ทำเช่นนั้น แต่เพียงครั้งเดียว เมื่อเขาเสียชีวิตในการสังหารหมู่ของพวกอมนุษย์ที่เชิงเขา Mount Gorgon ในปีเจ็ดร้อยแปดสิบสอง
เ+เ → แ,strings,1186161,โดยทั่วไป การทรยศอยู่ในตัวตนของเอลฟ์อยู่เเล้ว ถุ้ย!,โดยทั่วไป การทรยศอยู่ในตัวตนของเอลฟ์อยู่แล้ว ถุ้ย!
เ+เ → แ,strings,1186164,ถึงเวลาที่ข้าต้องไปเเล้ว,ถึงเวลาที่ข้าต้องไปแล้ว
เ+เ → แ,strings,1186195,เจ้าก็ไม่ดีไปกว่าหรอก เอลฟ์เพียงเเค่ปกป้องดินแดนของพวกเขา พวกมนุษย์เอามันมา แต่เจ้ายังไม่พอใจอีก  ต้องหั่นพวกเอลฟ์ลงทุกตนยันตนสุดท้ายเลยมั้ย,เจ้าก็ไม่ดีไปกว่าหรอก เอลฟ์เพียงแค่ปกป้องดินแดนของพวกเขา พวกมนุษย์เอามันมา แต่เจ้ายังไม่พอใจอีก  ต้องหั่นพวกเอลฟ์ลงทุกตนยันตนสุดท้ายเลยมั้ย
เ+เ → แ,strings,1186224,ใช่ ในวิถีชีวิต เเค่ละอายใจที่จะต้องยอมรับในมันบางครั้งน่ะ,ใช่ ในวิถีชีวิต แค่ละอายใจที่จะต้องยอมรับในมันบางครั้งน่ะ
เ+เ → แ,strings,1186227,คำพูดของเจ้า - พวกเขาผิด วิทเชอร์แต่ข้าจะไม่ปล่อยให้คุณจากไปมือเปล่าหรอกนะ เอานี่ไป - ข้าตอบเเทนของเจ้า,คำพูดของเจ้า - พวกเขาผิด วิทเชอร์แต่ข้าจะไม่ปล่อยให้คุณจากไปมือเปล่าหรอกนะ เอานี่ไป - ข้าตอบแทนของเจ้า
เ+เ → แ,strings,1186253,บรื๋อ ความคิดที่เเท้จริงของเจ้า ส่งลมเย็นมาทางด้านหลังของข้าเลยล่ะ,บรื๋อ ความคิดที่แท้จริงของเจ้า ส่งลมเย็นมาทางด้านหลังของข้าเลยล่ะ
เ+เ → แ,strings,1186274,เจ้าเเน่ใจเเล้วเหรอ เขามาจากที่ไหนกันล่ะ เรามีอมนุษย์ไม่กี่คนใน Toussaint หรอกนะ,เจ้าแน่ใจแล้วเหรอ เขามาจากที่ไหนกันล่ะ เรามีอมนุษย์ไม่กี่คนใน Toussaint หรอกนะ
เ+เ → แ,strings,1186305,ดูเหมือนจะไม่ยาก ข้ายินดีที่จะทำสิ่งที่น่าพอใจนี้เพื่อเป็นการเเลกเปลี่ยน,ดูเหมือนจะไม่ยาก ข้ายินดีที่จะทำสิ่งที่น่าพอใจนี้เพื่อเป็นการแลกเปลี่ยน
เ+เ → แ,strings,1186391,คงจะได้ยินเรื่องสัตว์ร้ายนี้เป็นครั้งสุดท้ายเเล้วก็ได้ เผารัง ทำลายไข่ ทุกอย่างไปหมดเเล้ว,คงจะได้ยินเรื่องสัตว์ร้ายนี้เป็นครั้งสุดท้ายแล้วก็ได้ เผารัง ทำลายไข่ ทุกอย่างไปหมดแล้ว
เ+เ → แ,strings,1186472,"บอกว่า ""Great White Terror"" บนสัญญา อาจจะเหมือนสัตว์ร้ายที่เหมือนกันในประกาศ เพียงเเต่ว่า","บอกว่า ""Great White Terror"" บนสัญญา อาจจะเหมือนสัตว์ร้ายที่เหมือนกันในประกาศ เพียงแต่ว่า"
เ+เ → แ,strings,1186513,โดนเผาทั้งเป็น อากาศในนี้มันก็ร้อนจริงๆ เเหละ,โดนเผาทั้งเป็น อากาศในนี้มันก็ร้อนจริงๆ แหละ
เ+เ → แ,strings,1186519,หลบหนี เเล้วจากนั้นล้มลงกับพื้นเพื่อจะดับเปลวไฟ เเต่ทำไม่สำเร็จ,หลบหนี แล้วจากนั้นล้มลงกับพื้นเพื่อจะดับเปลวไฟ แต่ทำไม่สำเร็จ
เ+เ → แ,strings,1186560,ขนาดเเละสีผิดจากธรรมชาติ เเร่เงินงั้นรึ ไม่เคยเห็นอะไรเเบบนี้มาก่อนเลย,ขนาดและสีผิดจากธรรมชาติ แร่เงินงั้นรึ ไม่เคยเห็นอะไรแบบนี้มาก่อนเลย
เ+เ → แ,strings,1186612,ชาวบ้านบอกว่ามีวิทเชอร์เเยกจากกันในที่เหล่านี้,ชาวบ้านบอกว่ามีวิทเชอร์แยกจากกันในที่เหล่านี้
เ+เ → แ,strings,1186620,Basilisk กระพือปีก รวดเร็วเเละถี่ถ้วน - นั่นเป็นลางสังหรณ์ที่ดี,Basilisk กระพือปีก รวดเร็วและถี่ถ้วน - นั่นเป็นลางสังหรณ์ที่ดี
เ+เ → แ,strings,1186643,กลิ่นฟุ่งกระจายไปทั้ว Basilisk จะต้องบินสูงขึ้นไปบนฟ้าเเน่,กลิ่นฟุ่งกระจายไปทั้ว Basilisk จะต้องบินสูงขึ้นไปบนฟ้าแน่
เ+เ → แ,strings,1186754,เจ้าดูหิวกระหายนะ โอ้ กระหายน้ำ เเน่นอนเลย,เจ้าดูหิวกระหายนะ โอ้ กระหายน้ำ แน่นอนเลย
เ+เ → แ,strings,1186756,เเล้ว เมื่อเช้าหลังจากนั้น มันคือไรเหรอ,แล้ว เมื่อเช้าหลังจากนั้น มันคือไรเหรอ
เ+เ → แ,strings,1186770,โสเภณีก็คือโสเภณีนั่นเเหละ!,โสเภณีก็คือโสเภณีนั่นแหละ!
เ+เ → แ,strings,1186772,หญิงพรหมจารีต้องการความอ่อนโยน! อย่างร้อนเเรง!,หญิงพรหมจารีต้องการความอ่อนโยน! อย่างร้อนแรง!
เ+เ → แ,strings,1186978,ข้าสามารถลองเเก้คำสาปให้ท่านได้,ข้าสามารถลองแก้คำสาปให้ท่านได้
เ+เ → แ,strings,1186979,เวทมนตร์ภาพลวงตา - การใช้ภาพลวงตาอาจเป็นอันตรายเเก่พวกเขาได้,เวทมนตร์ภาพลวงตา - การใช้ภาพลวงตาอาจเป็นอันตรายแก่พวกเขาได้
เ+เ → แ,strings,1187015,รู้อะไรมั้ย ข้าเปลี่ยนใจแล้ว ข้าไม่มีอารมณ์คุยเรื่องตกแต่งบ้านวันนี้เเล้ว แต่ข้าอยากจะถามเจ้าเรื่องอื่นอีก,รู้อะไรมั้ย ข้าเปลี่ยนใจแล้ว ข้าไม่มีอารมณ์คุยเรื่องตกแต่งบ้านวันนี้แล้ว แต่ข้าอยากจะถามเจ้าเรื่องอื่นอีก
เ+เ → แ,strings,1187238,Vivienne บอกรายละเอียดเกี่ยวกับสถานการณ์ของนางให้แก่ข้าเเล้ว แต่นางก็เต็มใจอย่างเเน่วเเน่ว่า จะไม่ให้ใครรู้เรื่องเกี่ยวกับนางให้ได้,Vivienne บอกรายละเอียดเกี่ยวกับสถานการณ์ของนางให้แก่ข้าแล้ว แต่นางก็เต็มใจอย่างแน่วแน่ว่า จะไม่ให้ใครรู้เรื่องเกี่ยวกับนางให้ได้
เ+เ → แ,strings,1187240,แต่ข้าไม่ใช่คนอื่นคนไกลเลย! ทำไม ข้าทำทุกอย่างก็เพื่อนาง! ข้าเป็นคนเดียวที่ขอให้เจ้าช่วยนาง เจ้าอย่าปิดเรื่องนี้กับข้าเลยกับข้าเลยเเละเจ้าปิดเรื่องนี้จากข้าไม่ได้หรอก,แต่ข้าไม่ใช่คนอื่นคนไกลเลย! ทำไม ข้าทำทุกอย่างก็เพื่อนาง! ข้าเป็นคนเดียวที่ขอให้เจ้าช่วยนาง เจ้าอย่าปิดเรื่องนี้กับข้าเลยกับข้าเลยและเจ้าปิดเรื่องนี้จากข้าไม่ได้หรอก
เ+เ → แ,strings,1187368,เเล้ว ท่านชอบที่นี่มั้ย,แล้ว ท่านชอบที่นี่มั้ย
เ+เ → แ,strings,1187432,เจ้าเเมวเหมียว ดู ดู ดิดเดอร์,เจ้าแมวเหมียว ดู ดู ดิดเดอร์
เ+เ → แ,strings,1187448,ข้าทำงานตั้งแต่เช้าจนจรดค่ำแสงสุดท้าย หลังจากนั้นส่งต่อให้ภรรยาที่ดีของข้าเเละเป็นคืนที่ยาวนาน!,ข้าทำงานตั้งแต่เช้าจนจรดค่ำแสงสุดท้าย หลังจากนั้นส่งต่อให้ภรรยาที่ดีของข้าและเป็นคืนที่ยาวนาน!
เ+เ → แ,strings,1187545,ท่านเชื่อมั้ย ข้าจะได้ทำผมใหม่ด้วยล่ะจาก Jean-Louis Ludovic ข้าได้นัดหมายเเละทั้งหมดทั้งปวง แต่เมื่อข้าเดินเข้าไป…ที่นั่นมันว่างเปล่านะสิ!,ท่านเชื่อมั้ย ข้าจะได้ทำผมใหม่ด้วยล่ะจาก Jean-Louis Ludovic ข้าได้นัดหมายและทั้งหมดทั้งปวง แต่เมื่อข้าเดินเข้าไป…ที่นั่นมันว่างเปล่านะสิ!
เ+เ → แ,strings,1187798,เเน่นอน เพื่อป้องกันไม่ให้ใครเกิดอันตรายใดๆ,แน่นอน เพื่อป้องกันไม่ให้ใครเกิดอันตรายใดๆ
เ+เ → แ,strings,1187856,แต่บางอย่างอาจเกิดขึ้น ใครจะรู้ Locaste สามารถวางไข่ใหม่ได้ บางทีอาจะเป็นสายพันธ์ผสมเเบบใหม่ก็ได้นะ,แต่บางอย่างอาจเกิดขึ้น ใครจะรู้ Locaste สามารถวางไข่ใหม่ได้ บางทีอาจะเป็นสายพันธ์ผสมแบบใหม่ก็ได้นะ
เ+เ → แ,strings,1188086,อ่าา มนุษย์แบบพวกเจ้านี่ไม่เคยทำให้ข้าหยุดประหลาดใจได้เลย ความรู้สึกสิ้นหวังเมื่อต้องเผชิญกับสิ่งที่สัจธรรมได้กำหนดไว้เเล้ว…จุ๊ จุ๊,อ่าา มนุษย์แบบพวกเจ้านี่ไม่เคยทำให้ข้าหยุดประหลาดใจได้เลย ความรู้สึกสิ้นหวังเมื่อต้องเผชิญกับสิ่งที่สัจธรรมได้กำหนดไว้แล้ว…จุ๊ จุ๊
เ+เ → แ,strings,1188212,เจ้ากล้าสอนข้าเหรอ! นี่ไม่ใช่ความช่วยเหลือที่ข้าต้องการนะ! และข้าคิดว่าเจ้าน่าจะไม่น่าจะยอมแพ้ในจุดนี้เลย! ข้าสลดใจยิ่งนัก เเล้วกีฬาละเจ้าตั้งใจจะแข่งขันให้มันจบมั้ย,เจ้ากล้าสอนข้าเหรอ! นี่ไม่ใช่ความช่วยเหลือที่ข้าต้องการนะ! และข้าคิดว่าเจ้าน่าจะไม่น่าจะยอมแพ้ในจุดนี้เลย! ข้าสลดใจยิ่งนัก แล้วกีฬาละเจ้าตั้งใจจะแข่งขันให้มันจบมั้ย
เ+เ → แ,strings,1188236,โอ้ คอกม้าที่แข็งแกร่งเป็นเกียรติสูงสุดของเจ้าของ เเค่บอกมา แล้วข้าจะให้พวกเขาเริ่มงานทันที,โอ้ คอกม้าที่แข็งแกร่งเป็นเกียรติสูงสุดของเจ้าของ แค่บอกมา แล้วข้าจะให้พวกเขาเริ่มงานทันที
เ+เ → แ,strings,1188390,เริ่มการเเข่งได้!,เริ่มการแข่งได้!
เ+เ → แ,strings,1188593,พิจารณาตัวท่านเองเเละทักทายซะ,พิจารณาตัวท่านเองและทักทายซะ
เ+เ → แ,strings,1188605,พวกเขาพูดถึงดีงามของเจ้ากันอยู่นะวิทเชอร์เเละมันก็ยิ่งซุบซิบกันมากขึ้นไปอีก,พวกเขาพูดถึงดีงามของเจ้ากันอยู่นะวิทเชอร์และมันก็ยิ่งซุบซิบกันมากขึ้นไปอีก
เ+เ → แ,strings,1188633,ข้าจะไม่ไป! ข้าจะไม่ทำมันเเน่นอน!,ข้าจะไม่ไป! ข้าจะไม่ทำมันแน่นอน!
เ+เ → แ,strings,1188641,ความลับอันมืดมิดมัวหมองเเม้กระทั่งขุนนางในเทพนิยายเช่นเดียวกับ Toussaint,ความลับอันมืดมิดมัวหมองแม้กระทั่งขุนนางในเทพนิยายเช่นเดียวกับ Toussaint
เ+เ → แ,strings,1188657,ขอแสดงความยินดีกับชัยชนะของท่านในการแข่งขัน ท่าน Geralt เเห่ง Rivia,ขอแสดงความยินดีกับชัยชนะของท่านในการแข่งขัน ท่าน Geralt แห่ง Rivia
เ+เ → แ,strings,1188701,อย่ามาเเตะต้อง,อย่ามาแตะต้อง
เ+เ → แ,strings,1188721,จัดบ้านของท่านเองให้เป็นระเบียบก่อนเลยอย่างเเรก,จัดบ้านของท่านเองให้เป็นระเบียบก่อนเลยอย่างแรก
เ+เ → แ,strings,1188745,"ไปยังอัศวินทุกคนเเละตะโกนว่า ""สัตว์ร้าย"" ท่านจะได้ดมกลิ่นชุดเกราะที่เปื้อนโคนในทันที!","ไปยังอัศวินทุกคนและตะโกนว่า ""สัตว์ร้าย"" ท่านจะได้ดมกลิ่นชุดเกราะที่เปื้อนโคนในทันที!"
เ+เ → แ,strings,1188791,ปกป้องสระน้ำเเห่งวิญญาณ!,ปกป้องสระน้ำแห่งวิญญาณ!
เ+เ → แ,strings,1188801,การพักเเรมจะทำให้สุขภาพดีขึ้น,การพักแรมจะทำให้สุขภาพดีขึ้น
เ+เ → แ,strings,1189139,ดูเหมือนว่าเจ้าสัตว์ร้ายจะไม่อยู่ที่นี่ เราคงทำอะไรไม่ได้แล้ว เราคงต้องทนอยู่กับมันซะเเล้ว,ดูเหมือนว่าเจ้าสัตว์ร้ายจะไม่อยู่ที่นี่ เราคงทำอะไรไม่ได้แล้ว เราคงต้องทนอยู่กับมันซะแล้ว
เ+เ → แ,strings,1189428,เเต่มันเป็นตราประจำตระกูลอันสูงส่งของข้า,แต่มันเป็นตราประจำตระกูลอันสูงส่งของข้า
เ+เ → แ,strings,1189475,หุบปาก! ข้าฟังมาพอเเล้ว!,หุบปาก! ข้าฟังมาพอแล้ว!
เ+เ → แ,strings,1189499,ข้า - ข้าจะยืนหรือจะนะ-นั่งมากกว่าสำหรับ K-king Ludovic บนบัลลังก์ของเอลฟ์ ในขณะที่เจ้าวิทเชอร์จะเต้องล่นเป็นผู้ปกครอง Aen Seidhe ระ- เราต้องสวมเครื่องเเต่งกาย ทั้งหมดจะต้องถูกต้อง,ข้า - ข้าจะยืนหรือจะนะ-นั่งมากกว่าสำหรับ K-king Ludovic บนบัลลังก์ของเอลฟ์ ในขณะที่เจ้าวิทเชอร์จะเต้องล่นเป็นผู้ปกครอง Aen Seidhe ระ- เราต้องสวมเครื่องแต่งกาย ทั้งหมดจะต้องถูกต้อง
เ+เ → แ,strings,1189503,Divethaf ราชาเเห่งเอลฟ์ ผู้จัดงาน Ludovic ในปราสาทของเขาเอง บนบัลลังก์ของเขา ท่ามกลางแสงเจิดจ้ามากมายเหลือเกินของคบไฟ,Divethaf ราชาแห่งเอลฟ์ ผู้จัดงาน Ludovic ในปราสาทของเขาเอง บนบัลลังก์ของเขา ท่ามกลางแสงเจิดจ้ามากมายเหลือเกินของคบไฟ
เ+เ → แ,strings,1189659,ฉลองจนถังไวน์เเห้งไปเลย! ราวกับว่าเป็นวันสุดท้ายของชีวิต!,ฉลองจนถังไวน์แห้งไปเลย! ราวกับว่าเป็นวันสุดท้ายของชีวิต!
เ+เ → แ,strings,1189721,ข้าได้มาพอเเล้ว ของทั้งหมดน่ะ,ข้าได้มาพอแล้ว ของทั้งหมดน่ะ
เ+เ → แ,strings,1189725,มันเป็นเเค่เศษเล็กเศษน้อยรอบๆ ที่นี่! อย่างน้อยอากาศก็ดี,มันเป็นแค่เศษเล็กเศษน้อยรอบๆ ที่นี่! อย่างน้อยอากาศก็ดี
เ+เ → แ,strings,1189727,เอ๋ เเล้วมนุษย์จะมีชีวิตอยู่อย่างไร,เอ๋ แล้วมนุษย์จะมีชีวิตอยู่อย่างไร
เ+เ → แ,strings,1189891,เเตะถังด้วยเดือย ใช้เพื่อรับไวน์จากถัง,แตะถังด้วยเดือย ใช้เพื่อรับไวน์จากถัง
เ+เ → แ,strings,1190156,Geralt เเห่ง Rivia เห็นเจ้าประกาศเกี่ยวกับ การเเข่งขันไพ่ Gwent,Geralt แห่ง Rivia เห็นเจ้าประกาศเกี่ยวกับ การแข่งขันไพ่ Gwent
เ+เ → แ,strings,1190178,เข้าร่วมการเเข่งขัน,เข้าร่วมการแข่งขัน
เ+เ → แ,strings,1190206,ใช่ พ่อหนุ่มอัศวินเเละมิตรสหาย,ใช่ พ่อหนุ่มอัศวินและมิตรสหาย
เ+เ → แ,strings,1191502,ไปได้เเล้ว,ไปได้แล้ว
เ+เ → แ,strings,1191516,บาดแผลเเห่ง Lebioda! Geralt of Rivia!,บาดแผลแห่ง Lebioda! Geralt of Rivia!
เ+เ → แ,strings,1191586,ข้า เป็นเเค่ผู้หญิงตัวเล็กที่น่าสงสารเท่านั้น!,ข้า เป็นแค่ผู้หญิงตัวเล็กที่น่าสงสารเท่านั้น!
เ+เ → แ,strings,1191796,เราจะจูบพื้นดินที่ท่านเดินไป คือว่ามันได้ใช่มั้ย แต่สมควรเเล้วท่านเพิ่งทำหน้าที่ของท่านอย่างน่าอัศจรรย์ไปนี่!,เราจะจูบพื้นดินที่ท่านเดินไป คือว่ามันได้ใช่มั้ย แต่สมควรแล้วท่านเพิ่งทำหน้าที่ของท่านอย่างน่าอัศจรรย์ไปนี่!
เ+เ → แ,strings,1192050,การมีบ้าน…รู้สึก…แปลกเเฮะ,การมีบ้าน…รู้สึก…แปลกแฮะ
เ+เ → แ,strings,1192112,"ไม่ใช่เลยต่างหาก พวกนี้ไม่ใช่ตำราเวทมนตร์ เป็นเเค่หนังสือสนุกๆ ทั่วไป ""ชื่อของกล้วยไม้"" ""ครึ่งปีของพ่อหม้าย""","ไม่ใช่เลยต่างหาก พวกนี้ไม่ใช่ตำราเวทมนตร์ เป็นแค่หนังสือสนุกๆ ทั่วไป ""ชื่อของกล้วยไม้"" ""ครึ่งปีของพ่อหม้าย"""
เ+เ → แ,strings,1192117,อืม…ภูมิทัศน์ที่น่ารักและเมืองที่น่าหลงใหลเเละมีเสน่ห์ ไม่ต้องถามถึงเลย,อืม…ภูมิทัศน์ที่น่ารักและเมืองที่น่าหลงใหลและมีเสน่ห์ ไม่ต้องถามถึงเลย
เ+เ → แ,strings,1192159,เพราะข้าเคยเป็นอย่างนั้นน่ะสิ แต่ตอนนี้ไม่เเล้ว,เพราะข้าเคยเป็นอย่างนั้นน่ะสิ แต่ตอนนี้ไม่แล้ว
เ+เ → แ,strings,1192164,และท่านรู้อะไรมั้ย ข้าชอบเเบบนี้น่ะ ในที่สุดข้าก็หยุดคิดเรื่องการเมืองและได้มุ่งเน้นไปยังสิ่งที่สำคัญสำหรับข้าเสียที,และท่านรู้อะไรมั้ย ข้าชอบแบบนี้น่ะ ในที่สุดข้าก็หยุดคิดเรื่องการเมืองและได้มุ่งเน้นไปยังสิ่งที่สำคัญสำหรับข้าเสียที
เ+เ → แ,strings,1192329,อืมม ข้าต้องพูดเลยว่าข้าไม่เคยนึกภาพที่เจ้าจะเป็นเจ้าของที่ดินเเละโรงเรือนเหล่านี้เลย,อืมม ข้าต้องพูดเลยว่าข้าไม่เคยนึกภาพที่เจ้าจะเป็นเจ้าของที่ดินและโรงเรือนเหล่านี้เลย
เ+เ → แ,strings,1192369,ข้ารู้ว่าเจ้าจะจิตนาการในเเบบวิธีของข้า,ข้ารู้ว่าเจ้าจะจิตนาการในแบบวิธีของข้า
เ+เ → แ,strings,1192396,ทุกคนคิดว่าวันนี้จะมาถึง ข้ากับเจ้า…สันติสุขและความเงียบสงบ…ผึ้งส่งเสียงหึ่งๆ เสียงนกร้องจ๊อกเเจ๊ก,ทุกคนคิดว่าวันนี้จะมาถึง ข้ากับเจ้า…สันติสุขและความเงียบสงบ…ผึ้งส่งเสียงหึ่งๆ เสียงนกร้องจ๊อกแจ๊ก
เ+เ → แ,strings,1192404,Ooh ดูสิ่งที่เจ้าพูดเกี่ยวกับเพื่อนร่วมงานของเจ้าสิ - จำได้ว่ามันเป็นนกที่ป่วยเเละทำผิดกฎรังของตัวเอง,Ooh ดูสิ่งที่เจ้าพูดเกี่ยวกับเพื่อนร่วมงานของเจ้าสิ - จำได้ว่ามันเป็นนกที่ป่วยและทำผิดกฎรังของตัวเอง
เ+เ → แ,strings,1192406,พูดได้ดีนิวิทเชอร์ เจ้าไม่เพียงเเค่หล่อ เเต่ก็ยังฉลาดเช่นกัน ข้ารู้สึกเหมือนเเมวที่ได้นกขมิ้นเลยล่ะ,พูดได้ดีนิวิทเชอร์ เจ้าไม่เพียงแค่หล่อ แต่ก็ยังฉลาดเช่นกัน ข้ารู้สึกเหมือนแมวที่ได้นกขมิ้นเลยล่ะ
เ+เ → แ,strings,1192408,ใช่แล้วข้า…อืม บ้าเอ๊ย เจ้าชนะเเล้วล่ะเวลานี้,ใช่แล้วข้า…อืม บ้าเอ๊ย เจ้าชนะแล้วล่ะเวลานี้
เ+เ → แ,strings,1192413,จะเริ่มยังไงดีล่ะ นอกจากนั้น การเเข่งเล่นสำนวนของเรามั้ย,จะเริ่มยังไงดีล่ะ นอกจากนั้น การแข่งเล่นสำนวนของเรามั้ย
เ+เ → แ,strings,1192415,ลืมเเล้วเหรอ มันอยู่ที่ Vernissage ใน Ban Ard เจ้าเริ่มต้นที่จะป้องกันไม่ให้โกรธด้วยความเบื่อ ข้าจำได้ว่าการค้นหาอารมณ์ขันของเจ้านั้นมีค่ามาก และด้วยวิธีใดก็ตามที่รัก,ลืมแล้วเหรอ มันอยู่ที่ Vernissage ใน Ban Ard เจ้าเริ่มต้นที่จะป้องกันไม่ให้โกรธด้วยความเบื่อ ข้าจำได้ว่าการค้นหาอารมณ์ขันของเจ้านั้นมีค่ามาก และด้วยวิธีใดก็ตามที่รัก
เ+เ → แ,strings,1193327,ยิ่งใหญ่จริงๆ วิทเชอร์พเนจรมาสังหารสัตว์ร้ายเเล้ว,ยิ่งใหญ่จริงๆ วิทเชอร์พเนจรมาสังหารสัตว์ร้ายแล้ว
เ+เ → แ,strings,1193634,ดำเนินต่อบนเส้นทางทางของ Geralt พบหนึ่งในความต้องการ เช่นเดียวกับที่เขาได้รับหลายครั้งก่อน ข้าต้องย้ำว่าถึงแม้ภายนอกจะดูเย็นชาและโดดเดี่ยววิทเชอร์ในความเป็นจริงนั้น คือผู้ที่มีหัวใจเเห่งทองคำ ดังนั้นไม่มีใครควรสงสัยเลยว่าเขาตกลงที่จะช่วยเหลือพ่อค้าเหล้าองุ่นที่กำลังวิตกกังวลอยู่ แน่นอนว่าต้องเสียค่าตอบเเทนเล็กๆ น้อยๆ อยู่เเล้ว,ดำเนินต่อบนเส้นทางทางของ Geralt พบหนึ่งในความต้องการ เช่นเดียวกับที่เขาได้รับหลายครั้งก่อน ข้าต้องย้ำว่าถึงแม้ภายนอกจะดูเย็นชาและโดดเดี่ยววิทเชอร์ในความเป็นจริงนั้น คือผู้ที่มีหัวใจแห่งทองคำ ดังนั้นไม่มีใครควรสงสัยเลยว่าเขาตกลงที่จะช่วยเหลือพ่อค้าเหล้าองุ่นที่กำลังวิตกกังวลอยู่ แน่นอนว่าต้องเสียค่าตอบแทนเล็กๆ น้อยๆ อยู่แล้ว
เ+เ → แ,strings,1193635,ไม่มีเวลาลังเล Geralt กระโจนเข้าสู่ความมืดของถ้ำสีหมอก เเละฟาดฟันสัตว์ประหลาดที่ทำรังของพวกมันไว้ที่นั่นเป็นชิ้นๆ,ไม่มีเวลาลังเล Geralt กระโจนเข้าสู่ความมืดของถ้ำสีหมอก และฟาดฟันสัตว์ประหลาดที่ทำรังของพวกมันไว้ที่นั่นเป็นชิ้นๆ
เ+เ → แ,strings,1193642,กลับไปยังผู้ที่ให้สัญญาว่าจ้างเเก่คุณ,กลับไปยังผู้ที่ให้สัญญาว่าจ้างแก่คุณ
เ+เ → แ,strings,1193782,คนตัดไม้กำลังทำเวลาได้ดี แม้ว่าจะแปลก - ต้น Willow ถูกเเยกโดดเดี่ยว ไม่มีต้นอื่นๆ อยู่ใกล้มัน,คนตัดไม้กำลังทำเวลาได้ดี แม้ว่าจะแปลก - ต้น Willow ถูกแยกโดดเดี่ยว ไม่มีต้นอื่นๆ อยู่ใกล้มัน
เ+เ → แ,strings,1194003,ดูเเลตัวเองด้วยตอนนี้!,ดูแลตัวเองด้วยตอนนี้!
เ+เ → แ,strings,1194114,ข้าบอกท่านไปเเล้วนะ,ข้าบอกท่านไปแล้วนะ
เ+เ → แ,strings,1194293,รู้สึกถึงความกล้าหาญของวันนี้เเค่ไหนรึ,รู้สึกถึงความกล้าหาญของวันนี้แค่ไหนรึ
เ+เ → แ,strings,1194594,ลาก่อน คนตัดไม้ผู้กล้าหาญ ขอโทดที่เรื่องมันจบเเบบนี้,ลาก่อน คนตัดไม้ผู้กล้าหาญ ขอโทดที่เรื่องมันจบแบบนี้
เ+เ → แ,strings,1194898,เสื้อรัดรูปของผู้ชายถูกย่างจนเกรียม ดิ้นหลุดจากมัน โยนมันทิ้ง เเล้ววิ่งต่อไป,เสื้อรัดรูปของผู้ชายถูกย่างจนเกรียม ดิ้นหลุดจากมัน โยนมันทิ้ง แล้ววิ่งต่อไป
เ+เ → แ,strings,1195141,ทั้งหมดที่แกทำไปน่ะมันก็เเค่กองขี้ เราคือกลุ่ม Hanse ของท่าน Loth Halfbreed,ทั้งหมดที่แกทำไปน่ะมันก็แค่กองขี้ เราคือกลุ่ม Hanse ของท่าน Loth Halfbreed
เ+เ → แ,strings,1195474,ซวยเเล้ว,ซวยแล้ว
เ+เ → แ,strings,1195820,บรรจงคัดสรรมาอย่างดีเเม้ว่ามันจะเอียงไปสักหน่อย,บรรจงคัดสรรมาอย่างดีแม้ว่ามันจะเอียงไปสักหน่อย
เ+เ → แ,strings,1195870,เร่เข้ามาๆ ไม่มีจุดเน่าเสียเเน่นอน,เร่เข้ามาๆ ไม่มีจุดเน่าเสียแน่นอน
เ+เ → แ,strings,1195876,ขณะนี้มีวีรบุรุษเเล้ว! เขาได้สังหาร Filibert Fourfingers โดยไม่เสียเหงื่อเลยสักหยด!,ขณะนี้มีวีรบุรุษแล้ว! เขาได้สังหาร Filibert Fourfingers โดยไม่เสียเหงื่อเลยสักหยด!
เ+เ → แ,strings,1195923,ก็เเบบว่าการเปลี่ยนหญิงสาวให้กลายเป็นต้นไม้น่ะ,ก็แบบว่าการเปลี่ยนหญิงสาวให้กลายเป็นต้นไม้น่ะ
เ+เ → แ,strings,1196021,Divethaf ราชาเเห่งเอลฟ์ ผู้เป็นเจ้าภาพ Ludovic ในปราสาทของเขาเอง บนบัลลังก์ของเขา ท่ามกลางแสงเจิดจ้ามากมายเหลือเกินของคบไฟ,Divethaf ราชาแห่งเอลฟ์ ผู้เป็นเจ้าภาพ Ludovic ในปราสาทของเขาเอง บนบัลลังก์ของเขา ท่ามกลางแสงเจิดจ้ามากมายเหลือเกินของคบไฟ
เ+เ → แ,strings,1196023,บ้าเอ๊ย จะไม่นำเจ้าออกมาเเสดงมันอันตราย,บ้าเอ๊ย จะไม่นำเจ้าออกมาแสดงมันอันตราย
เ+เ → แ,strings,1196025,เจ้าก็รู้ว่าข้าจะขออะไร ต้องการความช่วยเหลือจากเจ้า เเต่ข้าจะเข้าใจ ถ้าเจ้าทำให้ข้าผิดหวัง,เจ้าก็รู้ว่าข้าจะขออะไร ต้องการความช่วยเหลือจากเจ้า แต่ข้าจะเข้าใจ ถ้าเจ้าทำให้ข้าผิดหวัง
เ+เ → แ,strings,1196030,ไปทำงานกันเถอะ เริ่มต้นด้วยการเก็บกวาดซากศพก่อนเลย มีเวลานิดหน่อย…จะไม่เริ่มเเสดงใหม่อีกครั้งก่อนที่จะตกค่ำ สิ่งดังกล่าวประเภทนี้มีแนวโน้มอย่างมากที่จะเกิดขึ้นหลังจากพลบค่ำ,ไปทำงานกันเถอะ เริ่มต้นด้วยการเก็บกวาดซากศพก่อนเลย มีเวลานิดหน่อย…จะไม่เริ่มแสดงใหม่อีกครั้งก่อนที่จะตกค่ำ สิ่งดังกล่าวประเภทนี้มีแนวโน้มอย่างมากที่จะเกิดขึ้นหลังจากพลบค่ำ
เ+เ → แ,strings,1196033,บ้าเอ๊ย มันเสี่ยง จะไม่นำเจ้าออกมาเเสดงหรอกนะ มันอันตรายเกินไป,บ้าเอ๊ย มันเสี่ยง จะไม่นำเจ้าออกมาแสดงหรอกนะ มันอันตรายเกินไป
เ+เ → แ,strings,1196036,ท่าน-ท่านผู้เชี่ยวชาญ หากสิ่งที่เจ้าพูดนั้นเป็นความจริง ข้าก็เป็นต้นเหตุของการสังหารหมู่ครั้งนี้ โดยไม่ได้ตั้งใจ เเต่ถึงกระนั้นก็ตาม ข้ามีหน้าที่ให้ความช่วยเหลือเจ้า ผู้มีคุณธรรมคนหนึ่ง,ท่าน-ท่านผู้เชี่ยวชาญ หากสิ่งที่เจ้าพูดนั้นเป็นความจริง ข้าก็เป็นต้นเหตุของการสังหารหมู่ครั้งนี้ โดยไม่ได้ตั้งใจ แต่ถึงกระนั้นก็ตาม ข้ามีหน้าที่ให้ความช่วยเหลือเจ้า ผู้มีคุณธรรมคนหนึ่ง
เ+เ → แ,strings,1196038,พระเจ้ามีเราอยู่ในการดูเเลของพวกเขา ข้าจะช่วยอีกเเรง,พระเจ้ามีเราอยู่ในการดูแลของพวกเขา ข้าจะช่วยอีกแรง
เ+เ → แ,strings,1196405,ดังนั้นจงเปล่งเสียงของเจ้าพร้อมกับเหมืองเเห่งนี้ - โอ ศาสดา Lebioda!!,ดังนั้นจงเปล่งเสียงของเจ้าพร้อมกับเหมืองแห่งนี้ - โอ ศาสดา Lebioda!!
เ+เ → แ,strings,1196568,Guillaume จะทำทุกอย่างเพื่อสร้างความประทับใจให้เเก่หญิงสาว,Guillaume จะทำทุกอย่างเพื่อสร้างความประทับใจให้แก่หญิงสาว
เ+เ → แ,strings,1196955,ทุกอย่างน่าพอใจและดีเยี่ยม แต่สัตว์ประหลาดไม่ได้อยู่ในรังของมัน ต้องลากมันลงมาก่อนอย่างเเรกเลย,ทุกอย่างน่าพอใจและดีเยี่ยม แต่สัตว์ประหลาดไม่ได้อยู่ในรังของมัน ต้องลากมันลงมาก่อนอย่างแรกเลย
เ+เ → แ,strings,1196957,ไม่จำเป็นเลย Geralt เราตรวจสอบดูเเล้วและคิดว่า พวกพ่อค้าค้าที่ใช้ Tannin เพื่อล่อสัตว์ร้าย ใครบอกว่าพวกเราจะทำเเบบนั้นบ้างไม่ได้กันล่ะ,ไม่จำเป็นเลย Geralt เราตรวจสอบดูแล้วและคิดว่า พวกพ่อค้าค้าที่ใช้ Tannin เพื่อล่อสัตว์ร้าย ใครบอกว่าพวกเราจะทำแบบนั้นบ้างไม่ได้กันล่ะ
เ+เ → แ,strings,1197187,ที่ซ่อนตัวของ Shaelmaar ต้อง ลากเหยื่อมาที่นี่เเน่ ค่อนข้างสดใหม่บางส่วนของพวกเขา,ที่ซ่อนตัวของ Shaelmaar ต้อง ลากเหยื่อมาที่นี่แน่ ค่อนข้างสดใหม่บางส่วนของพวกเขา
เ+เ → แ,strings,1197296,ไม่อยากรู้อะไรอย่างอื่นที่นี่เเล้ว ได้เวลากลับไปข้างนอกเเล้วล่ะ,ไม่อยากรู้อะไรอย่างอื่นที่นี่แล้ว ได้เวลากลับไปข้างนอกแล้วล่ะ
เ+เ → แ,strings,1197657,เราจะไม่มีวันลืมสิ่งที่ท่านได้ทำเพื่อเราเลย ลูกหลานของเราจะดื่มเพื่อความเเข็งเเรงของท่าน!,เราจะไม่มีวันลืมสิ่งที่ท่านได้ทำเพื่อเราเลย ลูกหลานของเราจะดื่มเพื่อความแข็งแรงของท่าน!
เ+เ → แ,strings,1197833,Basilisk เป็นสัตว์เลี้ยงสุนัขล่าสัตว์งั้นเหรอ? ความเข้าใจเเบบผิดๆ นั่นน่าตกใจจริง,Basilisk เป็นสัตว์เลี้ยงสุนัขล่าสัตว์งั้นเหรอ? ความเข้าใจแบบผิดๆ นั่นน่าตกใจจริง
เ+เ → แ,strings,1198021,ไม่ได้คาดหวังให้มันเป็นเเบบนี้,ไม่ได้คาดหวังให้มันเป็นแบบนี้
เ+เ → แ,strings,1198747,เขาว่ากันว่าวิทเชอร์เป็นคู่หูของท่าน Dandelion นักกวีอันเลื่องชื่อเเล้วก็นักร้อง ยิ่งไปกว่านั้นยังมีความสัมพันธ์กับท่านหญิงของเรา…เจ้าก็รู้! วิ๊ง วิ๊ง!,เขาว่ากันว่าวิทเชอร์เป็นคู่หูของท่าน Dandelion นักกวีอันเลื่องชื่อแล้วก็นักร้อง ยิ่งไปกว่านั้นยังมีความสัมพันธ์กับท่านหญิงของเรา…เจ้าก็รู้! วิ๊ง วิ๊ง!
เ+เ → แ,strings,1198996,ขอบใจท่านอย่างเเท้จริง! ท่านคือวิทเชอร์ที่มีชื่อเสียงโด่งดังใช่มั้ย,ขอบใจท่านอย่างแท้จริง! ท่านคือวิทเชอร์ที่มีชื่อเสียงโด่งดังใช่มั้ย
เ+เ → แ,strings,1199042,เเต่ทำไมต้องมารบกวนตลอดด้วยล่ะ พวกเขาหวังที่จะขโมย - ค้อนงั้นรึ หรือหินก้อนใหญ่กันเเน่,แต่ทำไมต้องมารบกวนตลอดด้วยล่ะ พวกเขาหวังที่จะขโมย - ค้อนงั้นรึ หรือหินก้อนใหญ่กันแน่
เ+เ → แ,strings,1199080,รอยแผลของ Lebioda! ช่วยเราด้วย! เจ้าตาเเมว!,รอยแผลของ Lebioda! ช่วยเราด้วย! เจ้าตาแมว!
เ+เ → แ,strings,1199512,ภาพวาดของสัตว์ร้ายเเห่ง Toussaint,ภาพวาดของสัตว์ร้ายแห่ง Toussaint
เ+เ → แ,strings,1199514,ภาพวาดของสัตว์ร้ายเเห่ง Toussaint,ภาพวาดของสัตว์ร้ายแห่ง Toussaint
เ+เ → แ,strings,1199515,ภาพวาดของสัตว์ร้ายเเห่ง Toussaint,ภาพวาดของสัตว์ร้ายแห่ง Toussaint
เ+เ → แ,strings,1199517,ภาพวาดของสัตว์ร้ายเเห่ง Toussaint,ภาพวาดของสัตว์ร้ายแห่ง Toussaint
เ+เ → แ,strings,1199518,ภาพวาดของสัตว์ร้ายเเห่ง Toussaint,ภาพวาดของสัตว์ร้ายแห่ง Toussaint
เ+เ → แ,strings,1199520,ภาพวาดของสัตว์ร้ายเเห่ง Toussaint,ภาพวาดของสัตว์ร้ายแห่ง Toussaint
เ+เ → แ,strings,1199533,กระดูกซี่โครงหัก กะโหลกศีรษะแตก…Shaelmaar มันก็ทำอย่างนี้อยู่สองเเบบ,กระดูกซี่โครงหัก กะโหลกศีรษะแตก…Shaelmaar มันก็ทำอย่างนี้อยู่สองแบบ
เ+เ → แ,strings,1199946,การเเข่งขันของเราเป็นมากกว่ากิจกรรมนันทนาการ เรามีภารกิจเข้าใจมั้ย เพื่อที่จะกล่าวขานถึงผลงานของพี่ข้า - Skellige สำรับไพ่ใหม่ยังไงล่ะ,การแข่งขันของเราเป็นมากกว่ากิจกรรมนันทนาการ เรามีภารกิจเข้าใจมั้ย เพื่อที่จะกล่าวขานถึงผลงานของพี่ข้า - Skellige สำรับไพ่ใหม่ยังไงล่ะ
เ+เ → แ,strings,1200104,รอบสุดท้ายอะไรอีกวะ! ข้า Yaki Rafiberg จะขอร่วมกับการแข่งขันในครั้งนี้ด้วย! และข้าอยากเล่นกับผู้ชนะ! เเล้วเราจะได้พิสูจน์ไปเลยว่าฝ่าย Skellige จะมีค่าพอให้ทุกคนยอมรับหรือไม่!,รอบสุดท้ายอะไรอีกวะ! ข้า Yaki Rafiberg จะขอร่วมกับการแข่งขันในครั้งนี้ด้วย! และข้าอยากเล่นกับผู้ชนะ! แล้วเราจะได้พิสูจน์ไปเลยว่าฝ่าย Skellige จะมีค่าพอให้ทุกคนยอมรับหรือไม่!
เ+เ → แ,strings,1200172,มอบผ้าเช็ดหน้านี่ การพิสูจน์ความรักของท่านเเด่คนอื่น,มอบผ้าเช็ดหน้านี่ การพิสูจน์ความรักของท่านแด่คนอื่น
เ+เ → แ,strings,1200360,การปรองดอง นั้นเป็นเรื่องหนึ่ง เเต่จะเริ่มผลิตไวน์ด้วยกันเลยมั้ย มันทำให้จิตใตสับสนซะเเล้วสิ!,การปรองดอง นั้นเป็นเรื่องหนึ่ง แต่จะเริ่มผลิตไวน์ด้วยกันเลยมั้ย มันทำให้จิตใตสับสนซะแล้วสิ!
เ+เ → แ,strings,1200420,ตามที่ท่านขอ ท่านอยากจะให้ข้าใช้สำรับที่เเข็งแกร่งหรือสำรับอ่อนๆ,ตามที่ท่านขอ ท่านอยากจะให้ข้าใช้สำรับที่แข็งแกร่งหรือสำรับอ่อนๆ
เ+เ → แ,strings,1200649,สิ่งที่ขุดนั้นคือสิ่งมีชีวิตขนาดใหญ่ นอกจากนี้ยังกำจัด kikimores ไม่กี่ตัวที่นั่นและได้ทำลายไข่ของพวกมันเเล้ว คิดซะว่าเป็นของที่ระลึกครึ่งนึงราคาไม่แพงมากนักหรอก,สิ่งที่ขุดนั้นคือสิ่งมีชีวิตขนาดใหญ่ นอกจากนี้ยังกำจัด kikimores ไม่กี่ตัวที่นั่นและได้ทำลายไข่ของพวกมันแล้ว คิดซะว่าเป็นของที่ระลึกครึ่งนึงราคาไม่แพงมากนักหรอก
เ+เ → แ,strings,1200668,Lian และ Matilda ขัดเเย้งกันมานานหลายปี ตอนนี้พวกเขาทำเพื่อความรักล่ะ!,Lian และ Matilda ขัดแย้งกันมานานหลายปี ตอนนี้พวกเขาทำเพื่อความรักล่ะ!
เ+เ → แ,strings,1200687,กำเเพง - ซ่อมมันซะ! ให้เสร็จภายในวันนี้ด้วย!,กำแพง - ซ่อมมันซะ! ให้เสร็จภายในวันนี้ด้วย!
เ+เ → แ,strings,1200934,น่าสนใจเเหะ บันทึกนี้รวมถึงสิ่งที่ข้าค้นพบก่อนหน้านี้ - บุคคลที่สามบางคนทำให้เกิดปัญหาที่ไร่องุ่น,น่าสนใจแหะ บันทึกนี้รวมถึงสิ่งที่ข้าค้นพบก่อนหน้านี้ - บุคคลที่สามบางคนทำให้เกิดปัญหาที่ไร่องุ่น
เ+เ → แ,strings,1200956,เอาเถอะ ตอนนี้ คุณนาย นายท่าน เราจะไม่มีทางสำเร็จในวิธีการเเบบนี้้เเน่,เอาเถอะ ตอนนี้ คุณนาย นายท่าน เราจะไม่มีทางสำเร็จในวิธีการแบบนี้้แน่
เ+เ → แ,strings,1200958,ข้ากังวลเเค่สิ่งเดียวเท่านั้น - เรื่องการเข้าถือสิทธิ์ Belgaard ข้าจะจัดหาคนรับใช้ที่ดีกว่านี้นางจะต้องมีใบหน้าที่งดงามเเค่นั้นยังไม่พอถ้าศีรษะของนางนั้นว่างเปล่าไม่มีของตกเเต่งใดๆ เลยเราจะหามาให้,ข้ากังวลแค่สิ่งเดียวเท่านั้น - เรื่องการเข้าถือสิทธิ์ Belgaard ข้าจะจัดหาคนรับใช้ที่ดีกว่านี้นางจะต้องมีใบหน้าที่งดงามแค่นั้นยังไม่พอถ้าศีรษะของนางนั้นว่างเปล่าไม่มีของตกแต่งใดๆ เลยเราจะหามาให้
เ+เ → แ,strings,1201117,เราได้ผลิตไวน์แล้วน่ะ ตามคนชงไวน์ที่ดีที่สุดไปได้เลย ก็เเค่อาจจะปลดไวน์ Est Est,เราได้ผลิตไวน์แล้วน่ะ ตามคนชงไวน์ที่ดีที่สุดไปได้เลย ก็แค่อาจจะปลดไวน์ Est Est
เ+เ → แ,strings,1201127,โอ้ วิทเชอร์ สวัสดี! ช่างเป็นความกรุณาที่ท่านกลับมา Matilda กับข้ามีเรื่องเซอร์ไพรส์ให้ท่านด้วยเเหละ,โอ้ วิทเชอร์ สวัสดี! ช่างเป็นความกรุณาที่ท่านกลับมา Matilda กับข้ามีเรื่องเซอร์ไพรส์ให้ท่านด้วยแหละ
เ+เ → แ,strings,1201327,โจรไม่ใช่ปัญหาเดียวของเจ้า อย่าคิดเเบบนั้น,โจรไม่ใช่ปัญหาเดียวของเจ้า อย่าคิดแบบนั้น
เ+เ → แ,strings,1201338,ถูกต้องแล้ว Slyzards ขโมยวัวมาและฆ่ามันแล้ว บางทีตอนนี้ข้าสามารถรับค่าจ้างจากคนที่ให้ข้าได้เเล้วล่ะ,ถูกต้องแล้ว Slyzards ขโมยวัวมาและฆ่ามันแล้ว บางทีตอนนี้ข้าสามารถรับค่าจ้างจากคนที่ให้ข้าได้แล้วล่ะ
เ+เ → แ,strings,1201346,พวกเขาทุบประตู ข้า-ข้าคิดว่าพวกเขาจะผ่านมาได้ ข้าคิดว่าข้าทำไปเพื่อ เเต่ เเต่ในท้ายที่สุดมันก็สงบลง,พวกเขาทุบประตู ข้า-ข้าคิดว่าพวกเขาจะผ่านมาได้ ข้าคิดว่าข้าทำไปเพื่อ แต่ แต่ในท้ายที่สุดมันก็สงบลง
เ+เ → แ,strings,1201368,วันแห่งความรุ่งเรืองของไร่องุ่นนี้ ดูเหมือนจะเป็นอดีตที่ผ่านไปเเล้วนะ,วันแห่งความรุ่งเรืองของไร่องุ่นนี้ ดูเหมือนจะเป็นอดีตที่ผ่านไปแล้วนะ
เ+เ → แ,strings,1201372,สาวใช้ Matilda นางพยายามทำอย่างดีที่สุดเเล้ว แต่เมื่อชาวบ้านหวาดกลัวที่จะออกไปทำงาน นางจะทำอย่างไรได้ล่ะ,สาวใช้ Matilda นางพยายามทำอย่างดีที่สุดแล้ว แต่เมื่อชาวบ้านหวาดกลัวที่จะออกไปทำงาน นางจะทำอย่างไรได้ล่ะ
เ+เ → แ,strings,1201378,ขาของเขาน่าจะหักตรงนี้ ร่วงลงขณะที่ปีนข้ามกำเเพง พยายามที่จะออกจากสถานที่นี้ น่าจะหลังจากที่เขาทำการเปิดประตูไม่สำเร็จ,ขาของเขาน่าจะหักตรงนี้ ร่วงลงขณะที่ปีนข้ามกำแพง พยายามที่จะออกจากสถานที่นี้ น่าจะหลังจากที่เขาทำการเปิดประตูไม่สำเร็จ
เ+เ → แ,strings,1201397,ข้าจะเล่าให้ท่านฟังมากว่านี้…เมื่อแรกที่ข้าได้ยินมาว่าสาวใช้ Matilda ได้สร้างหุ้นส่วนกับ Liam เเบบมีเล่ห์เหลี่ยม ดีนะที่ข้าอยู่ใกล้ที่นั่นเเบบไม่คาดคิดเเละบังคับตัวเองได้อยู่!,ข้าจะเล่าให้ท่านฟังมากว่านี้…เมื่อแรกที่ข้าได้ยินมาว่าสาวใช้ Matilda ได้สร้างหุ้นส่วนกับ Liam แบบมีเล่ห์เหลี่ยม ดีนะที่ข้าอยู่ใกล้ที่นั่นแบบไม่คาดคิดและบังคับตัวเองได้อยู่!
เ+เ → แ,strings,1201399,เเต่เมื่อมันถูกเปิดเผย dingledong จริงๆ เเล้วไม่ได้มีความรับผิดชอบต่อความทุกข์ของเรา ข้าคิดกับตัวข้าเอง,แต่เมื่อมันถูกเปิดเผย dingledong จริงๆ แล้วไม่ได้มีความรับผิดชอบต่อความทุกข์ของเรา ข้าคิดกับตัวข้าเอง
เ+เ → แ,strings,1201629,Slyzard - ต้องใช่เเน่ๆ พวกมันพ่นไฟได้,Slyzard - ต้องใช่แน่ๆ พวกมันพ่นไฟได้
เ+เ → แ,strings,1201671,ดูเถิด นี่คือตำเเหน่งจากแผนที่,ดูเถิด นี่คือตำแหน่งจากแผนที่
เ+เ → แ,strings,1201737,ควรทำลายพวกมันก่อนที่ไข่จะฟัก เเละเริ่มออกหากินในไร่องุ่น,ควรทำลายพวกมันก่อนที่ไข่จะฟัก และเริ่มออกหากินในไร่องุ่น
เ+เ → แ,strings,1202186,เป็นวันที่สวยงามสำหรับการเเข่งขันเลยล่ะ!,เป็นวันที่สวยงามสำหรับการแข่งขันเลยล่ะ!
เ+เ → แ,strings,1202242,ขนมปังเก่ามาก วางอยู่ตรงนี้มาได้สักพักเเล้ว,ขนมปังเก่ามาก วางอยู่ตรงนี้มาได้สักพักแล้ว
เ+เ → แ,strings,1202597,กำลังมองหาที่จะจ้างเด็กหนุ่มที่แข็งเเรงให้ไปทำงานในไร่องุ่นของข้าอยู่น่ะ<br><br> Jean-Christophe Bourbeau,กำลังมองหาที่จะจ้างเด็กหนุ่มที่แข็งแรงให้ไปทำงานในไร่องุ่นของข้าอยู่น่ะ<br><br> Jean-Christophe Bourbeau
เ+เ → แ,strings,1202623,รอยฟันยังใหม่อยู่ - Necrophagess เเต่พวกมันมาถึงเขาหลังจากที่เขาตายเเล้ว,รอยฟันยังใหม่อยู่ - Necrophagess แต่พวกมันมาถึงเขาหลังจากที่เขาตายแล้ว
เ+เ → แ,strings,1202625,ไม่ได้รู้สิ่งอื่นๆ ที่เเตกต่างจากร่างกายเลย,ไม่ได้รู้สิ่งอื่นๆ ที่แตกต่างจากร่างกายเลย
เ+เ → แ,strings,1202655,เป็นไปในทางที่ไม่ดี เเทบจะต้องเลื้อยไปเลย,เป็นไปในทางที่ไม่ดี แทบจะต้องเลื้อยไปเลย
เ+เ → แ,strings,1203415,เเละหลังจากนั้นที่ปั้นจั่นนั่น,และหลังจากนั้นที่ปั้นจั่นนั่น
เ+เ → แ,strings,1203420,ไร่องุ่นทั้งสอง คงไม่เป็นอะไรเเล้วล่ะตอนนี้,ไร่องุ่นทั้งสอง คงไม่เป็นอะไรแล้วล่ะตอนนี้
เ+เ → แ,strings,1203438,แก้ไขปัญหาในไร่องุ่น Coronata ไร่องุ่นสามารถกลับไปใช้งานได้ตามปกติเเล้ว,แก้ไขปัญหาในไร่องุ่น Coronata ไร่องุ่นสามารถกลับไปใช้งานได้ตามปกติแล้ว
เ+เ → แ,strings,1203456,แก้ไขปัญหาของ Coronata และ Vermentino เเล้วทั้งสองสามารถกลับไปใช้งานได้ตามปกติ,แก้ไขปัญหาของ Coronata และ Vermentino แล้วทั้งสองสามารถกลับไปใช้งานได้ตามปกติ
เ+เ → แ,strings,1203574,ข้าดีใจที่เราได้ทำข้อตกลงร่วมกันนะ ยังมีคำถามอีกข้อหนึ่ง - สิ่งใดที่จะเกิดขึ้นกับ Coronata เเละ Vermentino งั้นรึ,ข้าดีใจที่เราได้ทำข้อตกลงร่วมกันนะ ยังมีคำถามอีกข้อหนึ่ง - สิ่งใดที่จะเกิดขึ้นกับ Coronata และ Vermentino งั้นรึ
เ+เ → แ,strings,1204071,มาคุยกันเรื่องค่าตอบเเทนกันสักหน่อย,มาคุยกันเรื่องค่าตอบแทนกันสักหน่อย
เ+เ → แ,strings,1204074,ไม่มากก็น้อยตกลงกันไว้เเล้ว ข้าคิดว่านะ,ไม่มากก็น้อยตกลงกันไว้แล้ว ข้าคิดว่านะ
เ+เ → แ,strings,1204106,สำหรับทองแดงเเละสำหรับสวมมงกุฎ…ได้ข้าจะช่วย,สำหรับทองแดงและสำหรับสวมมงกุฎ…ได้ข้าจะช่วย
เ+เ → แ,strings,1204118,มากับข้า ด้วยเถอะ ข้ามีเเผนให้ดู,มากับข้า ด้วยเถอะ ข้ามีแผนให้ดู
เ+เ → แ,strings,1204122,ข้าจะไปทำงานเเล้ว,ข้าจะไปทำงานแล้ว
เ+เ → แ,strings,1204186,เเน่นอน ข้าจะช่วย,แน่นอน ข้าจะช่วย
เ+เ → แ,strings,1204771,ว่าไง นายท่าน เรื่องคนงานที่หายไป - มีวิธีที่จะสืบหาเบาะเเสบ้างมั้ย,ว่าไง นายท่าน เรื่องคนงานที่หายไป - มีวิธีที่จะสืบหาเบาะแสบ้างมั้ย
เ+เ → แ,strings,1204955,สำหรับข้า มันเป็นจุดและรอยเปื้อนหลายเเห่ง ข้าไม่รู้ ...,สำหรับข้า มันเป็นจุดและรอยเปื้อนหลายแห่ง ข้าไม่รู้ ...
เ+เ → แ,strings,1205125,Archespores จะเเตกหน่อใหม่อีกครั้ง ควรทำลายพื้นที่บริเวณนี้หากข้าต้องการกำจัดพวกมันอย่างถาวร,Archespores จะแตกหน่อใหม่อีกครั้ง ควรทำลายพื้นที่บริเวณนี้หากข้าต้องการกำจัดพวกมันอย่างถาวร
เ+เ → แ,strings,1205134,ช่วยหุ้นส่วนของ Liam เเละ Matilda,ช่วยหุ้นส่วนของ Liam และ Matilda
เ+เ → แ,strings,1205151,ไปพบ Liam เเละ Matilda,ไปพบ Liam และ Matilda
เ+เ → แ,strings,1205815,"รอบๆ ตัวเขาดู เเต่ทุกอย่างค่อนข้างเหมาะสม ""ข้าเห็นมีดโกน น้ำมันทาผม เเต่คนตัดจะไม่ทำเส้นผมเสียหาย!""","รอบๆ ตัวเขาดู แต่ทุกอย่างค่อนข้างเหมาะสม ""ข้าเห็นมีดโกน น้ำมันทาผม แต่คนตัดจะไม่ทำเส้นผมเสียหาย!"""
เ+เ → แ,strings,1205817,เจ้าช่วยเงียบหน่อยได้มั้ย คิดว่าข้าน่าจะรู้ว่าเกิดอะไรขึ้นกับช่างทำผมเเล้วล่ะ,เจ้าช่วยเงียบหน่อยได้มั้ย คิดว่าข้าน่าจะรู้ว่าเกิดอะไรขึ้นกับช่างทำผมแล้วล่ะ
เ+เ → แ,strings,1205819,ไม่มีหลักฐานการบุกเข้ามา ไม่มีร่องรอยการต่อสู้ ในความคิดข้า เขาเเค่ออกไปหาส่วนผสมสำหรับน้ำมันทาผมของเขา ดูเหมือนว่ามันหมดเเล้ว…น้ำมันทาผมของเขา,ไม่มีหลักฐานการบุกเข้ามา ไม่มีร่องรอยการต่อสู้ ในความคิดข้า เขาแค่ออกไปหาส่วนผสมสำหรับน้ำมันทาผมของเขา ดูเหมือนว่ามันหมดแล้ว…น้ำมันทาผมของเขา
เ+เ → แ,strings,1205821,ใช่ เเน่นอน! เขาต้องไปที่ทุ่งหญ้าที่อยู่ห่างไกลจากเมืองเพื่อรวบรวมกลีบดอกไม้สำหรับมัน Trolls ต้องเขมือบเขาไปเเล้วเเน่ๆ ! หรือไม่ก็ยักษ์ตาเดียว! วิเศษทั้งสองเเบบเลย!,ใช่ แน่นอน! เขาต้องไปที่ทุ่งหญ้าที่อยู่ห่างไกลจากเมืองเพื่อรวบรวมกลีบดอกไม้สำหรับมัน Trolls ต้องเขมือบเขาไปแล้วแน่ๆ ! หรือไม่ก็ยักษ์ตาเดียว! วิเศษทั้งสองแบบเลย!
เ+เ → แ,strings,1205944,Caroline จอมถากถาง<br>” เเกไม่เข้าใจ ค**ไรเลย เเกไอ้หัวค** ไอ้เ*ี้*!” นางพูดกับเเมวของนางเมื่อมันไม่ยอมไปเอาไม้เท้ามาให้นาง การกระทำของนางกลายเป็นความบ้าคลั่งที่ทำให้ถึงตาย,Caroline จอมถากถาง<br>” แกไม่เข้าใจ ค**ไรเลย แกไอ้หัวค** ไอ้เ*ี้*!” นางพูดกับแมวของนางเมื่อมันไม่ยอมไปเอาไม้เท้ามาให้นาง การกระทำของนางกลายเป็นความบ้าคลั่งที่ทำให้ถึงตาย
เ+เ → แ,strings,1205946,"Raphaël de Jean<br>""ทหารเกณฑ์ใหม่เดินทัพเเน้วหน้าเสมอ""","Raphaël de Jean<br>""ทหารเกณฑ์ใหม่เดินทัพแน้วหน้าเสมอ"""
เ+เ → แ,strings,1205952,Michel Tauste<br>สถาปนิกเเห่งความเป็นไปไม่ได้,Michel Tauste<br>สถาปนิกแห่งความเป็นไปไม่ได้
เ+เ → แ,strings,1205953,Martin Blanche<br>หัวหน้ากลุ่มสหพันธ์เเห่งกวีเเห่ง Beauclair,Martin Blanche<br>หัวหน้ากลุ่มสหพันธ์แห่งกวีแห่ง Beauclair
เ+เ → แ,strings,1206157,ต้นอ่อนของ archspore เรอะ ต้องเป็นคนที่เลวมากเเน่ๆ ถึงจะปลูกอะไรพวกนี้,ต้นอ่อนของ archspore เรอะ ต้องเป็นคนที่เลวมากแน่ๆ ถึงจะปลูกอะไรพวกนี้
เ+เ → แ,strings,1206162,เขาได้เรียนรู้จากคนงานที่ Coronata ที่ไม่ซื่อสัตย์ต่อนายจ้างของเขาในการขายเครื่องปรุงเเต่งรสชาติของไวน์ที่ค่อนข้างพิเศษ ทองคำที่เขาเคยได้รับจากวิธีการอันต่ำช้าของเขาตอนนี้ถูกฝังอยู่…ใต้กองปุ๋ยคอกไงล่ะ! <br>,เขาได้เรียนรู้จากคนงานที่ Coronata ที่ไม่ซื่อสัตย์ต่อนายจ้างของเขาในการขายเครื่องปรุงแต่งรสชาติของไวน์ที่ค่อนข้างพิเศษ ทองคำที่เขาเคยได้รับจากวิธีการอันต่ำช้าของเขาตอนนี้ถูกฝังอยู่…ใต้กองปุ๋ยคอกไงล่ะ! <br>
เ+เ → แ,strings,1206607,หรือตอนนี้เจ้าได้ผูกพันกับ Vivienne เเล้วข้อตกลงของเจ้าละเจ้าจะไม่ให้ความสำคัญเลยเหรอ,หรือตอนนี้เจ้าได้ผูกพันกับ Vivienne แล้วข้อตกลงของเจ้าละเจ้าจะไม่ให้ความสำคัญเลยเหรอ
เ+เ → แ,strings,1206680,พวกเขาเสี่ยงภัยไปไกลจากกำแพงโดยเถาวัลย์พันเเรม โอบอ้อมเข้าไปในที่ลึกลับ น่าสงสารช่างตัดผมยิ่งนักที่จักต้องหาให้พบ,พวกเขาเสี่ยงภัยไปไกลจากกำแพงโดยเถาวัลย์พันแรม โอบอ้อมเข้าไปในที่ลึกลับ น่าสงสารช่างตัดผมยิ่งนักที่จักต้องหาให้พบ
เ+เ → แ,strings,1206682,จะทำเเบบนั้นทั้งทางเลยจริงเหรอ,จะทำแบบนั้นทั้งทางเลยจริงเหรอ
เ+เ → แ,strings,1206688,ดาบของวิทเชอร์ส่องเเสงประกาย ยางไม้ที่พุ่งออกมาและไหลหลั่ง ครอบคลุมทุกเรื่องเกี่ยวกับโลหิตของ archespore,ดาบของวิทเชอร์ส่องแสงประกาย ยางไม้ที่พุ่งออกมาและไหลหลั่ง ครอบคลุมทุกเรื่องเกี่ยวกับโลหิตของ archespore
เ+เ → แ,strings,1207835,ในอดีตที่ผ่านมา Anarietta และข้า จะพบพวกเขาบ้างเป็นครั้งคราวที่นี่ เจ้ารู้มั้ยว่าอัศวินในโลกเเห่งความจริงมีอยู่มากมาย ดังนั้นอัศวินพวกนั้นเลยแอบเข้ามาในห้องของเล่น จากนั้นก็เข้ามาในดินแดนนี้เพื่อตามหาหญิงสาวในเทพนิยายของพวกเขานั่นแหละคือเหตุผลทั้งหมด,ในอดีตที่ผ่านมา Anarietta และข้า จะพบพวกเขาบ้างเป็นครั้งคราวที่นี่ เจ้ารู้มั้ยว่าอัศวินในโลกแห่งความจริงมีอยู่มากมาย ดังนั้นอัศวินพวกนั้นเลยแอบเข้ามาในห้องของเล่น จากนั้นก็เข้ามาในดินแดนนี้เพื่อตามหาหญิงสาวในเทพนิยายของพวกเขานั่นแหละคือเหตุผลทั้งหมด
เ+เ → แ,strings,1207847,ดูเหมือนหญิงสาวคนนี้แสดงตามที่ทำเครื่องหมายไว้  แล้วก็ตาย หรือว่ามีบางอย่างฆ่านางกันเเน่,ดูเหมือนหญิงสาวคนนี้แสดงตามที่ทำเครื่องหมายไว้  แล้วก็ตาย หรือว่ามีบางอย่างฆ่านางกันแน่
เ+เ → แ,strings,1207965,ที่รักของข้า François<br><br> เมื่อหนึ่งสัปดาห์ผ่านไปตั้งแต่ที่สายตาของข้าเห็นใบหน้าอันอ่อนโยนของเจ้า ที่รักของข้า! ข้ารู้ดีว่าเรื่องอัศวินสำคัญมีความสำคัญต่อเจ้า ได้แต่อธิษฐานบอกข้าว่าที่รักเจ้าจะรับความเจ็บปวดอันน่ากลัวจากการแยกกันของเราได้อย่างไร<br> ท่านแม่ถามทุกวันว่าเมื่อไรเจ้าจะมาเยี่ยมเราอีกครั้ง! และท่านพ่อบอกว่าเขาไม่สามารถรอจนกว่าเจ้าจะคุกเข่าลงตรงหน้าเขาในที่สุดและขอจูงมือของข้า<br><br> ข้าอธิบายให้เขาฟังว่าเจ้ายุ่งมากแค่ไหน ... แต่ในความเป็นจริงข้าก็ปรารถนาทุกอย่างด้วยดวงใจและเเรงกายของข้า ที่จะได้เห็นเจ้าคุกเข่าลงและพุดว่าเจ้าคือคนสุดท้าย: ใช่! นับพันครั้งเลย!<br><br> รักเจ้าเสมอและตลอดไป<br> Jaquette,ที่รักของข้า François<br><br> เมื่อหนึ่งสัปดาห์ผ่านไปตั้งแต่ที่สายตาของข้าเห็นใบหน้าอันอ่อนโยนของเจ้า ที่รักของข้า! ข้ารู้ดีว่าเรื่องอัศวินสำคัญมีความสำคัญต่อเจ้า ได้แต่อธิษฐานบอกข้าว่าที่รักเจ้าจะรับความเจ็บปวดอันน่ากลัวจากการแยกกันของเราได้อย่างไร<br> ท่านแม่ถามทุกวันว่าเมื่อไรเจ้าจะมาเยี่ยมเราอีกครั้ง! และท่านพ่อบอกว่าเขาไม่สามารถรอจนกว่าเจ้าจะคุกเข่าลงตรงหน้าเขาในที่สุดและขอจูงมือของข้า<br><br> ข้าอธิบายให้เขาฟังว่าเจ้ายุ่งมากแค่ไหน ... แต่ในความเป็นจริงข้าก็ปรารถนาทุกอย่างด้วยดวงใจและแรงกายของข้า ที่จะได้เห็นเจ้าคุกเข่าลงและพุดว่าเจ้าคือคนสุดท้าย: ใช่! นับพันครั้งเลย!<br><br> รักเจ้าเสมอและตลอดไป<br> Jaquette
เ+เ → แ,strings,1208011,พระคุณของนางอาจไม่แน่นอนเหมือนกับนางที่ด้อยประสบการณ์ในการขี่ม้า วันนี้ทุกคนจำกลอนที่ดีของข้าในการเเข่งขันได้ แต่ในวันพรุ่งนี้ความโด่งดังของนางอันน่าเบื่อหน่ายกับอาหารเช้าของนาง อาจต้องการบทกวีมหากาพย์อันใหม่ ใครคนหนึ่งพยายามคว้าโอกาสนี้ก่อนที่มันจะโผบินจากไป,พระคุณของนางอาจไม่แน่นอนเหมือนกับนางที่ด้อยประสบการณ์ในการขี่ม้า วันนี้ทุกคนจำกลอนที่ดีของข้าในการแข่งขันได้ แต่ในวันพรุ่งนี้ความโด่งดังของนางอันน่าเบื่อหน่ายกับอาหารเช้าของนาง อาจต้องการบทกวีมหากาพย์อันใหม่ ใครคนหนึ่งพยายามคว้าโอกาสนี้ก่อนที่มันจะโผบินจากไป
เ+เ → แ,strings,1208727,Madeleine Ziche<br><br> เสียชีวิตจากลางสังหรณ์บนหลุมฝังศพของนาง นางพึมพำว่า “ ก็เเค่มีเเผ่นจารึกเพิ่มอีกอัน ”,Madeleine Ziche<br><br> เสียชีวิตจากลางสังหรณ์บนหลุมฝังศพของนาง นางพึมพำว่า “ ก็แค่มีแผ่นจารึกเพิ่มอีกอัน ”
เ+เ → แ,strings,1208733,Michel Madeille<br><br>อัศวิน<br><br>สู้ศึกสงครามมามากมายหลายด้าน เเต่กลับมาตายตรงร่องอกในบ้านเกิดของเขา,Michel Madeille<br><br>อัศวิน<br><br>สู้ศึกสงครามมามากมายหลายด้าน แต่กลับมาตายตรงร่องอกในบ้านเกิดของเขา
เ+เ → แ,strings,1208742,Matthias l'Inutile<br><br> มาถึง Beauclair เเบบถังเเตก<br> ตายตามคนรวยไปเเล้ว,Matthias l'Inutile<br><br> มาถึง Beauclair แบบถังแตก<br> ตายตามคนรวยไปแล้ว
เ+เ → แ,strings,1208930,ข้าไม่เคยพบช่วงเวลาที่เหมาะสมเท่านี้ เห็นด้วยตาตัวเอง ไม่เคยมีโอกาสเเบบนี้จริงๆ แล้วจะบอกว่าข้าเป็นผู้หลงใหลศรัทธา,ข้าไม่เคยพบช่วงเวลาที่เหมาะสมเท่านี้ เห็นด้วยตาตัวเอง ไม่เคยมีโอกาสแบบนี้จริงๆ แล้วจะบอกว่าข้าเป็นผู้หลงใหลศรัทธา
เ+เ → แ,strings,1209713,พวกเราคือ Toussaintois ไม่ทนต่อผู้ก่อความยุ่งเหยิงเป็นเเน่!,พวกเราคือ Toussaintois ไม่ทนต่อผู้ก่อความยุ่งเหยิงเป็นแน่!
เ+เ → แ,strings,1210404,ประชาชนทุกท่าน! คำร้องขอจากพระนางฝ่าบาทผู้เลื่องลือ! ขุนนางมหาเสนาบดีจับกลุ่มกันในเเต่ละวันจนเกินรับไหว! ฝูงชนเเก้ปัญหาได้ด้วยการเรียกร้องค่าชดเชยสำหรับความเสียหายที่เกิดขึ้นทั่วทุกหนเเห่งของเมืองโดยฝูงแวมไพร์!,ประชาชนทุกท่าน! คำร้องขอจากพระนางฝ่าบาทผู้เลื่องลือ! ขุนนางมหาเสนาบดีจับกลุ่มกันในแต่ละวันจนเกินรับไหว! ฝูงชนแก้ปัญหาได้ด้วยการเรียกร้องค่าชดเชยสำหรับความเสียหายที่เกิดขึ้นทั่วทุกหนแห่งของเมืองโดยฝูงแวมไพร์!
เ+เ → แ,strings,1210426,การสังหารหมู่ที่คฤหาสน์ของ Durand de Savarin! รูปปั้นเเกะสลักเอลฟ์มีชีวิตขึ้นมาเพื่อสังหารสมาชิกของสมาคมมิตรสหายเเห่งประวัติศาสตร์ของ Toussaint !,การสังหารหมู่ที่คฤหาสน์ของ Durand de Savarin! รูปปั้นแกะสลักเอลฟ์มีชีวิตขึ้นมาเพื่อสังหารสมาชิกของสมาคมมิตรสหายแห่งประวัติศาสตร์ของ Toussaint !
เ+เ → แ,strings,1210457,เยี่ยมชมสถาบัน ณ ที่ Beauclair คณะสงฆ์เเห่งสมาคมข้ามชาติ Flagnants! ทั้งหมดได้ถูกรับเชิญมาที่นี่เเล้ว! มาสิมาลองชิมรสชาติของแส้ดูสิ บางทีท่านอาจจะติดใจก็ได้นะ!,เยี่ยมชมสถาบัน ณ ที่ Beauclair คณะสงฆ์แห่งสมาคมข้ามชาติ Flagnants! ทั้งหมดได้ถูกรับเชิญมาที่นี่แล้ว! มาสิมาลองชิมรสชาติของแส้ดูสิ บางทีท่านอาจจะติดใจก็ได้นะ!
เ+เ → แ,strings,1211102,Hearts of Stone เเละ Blood and Wine,Hearts of Stone และ Blood and Wine
เ+เ → แ,strings,1211301,คาดว่าน่าจะมีกองกำลังต่อต้าน ยังไม่ทราบว่าป้อมปราการเเข็งแกร่งแค่ไหน,คาดว่าน่าจะมีกองกำลังต่อต้าน ยังไม่ทราบว่าป้อมปราการแข็งแกร่งแค่ไหน
เ+เ → แ,strings,1211768,ว่ากันว่าวิทเชอร์กินเนยเเข็งก่อนของหวานหรือทีหลังกันล่ะ,ว่ากันว่าวิทเชอร์กินเนยแข็งก่อนของหวานหรือทีหลังกันล่ะ
เ+เ → แ,text,Emits a dim light.,ให้เเสงไฟ,ให้แสงไฟ
เ+เ → แ,text,Maybe something different.,บางที อาจจะเป็นบางสิ่งที่เเตกต่างออกไป,บางที อาจจะเป็นบางสิ่งที่แตกต่างออกไป
เ+เ → แ,text,By all means.,ได้เเน่นอน,ได้แน่นอน
เ+เ → แ,text,Now just gotta chop off its head… and go get my reward.,ตอนนี้ก็แค่ตัดหัวมันออก...และไปรับค่าตอบแทนของข้ากันได้เเล้ว,ตอนนี้ก็แค่ตัดหัวมันออก...และไปรับค่าตอบแทนของข้ากันได้แล้ว
เ+เ → แ,text,"Arrghh! Haaaawk! Whoooo! Feeeeeerrkk!, and then WHAAACK! THUD! As if a mother bear slammed pate-first into a cupboard.",อ๊าาากกก! ว๊าาาากกก! โว๊ยยยยย! เวี๊ยยยยยย! แล้วก็ ควั๊บบบ ตุ๊บ! อย่างกับแม่หมีเอาหัวโหม่งตู้เก็บของเเหนะ,อ๊าาากกก! ว๊าาาากกก! โว๊ยยยยย! เวี๊ยยยยยย! แล้วก็ ควั๊บบบ ตุ๊บ! อย่างกับแม่หมีเอาหัวโหม่งตู้เก็บของแหนะ
เ+เ → แ,text,"Fine. But that is the sum total - no bonuses or gratuities on top, understood?",ได้สิ แต่นั่นคือยอดทั้งหมด - ไม่มีผลกำไรหรือค่าตอบเเทนพิเศษ เข้าใจใช่ไหม?,ได้สิ แต่นั่นคือยอดทั้งหมด - ไม่มีผลกำไรหรือค่าตอบแทนพิเศษ เข้าใจใช่ไหม?
เ+เ → แ,text,"I hereby announce the following:<br><br>The vineyard known as Tufo, which is counted among my possessions and is famed throughout all the world for the superb <i>melon blanc</i> it produces, is beset by some monstrosity. Any knight who tracks the beast down and slays it will not only prove his honor but also earn a reward of not insignificant size. Therefore hear my call, all brave and valorous men of Toussaint, and make haste to Tufo to converse with the undersigned about the contract.<br><br>- M. de Bourbeau",ข้าขอประกาศดังต่อไปนี้:<br><br>ไร่องุ่นที่รู้จักกันในชื่อ Tufo ซึ่งนับเป็นหนึ่งในทรัพย์สินของข้าและมีชื่อเสียงไปทั่วโลกสำหรับการผลิตแตงโมที่ยอดเยี่ยม <i>Melon Blanc</i> มันถูกรุกรานโดยสัตว์ร้ายบางอย่าง อัศวินผู้ใดก็ตามที่ติดตามสัตว์ร้ายและสังหารมันจะไม่เพียงแต่พิสูจน์เกียรติยศของเขาเท่านั้น แต่ยังได้รับรางวัลเล็กน้อยอีกด้วย ดังนั้นได้ยินเสียงเรียกของข้าเเล้วนิชายผู้กล้าหาญและความกล้าหาญของ Toussaint จากนั้นให้รีบไปที่ Tufo เพื่อสนทนากับผู้ลงนามข้างล่างเกี่ยวกับสัญญา<br><br>- M. de Bourbeau,ข้าขอประกาศดังต่อไปนี้:<br><br>ไร่องุ่นที่รู้จักกันในชื่อ Tufo ซึ่งนับเป็นหนึ่งในทรัพย์สินของข้าและมีชื่อเสียงไปทั่วโลกสำหรับการผลิตแตงโมที่ยอดเยี่ยม <i>Melon Blanc</i> มันถูกรุกรานโดยสัตว์ร้ายบางอย่าง อัศวินผู้ใดก็ตามที่ติดตามสัตว์ร้ายและสังหารมันจะไม่เพียงแต่พิสูจน์เกียรติยศของเขาเท่านั้น แต่ยังได้รับรางวัลเล็กน้อยอีกด้วย ดังนั้นได้ยินเสียงเรียกของข้าแล้วนิชายผู้กล้าหาญและความกล้าหาญของ Toussaint จากนั้นให้รีบไปที่ Tufo เพื่อสนทนากับผู้ลงนามข้างล่างเกี่ยวกับสัญญา<br><br>- M. de Bourbeau
เ+เ → แ,text,Naezan salts. Hmm… Used to make compresses.,Naezan Salts อืม...ใช้ทำผ้าประคบบาดเเผลได้,Naezan Salts อืม...ใช้ทำผ้าประคบบาดแผลได้
เ+เ → แ,text,"Fine. I'll look into it. Might be a botched portal, but I doubt it.",เอาละ ข้าจะลองสำรวจดู บางทีอาจจะเป็นเป็นประตูมิติที่ผิดพลาดน่ะ แต่ข้าเเค่สงสัยนะ,เอาละ ข้าจะลองสำรวจดู บางทีอาจจะเป็นเป็นประตูมิติที่ผิดพลาดน่ะ แต่ข้าแค่สงสัยนะ
เ+เ → แ,text,"I've hit upon the perfect ending - ""And all for the glory of Her Grace, the Duchess""!","ข้าได้ตีตอนจบที่สมบูรณ์แบบไว้เเล้ว - ""และทั้งหมดเพื่อเกียรติด้วยพระคุณของท่านหญิง""!","ข้าได้ตีตอนจบที่สมบูรณ์แบบไว้แล้ว - ""และทั้งหมดเพื่อเกียรติด้วยพระคุณของท่านหญิง""!"
เ+เ → แ,text,Stocks and the whip await those running riot! Our duchy values peace and quiet!,ด้ามไม้เเละเเส้เฝ้าคอยการจลาจลเหล่านั้นอยู่! ท่านขุนนางของเราให้ความสำคัญกับความสงบสุขเเละการสงบเสงี่ยม!,ด้ามไม้และแส้เฝ้าคอยการจลาจลเหล่านั้นอยู่! ท่านขุนนางของเราให้ความสำคัญกับความสงบสุขและการสงบเสงี่ยม!
เ+เ → แ,text,"Geralt of Rivia, perchance?",Geralt เเห่ง Rivia บังเอิญจังนะ?,Geralt แห่ง Rivia บังเอิญจังนะ?
เ+เ → แ,text,Fear uninspiring? No rhymes at the ready?,ความกลัวมันน่าเบื่อไหม? ไม่มีบทกวีให้ร้องเเล้วหรือไง?,ความกลัวมันน่าเบื่อไหม? ไม่มีบทกวีให้ร้องแล้วหรือไง?
เ+เ → แ,text,"This jar's empty, too.",โถนี้ว่างปล่าว หมดเเล้วด้วย,โถนี้ว่างปล่าว หมดแล้วด้วย
เ+เ → แ,text,"No kikimore dug this. Tunnels're the work of something much bigger… Something with heavy, wide claws.",ไม่ใช่ฝีมือของ Kikimore ที่ขุดเเน่ อุโมงค์นี่เป็นผลงานของสิ่งที่ใหญ่กว่ามาก...บางสิ่งที่มีกรงเล็บที่หนักและกว้าง,ไม่ใช่ฝีมือของ Kikimore ที่ขุดแน่ อุโมงค์นี่เป็นผลงานของสิ่งที่ใหญ่กว่ามาก...บางสิ่งที่มีกรงเล็บที่หนักและกว้าง
เ+เ → แ,text,Water coursing. Underground stream?,เสียงน้ำไหล มีกระเเสน้ำอยู่ใต้ดินงั้นเหรอ?,เสียงน้ำไหล มีกระแสน้ำอยู่ใต้ดินงั้นเหรอ?
เ+เ → แ,text,Property's falling apart on its own what with all the tunnels under it. I'd fill those in soon if you don't want your building to collapse.,ทรัพย์สินที่เจ้าครอบครองเเตกเป็นเสี่ยงเพราะว่าสิ่งที่อยู่ในอุโมงค์ใต้ดินนั่น ข้าจะจัดการสิ่งนั้นให้เเน่นอนในไม่ช้านี้ หากเจ้าไม่ต้องการให้อาคารของเจ้าพังลง,ทรัพย์สินที่เจ้าครอบครองแตกเป็นเสี่ยงเพราะว่าสิ่งที่อยู่ในอุโมงค์ใต้ดินนั่น ข้าจะจัดการสิ่งนั้นให้แน่นอนในไม่ช้านี้ หากเจ้าไม่ต้องการให้อาคารของเจ้าพังลง
เ+เ → แ,text,[Punctures and slashes on the cow.],[เจาะเเละเฉือนบนตัววัว],[เจาะและเฉือนบนตัววัว]
เ+เ → แ,text,"Deep claw wounds. Spread between talons indicates a draconid, a wyvern, probably. But these wounds weren't the cause of death.",รอยกรงเล็บลึก ระยะห่างระหว่างกรงเล็บบงชี้ไปที่ Draconid Wyvern เป็นไปได้สูง เเต่บาดเเผลเหล่านี้ไม่ได้เป็นสาเหตุของการตาย,รอยกรงเล็บลึก ระยะห่างระหว่างกรงเล็บบงชี้ไปที่ Draconid Wyvern เป็นไปได้สูง แต่บาดแผลเหล่านี้ไม่ได้เป็นสาเหตุของการตาย
เ+เ → แ,text,"Gut's sliced open, hmm. Not much blood, so it happened after death. Heart had already stopped pumping.",เครื่องในถูกควักออกมา หืม...เลือดไม่มากนัก งั้นคงเกิดขึ้นหลังจากมันตายเเล้ว หัวใจหยุดเต้นลงเเล้ว,เครื่องในถูกควักออกมา หืม...เลือดไม่มากนัก งั้นคงเกิดขึ้นหลังจากมันตายแล้ว หัวใจหยุดเต้นลงแล้ว
เ+เ → แ,text,Good vintage. Must've been a special occasion.,เหล้าองุ่นชั้นดีนี่ คงจะเป็นโอกาสพิเศษเเน่,เหล้าองุ่นชั้นดีนี่ คงจะเป็นโอกาสพิเศษแน่
เ+เ → แ,text,"What? But… how could she?! To be unfaithful to me, a lord and heir… with a plough-spawned peasant?! Oh, she shall pay for this!",อะไรนะ? เเต่...นางทำได้ยังไง? นอกใจข้า ละทิ้งชีวิตขุนนางเเล้วก็มรดกเพื่อที่จะ...ไปอยู่กับไอ้ชาวนาสวะชั้นต่ำนั้นเนี่ยนะ? โอ้ นางจะต้องชดใช้กับสิ่งนี้!,อะไรนะ? แต่...นางทำได้ยังไง? นอกใจข้า ละทิ้งชีวิตขุนนางแล้วก็มรดกเพื่อที่จะ...ไปอยู่กับไอ้ชาวนาสวะชั้นต่ำนั้นเนี่ยนะ? โอ้ นางจะต้องชดใช้กับสิ่งนี้!
เ+เ → แ,text,Contract: The Tufo Monster,สัญญาว่าจ้าง: อสูรกายเเห่ง Tufo,สัญญาว่าจ้าง: อสูรกายแห่ง Tufo
เ+เ → แ,text,Madame de Bourbeau and the farmhand - something going on there.,มาดาม de Bourbeau เเละคนงานในไร่ - มีอะไรเกิดขึ้นที่นั้น,มาดาม de Bourbeau และคนงานในไร่ - มีอะไรเกิดขึ้นที่นั้น
เ+เ → แ,text,The Beast of Toussaint,สัตว์ร้ายเเห่ง Toussaint,สัตว์ร้ายแห่ง Toussaint
เ+เ → แ,text,"Mhm. Me… south, in all my fame.",หืม ข้ามาเเล้ว...มาทั้งความโด่งดังนี้เเหละ,หืม ข้ามาแล้ว...มาทั้งความโด่งดังนี้แหละ
เ+เ → แ,text,"Ahem… Yeah, unwelcome little habit of his. But… what can I do for you?",อะแฮ่ม...ช่าย มันเป็นนิสัยของเขาไปซะเเล้ว แต่...มีอะไรให้ข้าช่วยไหม?,อะแฮ่ม...ช่าย มันเป็นนิสัยของเขาไปซะแล้ว แต่...มีอะไรให้ข้าช่วยไหม?
เ+เ → แ,text,"Witcher, sir, you jest! A love most true demands proof through heroic deeds dedicated to the heart's captor!",ท่านวิทเชอร์นี้ท่านพูดล้อเล่นใช่ไหม! เเต่ความรักที่แท้จริงจะต้องการพิสูจน์ ผ่านการกระทำที่กล้าหาญที่ ทุ่มเทให้กับหัวใจ!,ท่านวิทเชอร์นี้ท่านพูดล้อเล่นใช่ไหม! แต่ความรักที่แท้จริงจะต้องการพิสูจน์ ผ่านการกระทำที่กล้าหาญที่ ทุ่มเทให้กับหัวใจ!
เ+เ → แ,text,But alas… François has been gone a fortnight. Thus I must plead with you to see what's become of him. Could you? Would you?,แต่น่าเสียดาย…François หายไป 2 อาทิตย์เเล้ว ดังนั้นข้าต้องขอร้องให้ท่านไปดูว่าเกิดอะไรขึ้นกับเขา ท่านสามารถ? ช่วยข้าได้ไหม?,แต่น่าเสียดาย…François หายไป 2 อาทิตย์แล้ว ดังนั้นข้าต้องขอร้องให้ท่านไปดูว่าเกิดอะไรขึ้นกับเขา ท่านสามารถ? ช่วยข้าได้ไหม?
เ+เ → แ,text,"Yes… From which it prowls when hungry. By night, when all are asleep, it creeps into villages. Then, of a sudden, breaks open shutters, reaches inside and snatches babes from their cradles so quickly they've not the time to yelp!",ใช่…มันอยู่ในถ้ำเเละมันหิวมาก ในเวลากลางคืนเมื่อทุกคนหลับไปมันจะเล็ดลอดเข้าไปในหมู่บ้าน จากนั้นก็จะเปิดประตูบ้าน เข้ามาด้านในแล้วขโมยเด็กจากเปลออกมากิน ก่อนที่ทุกคนจะได้มีเวลา ตะโกนขอความช่วยเหลือ,ใช่…มันอยู่ในถ้ำและมันหิวมาก ในเวลากลางคืนเมื่อทุกคนหลับไปมันจะเล็ดลอดเข้าไปในหมู่บ้าน จากนั้นก็จะเปิดประตูบ้าน เข้ามาด้านในแล้วขโมยเด็กจากเปลออกมากิน ก่อนที่ทุกคนจะได้มีเวลา ตะโกนขอความช่วยเหลือ
เ+เ → แ,text,"François claimed he would cut the filth down in a snap, but he's been gone so long… Will you help, sir? I cannot sleep, I fear this worrying will be the death of me…",François บอกว่าเขาสามารถฆ่ามันได้ในพริบตา แต่เขาหายไปนานแล้ว...ท่านจะช่วยได้ไหม ข้านอนไม่หลับเลย ข้ากังวลจะเป็นจะตายอยู่เเล้ว...,François บอกว่าเขาสามารถฆ่ามันได้ในพริบตา แต่เขาหายไปนานแล้ว...ท่านจะช่วยได้ไหม ข้านอนไม่หลับเลย ข้ากังวลจะเป็นจะตายอยู่แล้ว...
เ+เ → แ,text,We must make sure he doesn't leave with the news.,เราต้องทำให้เเน่ใจว่าเขาจะไม่ออกไปพร้อมกับข้อมูล,เราต้องทำให้แน่ใจว่าเขาจะไม่ออกไปพร้อมกับข้อมูล
เ+เ → แ,text,"By the hair on my chinny chin chin, what difference does it make whether we went for a stroll or to gather sewants? Hugo remains inside, in grave danger! That's what matters!",เคราของข้า เเล้วมันแตกต่างกันตรงไหนไม่ว่าเราจะไปเดินเล่นหรือเพื่อรวบรวม Sewants? Hugo ยังติดอยู่ในนั้นนะ ในที่ๆอันตรายอย่างมากด้วย! นั่นแหละที่สำคัญ!,เคราของข้า แล้วมันแตกต่างกันตรงไหนไม่ว่าเราจะไปเดินเล่นหรือเพื่อรวบรวม Sewants? Hugo ยังติดอยู่ในนั้นนะ ในที่ๆอันตรายอย่างมากด้วย! นั่นแหละที่สำคัญ!
เ+เ → แ,text,"Hmm… What's there to tell…? That the master of these lands, Monsieur de Bourbeau, is the greatest buffoon in all Toussaint?",อืม…มีอะไรให้เล่างั้นเหรอ…? นายจ้างของดินแดนเเห่งนี้นาย de Bourbeau เป็นคนตลกที่ยิ่งใหญ่ที่สุดใน Toussaint เลยมั้ง?,อืม…มีอะไรให้เล่างั้นเหรอ…? นายจ้างของดินแดนแห่งนี้นาย de Bourbeau เป็นคนตลกที่ยิ่งใหญ่ที่สุดใน Toussaint เลยมั้ง?
เ+เ → แ,text,Beyond Hill and Dale...,เหนือเนินเขาเเละหุบเขา...,เหนือเนินเขาและหุบเขา...
เ+เ → แ,text,Yes. You have walked your last.,ใช่ เจ้าได้ทำสิ่งสุดท้ายของเจ้าเเล้ว,ใช่ เจ้าได้ทำสิ่งสุดท้ายของเจ้าแล้ว
เ+เ → แ,text,You've taken up enough of my time. You were to go to the cellar!,เจ้าใช้เวลาของข้าไปพอเเล้ว เจ้าต้องลงไปที่ห้องใต้ดิน!,เจ้าใช้เวลาของข้าไปพอแล้ว เจ้าต้องลงไปที่ห้องใต้ดิน!
เ+เ → แ,text,A foot… been gnawed on. Not good.,เท้า...ถูกเเทะไป ไม่ดีเเน่,เท้า...ถูกแทะไป ไม่ดีแน่
เ+เ → แ,text,"And I took none. I should be the one to apologize - for judging by appearance alone. Tell me - your knowledge, how did you gain it? From an herbalist living nearby?",ข้าไม่สามารถรับไว้ได้หรอก ข้าต่างหากควรเป็นฝ่ายที่ต้องขอโทษ สำหรับการตัดสินคนจากการพบกันเพียงเเค่ครั้งแรก บอกข้าหน่อยได้ไหมว่าความรู้ของท่านได้มายังไง? จากนักสมุนไพรที่อาศัยอยู่ใกล้ๆที่นี่หรือ?,ข้าไม่สามารถรับไว้ได้หรอก ข้าต่างหากควรเป็นฝ่ายที่ต้องขอโทษ สำหรับการตัดสินคนจากการพบกันเพียงแค่ครั้งแรก บอกข้าหน่อยได้ไหมว่าความรู้ของท่านได้มายังไง? จากนักสมุนไพรที่อาศัยอยู่ใกล้ๆที่นี่หรือ?
เ+เ → แ,text,"That one, is he no vampire? He's pale… and has strange eyes.",นั่น...เขาไม่ใช่เเวมไพร์รึ? เขาดูตัวซีด....เเละมีดวงตาที่น่ากลัว,นั่น...เขาไม่ใช่แวมไพร์รึ? เขาดูตัวซีด....และมีดวงตาที่น่ากลัว
เ+เ → แ,text,"A silver sword? You must fight vampires with fire, that's what my nonni said!",ดาบเงินเหรอ? เจ้าต้องสู้กับเเวมไพรด้วยไฟ นั่นคือสิ่งที่nonniของข้าพูด!,ดาบเงินเหรอ? เจ้าต้องสู้กับแวมไพรด้วยไฟ นั่นคือสิ่งที่nonniของข้าพูด!
เ+เ → แ,text,Witcher. Colossus awaits. Ready to test your strength?,วิทเชอร์ เจ้ายักษ์รออยู่ พร้อมที่จะทดสอบความเเข็งเเกร่งของเจ้าหรือยัง?,วิทเชอร์ เจ้ายักษ์รออยู่ พร้อมที่จะทดสอบความแข็งแกร่งของเจ้าหรือยัง?
เ+เ → แ,text,Afflicted by a curse.,ท่านเเค่ทรมานด้วยคำสาบ,ท่านแค่ทรมานด้วยคำสาบ
เ+เ → แ,text,"Hm, I don't believe I have that amount… What would you say to a festival discount? On account of the… uhh… tourney?",ฮืม ข้าไม่อยากเชื่อนะว่าข้ามีเงินขนาดนั้น...เจ้าจะว่าไงล่ะเป็นเทศกาลลดราคาได้ไหม? หรือว่า...เออ...จะเเข่งกันเสนอราคาก็ได้?,ฮืม ข้าไม่อยากเชื่อนะว่าข้ามีเงินขนาดนั้น...เจ้าจะว่าไงล่ะเป็นเทศกาลลดราคาได้ไหม? หรือว่า...เออ...จะแข่งกันเสนอราคาก็ได้?
เ+เ → แ,text,I will be discreet. I swear this on the heron.,ข้าไตร่ตรองเรื่องนี้เเล้ว สาบานนี้เพื่อไข่นกกะสา โดยเฉพาะเลย,ข้าไตร่ตรองเรื่องนี้แล้ว สาบานนี้เพื่อไข่นกกะสา โดยเฉพาะเลย
เ+เ → แ,text,The gods have sent the Beast as punishment for our sins!,เหล่าทวยเทพได้ส่งสัตว์ร้ายมาลงโทษบาปของเราเเล้ว!,เหล่าทวยเทพได้ส่งสัตว์ร้ายมาลงโทษบาปของเราแล้ว!
เ+เ → แ,text,Greed and lust trump honor!,ความโลภเเละราคะให้เกียรติเเด่ผู้ที่กล้าหาญ!,ความโลภและราคะให้เกียรติแด่ผู้ที่กล้าหาญ!
เ+เ → แ,text,We have ceased to succor our ancient traditions!,เราต้องหยุดที่จะช่วยเหลือประเพณีเก่าเเก่ของเราซะ!,เราต้องหยุดที่จะช่วยเหลือประเพณีเก่าแก่ของเราซะ!
เ+เ → แ,text,"No, wait! Ah. If you truly must do this, then please, at the least, deposit me somewhere pleasant.",ไม่ รอเดี๋ยว! อ่าาา ถ้าเจ้าจำเป็นที่จะต้องทำสิ่งนี้จริงๆ ได้โปรดเถอะ อย่างน้อยที่สุดก็ทิ้งข้าไว้สักเเห่งที่ดูรื่นรมย์,ไม่ รอเดี๋ยว! อ่าาา ถ้าเจ้าจำเป็นที่จะต้องทำสิ่งนี้จริงๆ ได้โปรดเถอะ อย่างน้อยที่สุดก็ทิ้งข้าไว้สักแห่งที่ดูรื่นรมย์
เ+เ → แ,text,"I vow on the crane that I shall fight with honor. And I dedicate this fight to you, my Lady.",ข้าสาบานต่อหน้านกกระเรียนว่าข้าจะสู้ด้วยเกียรติ เเละข้าอุทิศการต่อสู้นี้ให้เจ้า ที่รัก,ข้าสาบานต่อหน้านกกระเรียนว่าข้าจะสู้ด้วยเกียรติ และข้าอุทิศการต่อสู้นี้ให้เจ้า ที่รัก
เ+เ → แ,text,"Bad form, sir!",ดูท่าจะเเย่เเล้วท่าน!,ดูท่าจะแย่แล้วท่าน!
เ+เ → แ,text,Look your last to the world's four winds.,มองดูครั้งสุดท้ายของเจ้ากับโลกเเละลมทั้งสี่ทิศ,มองดูครั้งสุดท้ายของเจ้ากับโลกและลมทั้งสี่ทิศ
เ+เ → แ,text,"Mhm. See now, I'd rather emphasize something else - tell me what this is about, monsieur, or I'll change my mind and go.",หืมม ดูตอนนี้ข้าอยากจะเน้นสิ่งอื่นมากกว่า - บอกข้ามาว่านี่เป็นเรื่องเกี่ยวกับอะไรรึมองซิเออร์ หรือจะให้ข้าเปลี่ยนใจเเล้วก็ไปเลยดีล่ะ,หืมม ดูตอนนี้ข้าอยากจะเน้นสิ่งอื่นมากกว่า - บอกข้ามาว่านี่เป็นเรื่องเกี่ยวกับอะไรรึมองซิเออร์ หรือจะให้ข้าเปลี่ยนใจแล้วก็ไปเลยดีล่ะ
เ+เ → แ,text,Therein lies the rub - none has seen the beast. We've only heard signs of its presence - a strange… scratching and shrieks. Neither are there any corpses to inspect… Men simply disappear without a trace.,ในนั้นยังคงมีอุปสรรคอยู่ - ไม่มีใครได้เห็นสัตว์ร้าย เราได้ยินเพียงสัญญาณของการมีอยู่ของมัน - แปลกนะ...รอยขีดข่วนเเละเสียงกรีดร้อง ต่างก็ไม่มีศพใดๆเพื่อที่จะตรวจสอบ...คนงานก็หายไปอย่างไร้ร่องรอย,ในนั้นยังคงมีอุปสรรคอยู่ - ไม่มีใครได้เห็นสัตว์ร้าย เราได้ยินเพียงสัญญาณของการมีอยู่ของมัน - แปลกนะ...รอยขีดข่วนและเสียงกรีดร้อง ต่างก็ไม่มีศพใดๆเพื่อที่จะตรวจสอบ...คนงานก็หายไปอย่างไร้ร่องรอย
เ+เ → แ,text,"Oh, that should suffice with the questions. Now tell me, will you take the contract - yea or nay?",โอ้ นั่นน่าจะเพียงพอกับคำถามเเล้วล่ะ ตอนนี้บอกข้ามาว่าเจ้าเอาสัญญาว่าจ้าง - ใช่หรือไม่?,โอ้ นั่นน่าจะเพียงพอกับคำถามแล้วล่ะ ตอนนี้บอกข้ามาว่าเจ้าเอาสัญญาว่าจ้าง - ใช่หรือไม่?
เ+เ → แ,text,"No. You must speak to my wife, she has more collegial relations with the household help… She's away at the moment, visiting her mother, but should return forthwith.",ไม่เลย เจ้าต้องไปคุยกับภรรยาของข้าเองเเล้วล่ะ นางมีความสัมพันธ์กับเพื่อนร่วมงานมากว่าการช่วยเหลือครอบครัวซะอีก...นางออกไปเยี่ยมเเม่ของนางเมื่อสักครู่น่ะ เเต่น่าจะกลับมาได้เเล้วล่ะ,ไม่เลย เจ้าต้องไปคุยกับภรรยาของข้าเองแล้วล่ะ นางมีความสัมพันธ์กับเพื่อนร่วมงานมากว่าการช่วยเหลือครอบครัวซะอีก...นางออกไปเยี่ยมแม่ของนางเมื่อสักครู่น่ะ แต่น่าจะกลับมาได้แล้วล่ะ
เ+เ → แ,text,"Fine. I'll do it. Need to look around here, first. Then I'll want to talk to Madame de Bourbeau.",ดีล่ะ ข้าจะทำมัน ต้องดูรอบๆที่นี่ก่อนอย่างเเรก หลังจากนั้นข้าต้องการที่จะคุยกับมาดาม de Bourbeau,ดีล่ะ ข้าจะทำมัน ต้องดูรอบๆที่นี่ก่อนอย่างแรก หลังจากนั้นข้าต้องการที่จะคุยกับมาดาม de Bourbeau
เ+เ → แ,text,"Very well. I shall inform you once she has returned. Meanwhile, the key to the cellar. Just, whatever you do, please do not disturb the wine barrels!",ดีมาก ข้าจะแจ้งให้เจ้าทราบเมื่อนางกลับมาเเล้ว ในขณะเดียวกันนี่กุญเเจสู่ห้องใต้ดิน เพียงแค่สิ่งที่เจ้าทำโปรดกรุณาอย่าไปยุ่งกับถังไวน์ล่ะ!,ดีมาก ข้าจะแจ้งให้เจ้าทราบเมื่อนางกลับมาแล้ว ในขณะเดียวกันนี่กุญแจสู่ห้องใต้ดิน เพียงแค่สิ่งที่เจ้าทำโปรดกรุณาอย่าไปยุ่งกับถังไวน์ล่ะ!
เ+เ → แ,text,Not yet. But stay away from there for now. Air inside's unhealthy.,ยังเลย เเต่อยู่ให้ห่างที่นั่นไว้ตอนนี้ อากาศภายในไม่ดีต่อสุขภาพเท่าไรนัก,ยังเลย แต่อยู่ให้ห่างที่นั่นไว้ตอนนี้ อากาศภายในไม่ดีต่อสุขภาพเท่าไรนัก
เ+เ → แ,text,Argh… Fate's a bitch gone in the teeth. Where am I to find another cave as snug as that?,อ๊า…ชะตาของลูกหมาหายไปในคมเขี้ยว เเล้วข้าจะหาถ้ำอันอื่นที่อบอุ่นเเละน่าสบายเช่นนั้นได้ที่ไหนกัน?,อ๊า…ชะตาของลูกหมาหายไปในคมเขี้ยว แล้วข้าจะหาถ้ำอันอื่นที่อบอุ่นและน่าสบายเช่นนั้นได้ที่ไหนกัน?
เ+เ → แ,text,"Almost all, my dear. I requested that some be planted to the north, by the grove. Just the remainders.",เกือบทั้งหมดที่รักของข้า ข้าขอให้บางส่วนไปปลูกทางทิศเหนือบ้างน่ะ ใกล้กับป่าเล็กๆ เพียงเเค่ส่วนที่เหลือเท่านั้น,เกือบทั้งหมดที่รักของข้า ข้าขอให้บางส่วนไปปลูกทางทิศเหนือบ้างน่ะ ใกล้กับป่าเล็กๆ เพียงแค่ส่วนที่เหลือเท่านั้น
เ+เ → แ,text,Then what are you fritting around here for?! Get to work!,ถ้างั้นเจ้ามาเที่ยวรอบๆที่นี่เพื่ออะไรกันฮะ! ไปทำงานได้เเล้ว!,ถ้างั้นเจ้ามาเที่ยวรอบๆที่นี่เพื่ออะไรกันฮะ! ไปทำงานได้แล้ว!
เ+เ → แ,text,"From the north, silence sighs.",ทางทิศเหนือ เงียบเเละโหยหา,ทางทิศเหนือ เงียบและโหยหา
เ+เ → แ,text,Got rid of the beast that was giving you trouble. It was a shaelmaar.,กำจัดสัตว์ร้ายที่ทำให้เจ้าเดือดร้อนเเล้ว มันคือ shaelmaar น่ะ,กำจัดสัตว์ร้ายที่ทำให้เจ้าเดือดร้อนแล้ว มันคือ shaelmaar น่ะ
เ+เ → แ,text,Sh-shaelma? What ever could that be?,SH-shaelma? นั่นมันอะไรกันเป็นเเบบนั้นได้ไง?,SH-shaelma? นั่นมันอะไรกันเป็นแบบนั้นได้ไง?
เ+เ → แ,text,Hmm… Kind of like a cross between a mole and a caterpillar. Just… big as a barn.,หืม...มันเป็นเหมือนการผสมพันธ์ระหว่างตัวตุ่นกับตัวหนอนดักเเด้น่ะ แค่…มันใหญ่ราวกับยุ้งฉาง,หืม...มันเป็นเหมือนการผสมพันธ์ระหว่างตัวตุ่นกับตัวหนอนดักแด้น่ะ แค่…มันใหญ่ราวกับยุ้งฉาง
เ+เ → แ,text,"Now, forgive me. I must speak to my wife.",ทีนี้ ยกโทษให้ข้าด้วย ข้าต้องไปคุยกับภรรยาของข้าเเล้วล่ะ,ทีนี้ ยกโทษให้ข้าด้วย ข้าต้องไปคุยกับภรรยาของข้าแล้วล่ะ
เ+เ → แ,text,"I trust you've reconsidered your decision. Will you try your luck in our tournament, after all?",ข้าเชื่อว่าท่านได้พิจารณาการตัดสินใจของเจ้าเเล้ว ท่านจะลองเสี่ยงโชคของท่านในทัวร์นาเมนต์ของเราไหม?,ข้าเชื่อว่าท่านได้พิจารณาการตัดสินใจของเจ้าแล้ว ท่านจะลองเสี่ยงโชคของท่านในทัวร์นาเมนต์ของเราไหม?
เ+เ → แ,text,"Made me bow and scrape, sure, but I know some sorceresses witchier than her.",ทำให้ข้าโค้งคำนับและคุกเข่าได้อย่างไม่ต้องสงสัยเลย แต่ข้ารู้ว่าเเม่มดบางคนนั้นฉลาดกว่านาง,ทำให้ข้าโค้งคำนับและคุกเข่าได้อย่างไม่ต้องสงสัยเลย แต่ข้ารู้ว่าแม่มดบางคนนั้นฉลาดกว่านาง
เ+เ → แ,text,Did what we could.,ทำในสิ่งที่เราทำได้เเล้ว,ทำในสิ่งที่เราทำได้แล้ว
เ+เ → แ,text,"So long, witcher. I must think, put this straight in my head.",เเล้วเจอกันวิทเชอร์ ข้าต้องจำสิ่งนี้ ใส่ไปในหัวของข้า,แล้วเจอกันวิทเชอร์ ข้าต้องจำสิ่งนี้ ใส่ไปในหัวของข้า
เ+เ → แ,text,"Well, damn thing's full o' noise, the arse-clenchin' sort, clinkety-bangity-knockity kind. Sent my clerk in to see. Been two days, and he's not back.",อืม เเม่งเสียงอึกทึกครึกโครมเต็มไปหมด อ่า - Clenchin เรียงลำดับไว้เลย Clinkety-Bangity-Knockity ผู้ใจบุญ ข้าส่งเสมียนของข้าเข้าไปดูข้างใน เป็นเวลาสองวันเเล้ว เเละเขายังไม่กลับมาเลย,อืม แม่งเสียงอึกทึกครึกโครมเต็มไปหมด อ่า - Clenchin เรียงลำดับไว้เลย Clinkety-Bangity-Knockity ผู้ใจบุญ ข้าส่งเสมียนของข้าเข้าไปดูข้างใน เป็นเวลาสองวันแล้ว และเขายังไม่กลับมาเลย
เ+เ → แ,text,"I will not be played for a fool! You know exactly why. Now go, get to it!",ข้าจะไม่เล่นบทโง่เเล้ว! เจ้ารู้ดีว่าทำไม ตอนนี้ไป ไปซะ!,ข้าจะไม่เล่นบทโง่แล้ว! เจ้ารู้ดีว่าทำไม ตอนนี้ไป ไปซะ!
เ+เ → แ,text,On to the second point on the map!,ไปยังจุดที่สองบนแผนที่กันได้เเล้ว!,ไปยังจุดที่สองบนแผนที่กันได้แล้ว!
เ+เ → แ,text,"And your sharpened senses, what do they say?",เเละสัมผัสที่เฉียบคมของเจ้า พวกเขาพูดกันว่าอะไรนะ?,และสัมผัสที่เฉียบคมของเจ้า พวกเขาพูดกันว่าอะไรนะ?
เ+เ → แ,text,That you'd rather turn and run.,ที่เจ้าหันหลังกลับเเล้วก็รีบวิ่งน่ะเหรอ?,ที่เจ้าหันหลังกลับแล้วก็รีบวิ่งน่ะเหรอ?
เ+เ → แ,text,It's grown rather late. I believe we'll be on our way…,มันโตค่อนข้างช้าไปหน่อยน่ะ ข้าเชื่อว่าเราจะได้ในเเบบของเรา...,มันโตค่อนข้างช้าไปหน่อยน่ะ ข้าเชื่อว่าเราจะได้ในแบบของเรา...
เ+เ → แ,text,Kidnapping was a farce.,การลักพาตัวเป็นเเค่ละครตบตาเท่านั้น,การลักพาตัวเป็นแค่ละครตบตาเท่านั้น
เ+เ → แ,text,The Inconstant Gardener,ชาวสวนผู้เเปรผัน,ชาวสวนผู้แปรผัน
เ+เ → แ,text,Search the workshop and find the chest with the loot.,ตรวจสอบโรงงานเเละค้นหาหีบจากการปล้นสะดม,ตรวจสอบโรงงานและค้นหาหีบจากการปล้นสะดม
เ+เ → แ,text,Time we went our separate ways. Good luck - whatever you decide to do.,ถึงเวลาที่เราต้องแยกทางกันเเล้ว ขอให้โชคดี - ไม่ว่าเจ้าจะตัดสินใจยังไง,ถึงเวลาที่เราต้องแยกทางกันแล้ว ขอให้โชคดี - ไม่ว่าเจ้าจะตัดสินใจยังไง
เ+เ → แ,text,"Damn, water's hot. Get burned if I don't watch it.",เวรละ น้ำร้อน ถ้าข้าไม่เห็นนี่ได้เป็นไก่ต้มเเน่,เวรละ น้ำร้อน ถ้าข้าไม่เห็นนี่ได้เป็นไก่ต้มแน่
เ+เ → แ,text,"So, monsters crawl out of the ground?",เเล้วสัตว์ประหลาดก็โผล่ออกมาจากพื้นดินใช่ไหม?,แล้วสัตว์ประหลาดก็โผล่ออกมาจากพื้นดินใช่ไหม?
เ+เ → แ,text,They speak the truth about the villages. Grottore consumes babes.,ที่พวกเขาพูดเป็นความจริงเรื่องหมู่บ้านที่อยู่ใกล้ๆว่า Grottore ได้กินเด็กทารกไปจนหมดเเล้ว,ที่พวกเขาพูดเป็นความจริงเรื่องหมู่บ้านที่อยู่ใกล้ๆว่า Grottore ได้กินเด็กทารกไปจนหมดแล้ว
เ+เ → แ,text,"Hmmm… monster I'm looking for lives underground, digs tunnels, feeds on kikimores… and is big. Very big.",หืมม...เจ้าสัตว์ประหลาดตัวนี้ ข้าต้องมองหาสิ่งมีชีวิตที่อยู่ใต้ดิน ขุดอุโมงค์กินพวก kikimores เป็นอาหารอาหาร...เเละมันใหญ่ ใหญ่มาก,หืมม...เจ้าสัตว์ประหลาดตัวนี้ ข้าต้องมองหาสิ่งมีชีวิตที่อยู่ใต้ดิน ขุดอุโมงค์กินพวก kikimores เป็นอาหารอาหาร...และมันใหญ่ ใหญ่มาก
เ+เ → แ,text,Felled trees? As if something… rolled over them. So a shaelmaar. Only they dig tunnels and move like that.,ต้นไม้โค่นงั้นเหรอ? ราวกับว่ามีบางอย่าง...กลิ้งทับพวกมัน เพราะฉะนั้น Shaelmaar มีแต่พวกเเกเท่านั้นเเหละที่ขุดอุโมงค์และเคลื่อนที่เเบบนั้น,ต้นไม้โค่นงั้นเหรอ? ราวกับว่ามีบางอย่าง...กลิ้งทับพวกมัน เพราะฉะนั้น Shaelmaar มีแต่พวกแกเท่านั้นแหละที่ขุดอุโมงค์และเคลื่อนที่แบบนั้น
เ+เ → แ,text,"One day, Geralt came across a notice board with information about a gwent tournament organized by Count Monnier and to be held at the Pheasantry. The witcher, as everyone knew, was not one to turn down a bit of card playing, so he decided to join the event. Little did he know what surprises awaited him there...<br>",อยู่มาวันหนึ่ง Geralt พบกระดานแจ้งเตือนพร้อมข้อมูลเกี่ยวกับการเเข่งขัน Gwent ที่จัดขึ้นโดยท่านเคาท์ Monnier และจะจัดขึ้นที่ Pheasantry วิทเชอร์เเละอย่างที่ทุกคนรู้ว่าเล่นการ์ดนั้นสนุกไม่ใช่น้อย ดังนั้นเขาจึงตัดสินใจเข้าร่วมกิจกรรม เขารู้ว่ามีอะไรน่าประหลาดใจรอเขาอยู่ที่นั่น...<br>,อยู่มาวันหนึ่ง Geralt พบกระดานแจ้งเตือนพร้อมข้อมูลเกี่ยวกับการแข่งขัน Gwent ที่จัดขึ้นโดยท่านเคาท์ Monnier และจะจัดขึ้นที่ Pheasantry วิทเชอร์และอย่างที่ทุกคนรู้ว่าเล่นการ์ดนั้นสนุกไม่ใช่น้อย ดังนั้นเขาจึงตัดสินใจเข้าร่วมกิจกรรม เขารู้ว่ามีอะไรน่าประหลาดใจรอเขาอยู่ที่นั่น...<br>
เ+เ → แ,text,Fresh corpse. Must be Jean-Luc.,ศพยังใหม่อยู่ ต้องเป็น Jean-Luc เเน่,ศพยังใหม่อยู่ ต้องเป็น Jean-Luc แน่
เ+เ → แ,text,"Gwent: To Everything - Turn, Turn, Tournament!",Gwent: เพื่อทุกอย่าง - เปิด เปิด การเเข่งขันเเล้ว!,Gwent: เพื่อทุกอย่าง - เปิด เปิด การแข่งขันแล้ว!
เ+เ → แ,text,"The time comes that I depart. I've waited too long, I've suffered too much, and now I wish to go.",ถึงเวลาที่ข้าจะต้องจากไปแล้ว ข้ารอนานเกินไปข้าทุกข์ทรมานมามากเกินไปเเล้วและตอนนี้ข้าปราถนาที่จะไปเเล้ว,ถึงเวลาที่ข้าจะต้องจากไปแล้ว ข้ารอนานเกินไปข้าทุกข์ทรมานมามากเกินไปแล้วและตอนนี้ข้าปราถนาที่จะไปแล้ว
เ+เ → แ,text,"I thank you, stranger.",ข้าขอบคุณท่านมาก คนเเปลกหน้า,ข้าขอบคุณท่านมาก คนแปลกหน้า
เ+เ → แ,text,Hm. Claim to come in peace. But then who're these men?,หืมม เรียกร้องให้เกิดความสันติภาพงั้นเหรอ เเต่คนพวกนั้นคือใครกันล่ะ?,หืมม เรียกร้องให้เกิดความสันติภาพงั้นเหรอ แต่คนพวกนั้นคือใครกันล่ะ?
เ+เ → แ,text,"Just that, along with ample supplies. I had placed an order. More than a dozen wagons reached the building site, yet five were lost along the way.",เพียงแค่นั้นพร้อมกับวัสดุเหลือใช้ ข้าสั่งซื้อไปแล้วมากกว่าหนึ่งโหลรถขนเเร่รวมไปถึงสิ่งก่อสร้าง แต่ทั้งห้าคนนั้นก็หายไปพร้อมกันด้วย,เพียงแค่นั้นพร้อมกับวัสดุเหลือใช้ ข้าสั่งซื้อไปแล้วมากกว่าหนึ่งโหลรถขนแร่รวมไปถึงสิ่งก่อสร้าง แต่ทั้งห้าคนนั้นก็หายไปพร้อมกันด้วย
เ+เ → แ,text,"Jamor, Auwry, prepare the equipment. Beast's wandered off somewheres. We gotsta lure it back.",Jamor Auwry เตรียมอุปกรณ์ให้พร้อมล่ะ สัตว์ร้ายนั่นต้องหนีไปที่ไหนสักเเห่งเเน่ เราต้องล่อมันกลับมา,Jamor Auwry เตรียมอุปกรณ์ให้พร้อมล่ะ สัตว์ร้ายนั่นต้องหนีไปที่ไหนสักแห่งแน่ เราต้องล่อมันกลับมา
เ+เ → แ,text,"Somebody plug this lordlin's gob, eh? Right, master witcher. How do we aim to fight the filth?",ใครบางคนจะเผยเเพร่ศถึงสิ่งนี้เป็นจำนวนมาก เอ๋? ใช่ นายท่านวิทเชอร์เราจะต่อสู้กับสิ่งโสมมนี่ได้อย่างไร?,ใครบางคนจะเผยแพร่ศถึงสิ่งนี้เป็นจำนวนมาก เอ๋? ใช่ นายท่านวิทเชอร์เราจะต่อสู้กับสิ่งโสมมนี่ได้อย่างไร?
เ+เ → แ,text,"I'd say a wolf, but it has the eyes of a cat!",ข้าจะบอกว่าหมาป่า เเต่มีดวงตาของเเมวน่ะ!,ข้าจะบอกว่าหมาป่า แต่มีดวงตาของแมวน่ะ!
เ+เ → แ,text,Combing! Pomading! Cheap and thorough!,หวี! น้ำมันทาผม! ราคาย่อมเยาเเละทั่วถึง,หวี! น้ำมันทาผม! ราคาย่อมเยาและทั่วถึง
เ+เ → แ,text,Backing out of the tourney. Gonna wait for Vivienne's decision.,ออกจาก Tourney เเล้วรอการตัดสินใจของ Vivienne,ออกจาก Tourney แล้วรอการตัดสินใจของ Vivienne
เ+เ → แ,text,"No concern of ours, you say… Perhaps not. But we've got eyes… and can see those razors you got on your back right clear.",เจ้าบอกว่าไม่เกี่ยวอะไรกับพวกเรา…เจ้าอาจจะไม่ แต่เรามีลูกตานะ...เเล้วก็สามารถเห็นมีดโกนเหล่านั้นที่อยู่อยู่ด้านหลังของเจ้าอย่างชัดเจนด้วย,เจ้าบอกว่าไม่เกี่ยวอะไรกับพวกเรา…เจ้าอาจจะไม่ แต่เรามีลูกตานะ...แล้วก็สามารถเห็นมีดโกนเหล่านั้นที่อยู่อยู่ด้านหลังของเจ้าอย่างชัดเจนด้วย
เ+เ → แ,text,"He's a witcher. Boholt and his boys, he's their mate. Heard of him. Geralt of Rivia's the name.",เขาเป็นวิทเชอร์ Boholt และลูกน้องของเขา เขากับพวกนั้นเป็นเพื่อนกันน่ะ ได้รู้เกี่ยวกับเขามาว่า Geralt เเห่ง Rivia คือชื่อของเขา,เขาเป็นวิทเชอร์ Boholt และลูกน้องของเขา เขากับพวกนั้นเป็นเพื่อนกันน่ะ ได้รู้เกี่ยวกับเขามาว่า Geralt แห่ง Rivia คือชื่อของเขา
เ+เ → แ,text,"Could use another pair of hands. Fee what we've gotten from the guild, we'll share it fair and square. You in?",ใช้มืออีกคู่หนึ่งจะเป็นไรไป ค่าตอบเเทนที่เราได้รับจากสมาคมเราจะแบ่งปันมันอย่างยุติธรรมและถูกต้อง เจ้าจะเอาด้วยไหม?,ใช้มืออีกคู่หนึ่งจะเป็นไรไป ค่าตอบแทนที่เราได้รับจากสมาคมเราจะแบ่งปันมันอย่างยุติธรรมและถูกต้อง เจ้าจะเอาด้วยไหม?
เ+เ → แ,text,"We've crossbows. Could ply it with bolts while you do the hack and slash. Or all go at it as a bunch, blades in hand, fire in our hearts. You decide, you're the one with experience.",เรามีหน้าไม้ สามารถใช้มันกับสลักในขณะที่ท่านทำการฟันและเฉือน หรือให้ทั้งหมดนโจมตีไปที่มันเป็นกลุ่ม ใบมีดในมือไฟในใจของเรา ท่านต้องตัดสินใจเเล้วท่านเป็นคนเดียวที่มีประสบการณ์,เรามีหน้าไม้ สามารถใช้มันกับสลักในขณะที่ท่านทำการฟันและเฉือน หรือให้ทั้งหมดนโจมตีไปที่มันเป็นกลุ่ม ใบมีดในมือไฟในใจของเรา ท่านต้องตัดสินใจแล้วท่านเป็นคนเดียวที่มีประสบการณ์
เ+เ → แ,text,"Besides, you did not kill them. They will come to, soon, having learned a valuable lesson, I trust.",นอกจากเจ้าไม่ได้ฆ่าพวกเขาไม่ช้า พวกเขาจะมาเอาคืนข้า ข้าได้บทเรียนอันมีค่านี้เเล้วข้าเชื่อใจ,นอกจากเจ้าไม่ได้ฆ่าพวกเขาไม่ช้า พวกเขาจะมาเอาคืนข้า ข้าได้บทเรียนอันมีค่านี้แล้วข้าเชื่อใจ
เ+เ → แ,text,"Right, now, lads. You've heard the specialist. Ready your crossbows.",ใช่ล่ะ ตอนนี้เลยเด็กๆ เจ้าได้ยินผู้เชี่ยวชาญเเล้วนิ เตรียมหน้าไม้ของพวกเจ้าให้พร้อม,ใช่ล่ะ ตอนนี้เลยเด็กๆ เจ้าได้ยินผู้เชี่ยวชาญแล้วนิ เตรียมหน้าไม้ของพวกเจ้าให้พร้อม
เ+เ → แ,text,"At his destination, Geralt found a ransacked camp. It looked as if it had been destroyed recently. He also happened on the bodies of two merchants. Their wounds had clearly been caused by a monster of ample size.<br>While combing the surrounding area, the witcher happened on Count Borhis di Salvaress, who claimed the monster Geralt was tracking was a silver basilisk - the last surviving specimen of the subspecies which also happened to be the count's wildly roaming pet, a pet the nobleman desperately wished the witcher would spare.<br>To make matters worse, it turned out this basilisk was also the quarry of a small company of Crinfrid Reavers.<br>",ที่ปลายทางของเขา Geralt ได้พบค่ายที่ถูกรื้อกระจุยกระจาย มันดูราวกับว่าเพิ่งถูกทำลายไปเมื่อเร็วๆนี้ นอกจากนั้นเขายังบังเอิญไปเจอเข้ากับศพของพ่อค้าสองราย บาดแผลของพวกเขาเกิดจากสัตว์ประหลาดขนาดใหญ่<br>ในขณะที่เสาะหาบริเวณพื้นที่โดยรอบอย่างละเอียดวิทเชอร์ได้พบกับท่านเคาท์ Borhis di Salvaress โดยบังเอิญ ผู้อ้างว่าสัตว์ประหลาดที่ Geralt สะกดรอยตามคือสัตว์ตระกูล silver basilisk ซึ่งเป็นสัตว์สายพันธ์ย่อยประเภทสุดท้ายที่ยังมีชีวิตอยู่ ซึ่งเป็นสัตว์เลี้ยงที่ขุนนางสัญจรนับเป็นสัตว์เลี้ยงของเขา ขุนนางหวังอย่างยิ่งที่จะให้วิทเชอร์นั้นไว้ชีวิตมัน<br>เพื่อทำให้สถานการณ์แย่ลงไปกว่านี้ มันกลับกัน basilisk ตัวนี้ก็เหมือนกับตัวที่เหมืองแร่เล็กของ company of Crinfrid Reavers นั่นเเหละ<br>,ที่ปลายทางของเขา Geralt ได้พบค่ายที่ถูกรื้อกระจุยกระจาย มันดูราวกับว่าเพิ่งถูกทำลายไปเมื่อเร็วๆนี้ นอกจากนั้นเขายังบังเอิญไปเจอเข้ากับศพของพ่อค้าสองราย บาดแผลของพวกเขาเกิดจากสัตว์ประหลาดขนาดใหญ่<br>ในขณะที่เสาะหาบริเวณพื้นที่โดยรอบอย่างละเอียดวิทเชอร์ได้พบกับท่านเคาท์ Borhis di Salvaress โดยบังเอิญ ผู้อ้างว่าสัตว์ประหลาดที่ Geralt สะกดรอยตามคือสัตว์ตระกูล silver basilisk ซึ่งเป็นสัตว์สายพันธ์ย่อยประเภทสุดท้ายที่ยังมีชีวิตอยู่ ซึ่งเป็นสัตว์เลี้ยงที่ขุนนางสัญจรนับเป็นสัตว์เลี้ยงของเขา ขุนนางหวังอย่างยิ่งที่จะให้วิทเชอร์นั้นไว้ชีวิตมัน<br>เพื่อทำให้สถานการณ์แย่ลงไปกว่านี้ มันกลับกัน basilisk ตัวนี้ก็เหมือนกับตัวที่เหมืองแร่เล็กของ company of Crinfrid Reavers นั่นแหละ<br>
เ+เ → แ,text,"Mhm. And a tactless one. I do not eavesdrop on my clients, and I certainly don't repeat anything I chance to hear!",อืม เป็นคนไม่มีไหวพริบเอาซะเลย ข้าไม่ได้ตั้งใจจะแอบฟังหรอกนะคุณลูกค้า และข้าจะไม่ย้ำ ข้าเเค่บังเอิญได้ยินเท่านั้น,อืม เป็นคนไม่มีไหวพริบเอาซะเลย ข้าไม่ได้ตั้งใจจะแอบฟังหรอกนะคุณลูกค้า และข้าจะไม่ย้ำ ข้าแค่บังเอิญได้ยินเท่านั้น
เ+เ → แ,text,In need of advice?,ต้องการคำเเนะนำอะไรไหม?,ต้องการคำแนะนำอะไรไหม?
เ+เ → แ,text,I simply haven't the time!,ข้าไม่มีเวลาเเล้ว!,ข้าไม่มีเวลาแล้ว!
เ+เ → แ,text,"Replace crayfish with fish! I beg you! What next? Vinegar for wine? Parsley for thyme? Ehh, you Nordlings are a pleasant lot, but about cuisine you know nothing.",แทนที่กั้งกับปลาข้างั้นรึ! ข้าขอร้องท่านรึเปล่า! เเล้วอะไรอีกล่ะ! น้ำส้มชายชูเเทนไวน์งั้นรึ? ผักชีเเทนโหระพาดีไหม? เอ๊ะชาว Nordlings ดูเป็นมิตรมากเลยน่ะ แต่เรื่องอาหารท่านไม่รู้อะไรเลยสักอย่าง,แทนที่กั้งกับปลาข้างั้นรึ! ข้าขอร้องท่านรึเปล่า! แล้วอะไรอีกล่ะ! น้ำส้มชายชูแทนไวน์งั้นรึ? ผักชีแทนโหระพาดีไหม? เอ๊ะชาว Nordlings ดูเป็นมิตรมากเลยน่ะ แต่เรื่องอาหารท่านไม่รู้อะไรเลยสักอย่าง
เ+เ → แ,text,Beggartick came up wilted something awful this year…,Beggartick กำลังร่วงโรยต้องมีบางอย่างที่น่าสะพรึงกลัวในปีนี้เเน่...,Beggartick กำลังร่วงโรยต้องมีบางอย่างที่น่าสะพรึงกลัวในปีนี้แน่...
เ+เ → แ,text,Iocaste has flown her nest.,Locaste ได้บินจากรังของนางไปเเล้ว,Locaste ได้บินจากรังของนางไปแล้ว
เ+เ → แ,text,"After all I told you of Iocaste, you would murder her?! Oh, you will regret this, friend! I know folk! I shall tell them you slew the last surviving specimen!",หลังจากทั้งหมดที่ข้าบอกท่านเรื่อง Locaste ท่านจะฆ่านางงั้นเหรอ?! โอ้ เจ้าจะต้องเสียใจในสิ่งนี้เเน่เพื่อน! ข้ารู้จักชาวบ้าน! ข้าจะบอกพวกเขาว่าเจ้าสังหารตัวสุดท้ายที่ยังมีชีวิตรอดอยู่!,หลังจากทั้งหมดที่ข้าบอกท่านเรื่อง Locaste ท่านจะฆ่านางงั้นเหรอ?! โอ้ เจ้าจะต้องเสียใจในสิ่งนี้แน่เพื่อน! ข้ารู้จักชาวบ้าน! ข้าจะบอกพวกเขาว่าเจ้าสังหารตัวสุดท้ายที่ยังมีชีวิตรอดอยู่!
เ+เ → แ,text,"In that case, time to get back to your camp.",ในตอนนี้ ถึงเวลาที่ต้องกลับไปแคมป์ของท่านเเล้ว,ในตอนนี้ ถึงเวลาที่ต้องกลับไปแคมป์ของท่านแล้ว
เ+เ → แ,text,"Gareth, my Gareth. He shall never return.",Gareth Gareth ของข้า เขาจะไม่กลับมาอีกเเล้ว,Gareth Gareth ของข้า เขาจะไม่กลับมาอีกแล้ว
เ+เ → แ,text,Now that I understand! I'll start arranging my deck.,ตอนนี้ข้ารู้แล้วว่า ข้าจะจัดสำรับไพ่ของข้าเเบบไหน,ตอนนี้ข้ารู้แล้วว่า ข้าจะจัดสำรับไพ่ของข้าแบบไหน
เ+เ → แ,text,"Don't fear life, don't fear the world, don't fear others. Won't be easy after all these years, I know, but believe me… you belong among them.",อย่ากลัวการมีชีวิต อย่ากลัวที่จะผจญต่อโลก อย่ากลัวผู้อื่นเลย หลายปีที่ผ่านมามันไม่ง่าย ข้ารู้ แต่เชื่อจ้าเถอะ...เจ้าเหมาะสมกับพวกเขาที่สุดเเล้ว,อย่ากลัวการมีชีวิต อย่ากลัวที่จะผจญต่อโลก อย่ากลัวผู้อื่นเลย หลายปีที่ผ่านมามันไม่ง่าย ข้ารู้ แต่เชื่อจ้าเถอะ...เจ้าเหมาะสมกับพวกเขาที่สุดแล้ว
เ+เ → แ,text,"Refuse from all the world. Bandits, degenerates. Drawn like flies to doo-doo.",รวมขยะจากทั่วทุกมุมโลกมากกว่า พวกโจรคนเลวๆ เหมือนกับพวกเเมลงวันบินมาตอมขี้,รวมขยะจากทั่วทุกมุมโลกมากกว่า พวกโจรคนเลวๆ เหมือนกับพวกแมลงวันบินมาตอมขี้
เ+เ → แ,text,Geralt of Rivia!,Geralt เเห่ง Rivia!,Geralt แห่ง Rivia!
เ+เ → แ,text,"Ehh, go pickle your peener!",เอ๋ กลับไปหมักจวยเเกไป!,เอ๋ กลับไปหมักจวยแกไป!
เ+เ → แ,text,This has gotten dull…,นี่มันชักจะน่าเบื่อเเล้วนะ...,นี่มันชักจะน่าเบื่อแล้วนะ...
เ+เ → แ,text,You maggot-bummed freak!,เจ้าหนอนเเมลงไร้ประโยชน์ ไอ้ตัวประหลาดเอ๊ย!,เจ้าหนอนแมลงไร้ประโยชน์ ไอ้ตัวประหลาดเอ๊ย!
เ+เ → แ,text,You dare to kerfuffle me? Me?!,เเกกล้าที่จะท้าทายข้าเหรอ? ท้าข้างั้นเหรอ?!,แกกล้าที่จะท้าทายข้าเหรอ? ท้าข้างั้นเหรอ?!
เ+เ → แ,text,"Dead certain. Let's wait a bit longer. It'll return soon, don't doubt that for a moment.",แน่ใจสิ รออีกสักพัก เดี๋ยวมันก็กลับมาเเล้ว อย่าไปคิดมากเลย,แน่ใจสิ รออีกสักพัก เดี๋ยวมันก็กลับมาแล้ว อย่าไปคิดมากเลย
เ+เ → แ,text,Thanks. Gotta get back to my business now. See you soon.,ขอบคุณ ข้าต้องกลับไปทำธุระข้าตอนนี้ เเล้วเจอกันเร็วๆนี้,ขอบคุณ ข้าต้องกลับไปทำธุระข้าตอนนี้ แล้วเจอกันเร็วๆนี้
เ+เ → แ,text,{Esse’ionndrainn aep me weddin…} [I miss my children…],{Esse’ionndrainn aep เช่นพิธีเเต่งงาน …} [ข้าคิดถึงลูกๆ ของข้าจังเลย...],{Esse’ionndrainn aep เช่นพิธีแต่งงาน …} [ข้าคิดถึงลูกๆ ของข้าจังเลย...]
เ+เ → แ,text,"{Ess'deireadh tùrnment y ess’creasa vor caer.} [This tourney must end, so we can go home.]",{Ess'deireadh tùrnment y ess'creasa vor caer.} [การเเข่งขันนี้ต้องสิ้นสุดได้เเล้ว เราจะได้กลับบ้านกันสักที],{Ess'deireadh tùrnment y ess'creasa vor caer.} [การแข่งขันนี้ต้องสิ้นสุดได้แล้ว เราจะได้กลับบ้านกันสักที]
เ+เ → แ,text,"The dressings, bandages… where did I put them?",ผ้าปิดเเผล ผ้าพันเเผล...ข้าเก็บพวกมันไว้ตรงไหนกันเนี่ย?,ผ้าปิดแผล ผ้าพันแผล...ข้าเก็บพวกมันไว้ตรงไหนกันเนี่ย?
เ+เ → แ,text,The famed Geralt of Rivia! Tourney champion!,ผู้มีชื่อเสียงอันโด่งดัง Geralt เเห่ง Rivia! ผู้ชนะเลิศการเเข่งขัน!,ผู้มีชื่อเสียงอันโด่งดัง Geralt แห่ง Rivia! ผู้ชนะเลิศการแข่งขัน!
เ+เ → แ,text,"Sir Milton de Peyrac-Peyran murdered… A knight so honorable, so esteemed…",ท่าน Milton de Peyrac-Peyran สังหาร...อัศวินที่ควรค่าเเก่เกียรติยศอย่างมาก ควรได้รับการยกย่องอย่างมาก...,ท่าน Milton de Peyrac-Peyran สังหาร...อัศวินที่ควรค่าแก่เกียรติยศอย่างมาก ควรได้รับการยกย่องอย่างมาก...
เ+เ → แ,text,"Monsters, wildcats, bandits! Tremble all, for I come!",สัตว์ประหลาด เเมวป่า โจร! สั่นสะท้านทั้งหมด เมื่อข้าปรากฏขึ้น!,สัตว์ประหลาด แมวป่า โจร! สั่นสะท้านทั้งหมด เมื่อข้าปรากฏขึ้น!
เ+เ → แ,text,Attentive and prepared to serve.,เอาใจใส่และพร้อมที่จะรับใช้เเล้วขอรับ,เอาใจใส่และพร้อมที่จะรับใช้แล้วขอรับ
เ+เ → แ,text,"I've still to scrub the horseshoes, then drop the war hammer at the smith's and the caparison at the dyer's…",ข้ายังคงขัดเกือกม้าอยู่ จากนั้นวางค้อนสงครามที่ช่างเหล็กเเละเเต่งเครื่องแต่งกายสำหรับม้าสงครามก่อนที่จะมาย้อมผ้า,ข้ายังคงขัดเกือกม้าอยู่ จากนั้นวางค้อนสงครามที่ช่างเหล็กและแต่งเครื่องแต่งกายสำหรับม้าสงครามก่อนที่จะมาย้อมผ้า
เ+เ → แ,text,Bloody gwent. I've lost all kinds of sleep…,Gwent ไอ้อัปรีย์เอ๊ย ข้าเเพ้ทุกคนเลย ต้องนอนสักหน่อยเเล้ว...,Gwent ไอ้อัปรีย์เอ๊ย ข้าแพ้ทุกคนเลย ต้องนอนสักหน่อยแล้ว...
เ+เ → แ,text,Might've known she'd come…,ข้าว่าเเล้วนางต้องมา...,ข้าว่าแล้วนางต้องมา...
เ+เ → แ,text,"Strange armor… wound's unusual, too. What's going on here?",เกราะผิดไปจากธรรมชาติ...บาดเเผลดูผิดหูผิดตา เกิดอะไรขึ้นที่นี่กันเเน่?,เกราะผิดไปจากธรรมชาติ...บาดแผลดูผิดหูผิดตา เกิดอะไรขึ้นที่นี่กันแน่?
เ+เ → แ,text,"Gate's locked from the inside. Clearly been jostled, though. Something tried to get out.",ประตูถูกล็อคจากด้านใน เห็นได้ชัดเลยว่ามีการกระแทก เเต่กระนั้น มีบางอย่างพยายามที่จะออกไป,ประตูถูกล็อคจากด้านใน เห็นได้ชัดเลยว่ามีการกระแทก แต่กระนั้น มีบางอย่างพยายามที่จะออกไป
เ+เ → แ,text,My mother's invited us to afternoon tea tomorrow. She would like very much to meet you.,ท่านแม่ของข้าชวนเราไปดื่มน้ำชายามบ่ายในวันพรุ่งนี้ ท่านต้องชอบมากเเน่ๆที่ได้พบเจ้า,ท่านแม่ของข้าชวนเราไปดื่มน้ำชายามบ่ายในวันพรุ่งนี้ ท่านต้องชอบมากแน่ๆที่ได้พบเจ้า
เ+เ → แ,text,"Well, Graylocks! You sure tucked away that Beast affair!",ดีเลย Graylocks! ท่านเเน่ใจนะว่าท่านเอาสัตว์ร้ายนั่นอยู่หมัด!,ดีเลย Graylocks! ท่านแน่ใจนะว่าท่านเอาสัตว์ร้ายนั่นอยู่หมัด!
เ+เ → แ,text,"Was that just a dream, or did you really slaughter the Beast?!",นั่นเป็นเเค่ความฝัน หรือว่าท่านฆ่าคนเลวทรามนั่นจริงๆรึ?!,นั่นเป็นแค่ความฝัน หรือว่าท่านฆ่าคนเลวทรามนั่นจริงๆรึ?!
เ+เ → แ,text,Hey! Tourney champion! The Belles must give you one hefty reduction!,เฮ้! ผู้ชนะเลิศการเเข่งขัน!  ที่ซ่อง Belles จะต้องเป็นหนึ่งในการบั่นทอนความเเข็งเเรงของเจ้าได้เเน่!,เฮ้! ผู้ชนะเลิศการแข่งขัน!  ที่ซ่อง Belles จะต้องเป็นหนึ่งในการบั่นทอนความแข็งแรงของเจ้าได้แน่!
เ+เ → แ,text,"What's up, kitty eyes?",เกิดอะไรขึ้นกับดวงตาเเมวเหมียวงั้นเหรอ?,เกิดอะไรขึ้นกับดวงตาแมวเหมียวงั้นเหรอ?
เ+เ → แ,text,Work parches me horribly.,ทำงานเเล้วหิวน้ำเป็นบ้าเลย,ทำงานแล้วหิวน้ำเป็นบ้าเลย
เ+เ → แ,text,"Boy, is my bum ever ready to blow.",เจ้าหนุ่ม ข้าจะระเบิดอยู่เเล้ว,เจ้าหนุ่ม ข้าจะระเบิดอยู่แล้ว
เ+เ → แ,text,Silver tableware? Elven engravings…,ภาชะเงินบนโต๊ะอาหาร? การเเกะสลักของเอลฟ์...,ภาชะเงินบนโต๊ะอาหาร? การแกะสลักของเอลฟ์...
เ+เ → แ,text,"Multiple wounds on the body. All puncture wounds, but hard to tell what caused them. Victim's human… but the attire's elven.",บาดแผลหลายแห่งบนร่างกาย เเผลถูกเเทงจนทะลุทั้งหมด เเต่ยากที่จะบอกว่าอะไรเป็นต้นเหตุของพวกเขา เหยื่อเป็นมนุษย์...เเต่เครื่องเเต่งกายเป็นของเอลฟ์,บาดแผลหลายแห่งบนร่างกาย แผลถูกแทงจนทะลุทั้งหมด แต่ยากที่จะบอกว่าอะไรเป็นต้นเหตุของพวกเขา เหยื่อเป็นมนุษย์...แต่เครื่องแต่งกายเป็นของเอลฟ์
เ+เ → แ,text,Geralt of Rivia. We've got mutual acquaintances.,Geralt เเห่ง Rivia เรามีคนรู้จักซึ่งกันและกัน,Geralt แห่ง Rivia เรามีคนรู้จักซึ่งกันและกัน
เ+เ → แ,text,"Geralt of Rivia. I'm a witcher. Know your brethren in arms - Boholt, Kennet and Desbrut. Newboy, too.",Geralt เเห่ง Rivia ข้าเป็นวิทเชอร์ ข้ารู้จักพี่น้องที่อยู่ในกลุ่มของพวกเจ้านะ - Boholt Kennet และ Desbrut Newboy ก็ด้วย,Geralt แห่ง Rivia ข้าเป็นวิทเชอร์ ข้ารู้จักพี่น้องที่อยู่ในกลุ่มของพวกเจ้านะ - Boholt Kennet และ Desbrut Newboy ก็ด้วย
เ+เ → แ,text,"Aaah, you're that witcher! Aye, Boholt mentioned you. Said you swing a mean sword.",อ่า เจ้าเป็นวิทเชอร์ผู้นั้นนั่นเอง! ใช่ Boholt พูดถึงเจ้าด้วยล่ะ เขาเล่าว่าเจ้ามุ่งมั่นที่จะกวัดเเกว่งดาบน่ะ,อ่า เจ้าเป็นวิทเชอร์ผู้นั้นนั่นเอง! ใช่ Boholt พูดถึงเจ้าด้วยล่ะ เขาเล่าว่าเจ้ามุ่งมั่นที่จะกวัดแกว่งดาบน่ะ
เ+เ → แ,text,I did indeed. And a word once given…,ข้าจะจัดการให้แน่นอน เเละยิ่งไปกว่านั้นเป็นคำกล่าวคำหนึ่งที่ข้ามอบให้,ข้าจะจัดการให้แน่นอน และยิ่งไปกว่านั้นเป็นคำกล่าวคำหนึ่งที่ข้ามอบให้
เ+เ → แ,text,"Your share, witcher.",ส่วนเเบ่งของเจ้าวิทเชอร์,ส่วนแบ่งของเจ้าวิทเชอร์
เ+เ → แ,text,"She'll return. Always does. I suspect I might even know where she's gone. I tracked her a way and believe she might have found a new mate. It's an ordinary basilisk, not a silvery one…",นางจะกลับมา มันเป็นเเบบนี้เสมอ ข้าคิดว่าข้าอาจจะรู้ว่านางหายไปไหน ข้าติดตามเส้นทางของนางและเชื่อว่านางอาจจะเจอเพื่อนใหม่ มันเป็นเเค่ Basilisk ธรรมดาไม่ใช่หนึ่งในสีเงิน...,นางจะกลับมา มันเป็นแบบนี้เสมอ ข้าคิดว่าข้าอาจจะรู้ว่านางหายไปไหน ข้าติดตามเส้นทางของนางและเชื่อว่านางอาจจะเจอเพื่อนใหม่ มันเป็นแค่ Basilisk ธรรมดาไม่ใช่หนึ่งในสีเงิน...
เ+เ → แ,text,Don't need any more. Rather you paid it out to the families of your pet's victims.,ไม่ต้องการเพิ่มเเล้วล่ะ แทนที่จะจ่ายให้กับครอบครัวของผู้ที่ตกเป็นเหยื่อสัตว์เลี้ยงของเจ้าดีกว่านะ,ไม่ต้องการเพิ่มแล้วล่ะ แทนที่จะจ่ายให้กับครอบครัวของผู้ที่ตกเป็นเหยื่อสัตว์เลี้ยงของเจ้าดีกว่านะ
เ+เ → แ,text,"Noble of you, master. I shall take the advice to heart.",ท่านช่างประเสริฐนักนายท่าน ข้าจะเอาคำเเนะนำนี้ไปใช้ด้วยหัวใจ,ท่านช่างประเสริฐนักนายท่าน ข้าจะเอาคำแนะนำนี้ไปใช้ด้วยหัวใจ
เ+เ → แ,text,"Hahaha! Easiest job I've ever done. Godspeed, witcher. Strange workin' with you. Strange but nice.",ฮ่าฮ่าฮ่า! เป็นงานที่ง่ายที่สุดที่ข้าเคยทำเลย โชคดี วิทเชอร์ทำงานแปลกๆกับเจ้า เเปลกเเต่ดีเเหะ,ฮ่าฮ่าฮ่า! เป็นงานที่ง่ายที่สุดที่ข้าเคยทำเลย โชคดี วิทเชอร์ทำงานแปลกๆกับเจ้า แปลกแต่ดีแหะ
เ+เ → แ,text,Around the World in… Eight Days,รอบโลก...ในเเปดวัน,รอบโลก...ในแปดวัน
เ+เ → แ,text,"Geralt decided to find the wagon once belonging to Veidt, an adventurer who had fallen prey to highway robbers. The witcher, too, was a traveler and explorer. As such he knew a planned voyage of this sort required the one undertaking it to prepare for all eventualities. This included carrying valuables. So he found the site of the traveler's demise, where he dispatched another gang of bandits seeking to nab the adventurer's load. Then lickety-split he dove in and picked the sunken wagon clean of all things precious.<br>",Geralt ตัดสินใจที่จะตามหาเกวียนซึ่งครั้งหนึ่งเคยเป็นของ Veidt มาก่อน นักเดินทางผู้ซึ่งตกเป็นเหยื่อของเหล่าโจรที่ดักปล้นตามริมทาง ซึ่งวิทเชอร์เองก็เป็นนักเดินทางและนักสำรวจเเหมือนกัน จึงทำให้เขารู้ได้ว่าการวางแผนในการเดินทางนั้นต้องเตรียมการมาพร้อมสำหรับทุกๆ สถานการณ์ที่จะเกิดขึ้น ซึ่งก็รวมถึงการที่ต้องพกสิ่งของมีค่าติดตัวมาด้วย ดังนั้นเขาจึงได้มองหาจุดที่นักเดินทางได้จบชีวิตลง ที่ๆเขาได้จัดการสังหารกลุ่มโจรอีกกลุ่มที่กำลังค้นหาทรัพย์สินของนักเดินทางอยู่ จากนั้นเขาก็ได้ดำลงไปกวาดของมีค่าจากเกวียนใต้น้ำนั่นไปจนเกลี้ยงด้วยความรวดเร็ว<br>,Geralt ตัดสินใจที่จะตามหาเกวียนซึ่งครั้งหนึ่งเคยเป็นของ Veidt มาก่อน นักเดินทางผู้ซึ่งตกเป็นเหยื่อของเหล่าโจรที่ดักปล้นตามริมทาง ซึ่งวิทเชอร์เองก็เป็นนักเดินทางและนักสำรวจแหมือนกัน จึงทำให้เขารู้ได้ว่าการวางแผนในการเดินทางนั้นต้องเตรียมการมาพร้อมสำหรับทุกๆ สถานการณ์ที่จะเกิดขึ้น ซึ่งก็รวมถึงการที่ต้องพกสิ่งของมีค่าติดตัวมาด้วย ดังนั้นเขาจึงได้มองหาจุดที่นักเดินทางได้จบชีวิตลง ที่ๆเขาได้จัดการสังหารกลุ่มโจรอีกกลุ่มที่กำลังค้นหาทรัพย์สินของนักเดินทางอยู่ จากนั้นเขาก็ได้ดำลงไปกวาดของมีค่าจากเกวียนใต้น้ำนั่นไปจนเกลี้ยงด้วยความรวดเร็ว<br>
เ+เ → แ,text,Megascope… damaged.,Magascope...พังซะเเล้ว,Magascope...พังซะแล้ว
เ+เ → แ,text,Slithering snails by the baskets and pails! Teeheehee!,หอยทากเลื้อยไปตามตระก้าเเล้วก็ถัง! ทีฮี่ฮี!,หอยทากเลื้อยไปตามตระก้าแล้วก็ถัง! ทีฮี่ฮี!
เ+เ → แ,text,"My turn to hide! You look, now!",ข้าซ่อนเเล้ว! เจ้าหาได้เลย ตอนนี้!,ข้าซ่อนแล้ว! เจ้าหาได้เลย ตอนนี้!
เ+เ → แ,text,"Baa baa black sheep, have you any wool!",บา บา เเกะดำ เจ้ามีขนไหมน้า!,บา บา แกะดำ เจ้ามีขนไหมน้า!
เ+เ → แ,text,"One, two, three… My gran sees me! Hahaha!",หนึ่งสองสาม…คุณย่าของข้าเห็นข้าเเล้ว! ฮ่าฮ่าฮ่า!,หนึ่งสองสาม…คุณย่าของข้าเห็นข้าแล้ว! ฮ่าฮ่าฮ่า!
เ+เ → แ,text,"Bye, baby Bunting, papa's gone a-hunting!",บ๊ายบายเจ้าตัวน้อย ป๊ะป๋าจะไปล่าสัตว์เเล้วนะ!,บ๊ายบายเจ้าตัวน้อย ป๊ะป๋าจะไปล่าสัตว์แล้วนะ!
เ+เ → แ,text,I'm to have a little sister! I'm to have a little sister!,ข้าจะมีน้องสาวตัวน้อยเเล้ว! ข้าจะมีน้องสาวตัวน้อยเเล้ว!,ข้าจะมีน้องสาวตัวน้อยแล้ว! ข้าจะมีน้องสาวตัวน้อยแล้ว!
เ+เ → แ,text,"I… I may know what happened. The statues, you see, once stood in the palace of one Divethaf. I acquired them a month past because-- Err, perhaps I should start at the beginning.",ข้า…ข้าอาจจะรู้ว่าเกิดอะไรขึ้น รูปปั้นนั่นเจ้าจะเห็นเมื่อยืนอยู่ในพระราชวังเเห่งหนึ่งของ Divethaf ข้าได้รับพวกเขาเมื่อหนึ่งเดือนที่ผ่านมา เพราะว่า - เอ่อ บางทีข้าควรเริ่มตั้งแต่ตอนเเรก,ข้า…ข้าอาจจะรู้ว่าเกิดอะไรขึ้น รูปปั้นนั่นเจ้าจะเห็นเมื่อยืนอยู่ในพระราชวังแห่งหนึ่งของ Divethaf ข้าได้รับพวกเขาเมื่อหนึ่งเดือนที่ผ่านมา เพราะว่า - เอ่อ บางทีข้าควรเริ่มตั้งแต่ตอนแรก
เ+เ → แ,text,"It's fortunate he did, too, as Divethaf had planned Ludovic's downfall. For he sculpted not statues but golems that masqueraded as such, golems activated with words said in homage… golems that would have turned the king and his bodyguards into so much colorful confetti.",มันเป็นโชคดีที่เขาได้ทำเกินไป เนื่องจาก Divethaf ได้วางแผนการล่มสลายของ Ludovic เเลกกับการที่เขาจะไม่ได้เเกะสลักรูปปั้น แต่เป็นโกเลมส์ที่ปลอมตัวเป็นเช่นนั้น โกเลมใช้คำกล่าวที่แสดงความเคารพ…โกเลมส์ที่จะเปลี่ยนเเปลงกษัตริย์และเป็นองครักษ์ของเขาลงในกระดาษที่มีสีสันสดใสมากมาย,มันเป็นโชคดีที่เขาได้ทำเกินไป เนื่องจาก Divethaf ได้วางแผนการล่มสลายของ Ludovic แลกกับการที่เขาจะไม่ได้แกะสลักรูปปั้น แต่เป็นโกเลมส์ที่ปลอมตัวเป็นเช่นนั้น โกเลมใช้คำกล่าวที่แสดงความเคารพ…โกเลมส์ที่จะเปลี่ยนแปลงกษัตริย์และเป็นองครักษ์ของเขาลงในกระดาษที่มีสีสันสดใสมากมาย
เ+เ → แ,text,"But a few drops of wine, and lo and behold - I see better!",เพียงเเค่ไวน์ไม่กี่หยดและดูเถิดและดูเถิด - ข้ายังเห็นชัดอยู่น่า!,เพียงแค่ไวน์ไม่กี่หยดและดูเถิดและดูเถิด - ข้ายังเห็นชัดอยู่น่า!
เ+เ → แ,text,Every single lady keeps a devil somewhere shady!,สาวโสดทุกคนเก็บปีศาจไว้ที่ไหนสักเเห่งในเงามืด!,สาวโสดทุกคนเก็บปีศาจไว้ที่ไหนสักแห่งในเงามืด!
เ+เ → แ,text,"When I was a young maid, we adhered to certain morals. As one should!",ตอนเรายังเเพิ่งเป็นเมด เรายึดตามคุณธรรมอย่างหนึ่งเป็นหลัก ซึ่งมันก็ควรจะเป็นอย่างนั้น!,ตอนเรายังแพิ่งเป็นเมด เรายึดตามคุณธรรมอย่างหนึ่งเป็นหลัก ซึ่งมันก็ควรจะเป็นอย่างนั้น!
เ+เ → แ,text,"Divethaf laid at Ludovic's feet a loaf of bynnen, an elven bread, thus granting humans rule over seed-yielding lands.",Divethaf วางก้อนขนมปังไว้ตรงหน้าของ Ludovic หนึ่งก้อน bynnen คือขนมปัง elven ด้วยเหตุนี้จึงอนุญาตให้มนุษย์ปกครองดินแดนเเห่งเมล็ดพันธ์ที่ให้ผลผลิตนี้ได้,Divethaf วางก้อนขนมปังไว้ตรงหน้าของ Ludovic หนึ่งก้อน bynnen คือขนมปัง elven ด้วยเหตุนี้จึงอนุญาตให้มนุษย์ปกครองดินแดนแห่งเมล็ดพันธ์ที่ให้ผลผลิตนี้ได้
เ+เ → แ,text,"Then Divethaf filled the ornate ceremonial bowls with elven wine, gwinoedd, the sweetest blood of the land that had been torn from him.",จากนั้น Divethaf ก็บรรจุบาตรด้วยพิธีการอันหรูหราด้วย ไวน์ elven gwinoedd โลหิตอันหอมหวานแห่งดินเเดนที่ถูกพรากไปจากเขา,จากนั้น Divethaf ก็บรรจุบาตรด้วยพิธีการอันหรูหราด้วย ไวน์ elven gwinoedd โลหิตอันหอมหวานแห่งดินแดนที่ถูกพรากไปจากเขา
เ+เ → แ,text,"At long last the elven king grasped his sword and shield, thus symbolically passing command of his armies to humans.",ในที่สุดกษัตริย์เเห่งเอลฟ์ก็คว้าดาบและโล่ของเขาไว้ จึงเป็นสัญลักษณ์ผ่านคำสั่งกองทัพของพระองค์ต่อมนุษย์,ในที่สุดกษัตริย์แห่งเอลฟ์ก็คว้าดาบและโล่ของเขาไว้ จึงเป็นสัญลักษณ์ผ่านคำสั่งกองทัพของพระองค์ต่อมนุษย์
เ+เ → แ,text,"The elven king, erect in his pride, drew his blade and dropped to his knees, thus acknowledging his final defeat…",กษัตริย์เเห่งเอลฟ์ ชะลูดในความภูมิใจของเขา ดึงดาบของเขาเเละลดลงไปที่หัวเข่าของเขา จึงเป็นการยอมรับความพ่ายแพ้ครั้งสุดท้ายของเขา...,กษัตริย์แห่งเอลฟ์ ชะลูดในความภูมิใจของเขา ดึงดาบของเขาและลดลงไปที่หัวเข่าของเขา จึงเป็นการยอมรับความพ่ายแพ้ครั้งสุดท้ายของเขา...
เ+เ → แ,text,I know you're in there. Breathing's loud and clear. Open up. We mean you no harm.,ข้ารู้ว่าเจ้าอยู่ในนั้น เสียงลมหายใจดังเเละชัดเจน เปิดออกซะ เราหมายความว่าเจ้าไม่มีอันตรายใดๆเเล้ว,ข้ารู้ว่าเจ้าอยู่ในนั้น เสียงลมหายใจดังและชัดเจน เปิดออกซะ เราหมายความว่าเจ้าไม่มีอันตรายใดๆแล้ว
เ+เ → แ,text,"We were staging a s-scene - D-Divethaf paying homage. Th-there was a flash of light that blinded me completely. I heard cries, though saw nothing… Then felt my own robes were in flames.",เราได้เเสดงละคร ฉะ-ฉาก - D-Divethaf กำลังเเสดงความเคารพ ตะ-ตรงนั้นมีเเสงวาบขึ้นมาเเสงนั่นทำให้ตาข้ามองไม่เห็นทั้งหมด ข้าได้ยินเสียงร้อง เเม้ว่าไม่เห็นอะไร...หลังจากนั้นก็รู้สึกว่าเสื้อคลุมของตัวเองกำลังลุกไหม้,เราได้แสดงละคร ฉะ-ฉาก - D-Divethaf กำลังแสดงความเคารพ ตะ-ตรงนั้นมีแสงวาบขึ้นมาแสงนั่นทำให้ตาข้ามองไม่เห็นทั้งหมด ข้าได้ยินเสียงร้อง แม้ว่าไม่เห็นอะไร...หลังจากนั้นก็รู้สึกว่าเสื้อคลุมของตัวเองกำลังลุกไหม้
เ+เ → แ,text,"I broke and ran, threw off my doublet, leapt in here and… shut and locked the door behind me.",ข้ากระจัดกระจายเเละวิ่งหนี รีบถอดเสื้อรัดรูปชายของข้าออกเเล้วกระโจนเข้ามาที่นี่ จากนั้น...ปิดเเละล็อคประตูที่อยู่ข้างหลังของข้า,ข้ากระจัดกระจายและวิ่งหนี รีบถอดเสื้อรัดรูปชายของข้าออกแล้วกระโจนเข้ามาที่นี่ จากนั้น...ปิดและล็อคประตูที่อยู่ข้างหลังของข้า
เ+เ → แ,text,"We meet here annually, to mark the anniversary of the Elven Homage. But something like this… why, it's a first.",เราพบกันที่นี่เป็นประจำทุกปี เพื่อทำเครื่องหมายวันครบรอบของการเเสดงความเคารพต่อเอลฟ์  แต่ทว่าเรื่องเเบบนี้…เพราะอะไรกัน มันเป็นครั้งแรก,เราพบกันที่นี่เป็นประจำทุกปี เพื่อทำเครื่องหมายวันครบรอบของการแสดงความเคารพต่อเอลฟ์  แต่ทว่าเรื่องแบบนี้…เพราะอะไรกัน มันเป็นครั้งแรก
เ+เ → แ,text,Are you mad? Would you have this thing… kill us?,ท่านบ้าไปเเล้วเรอะ? ท่านจะให้สิ่งนี้...ฆ่าพวกเรารึไง?,ท่านบ้าไปแล้วเรอะ? ท่านจะให้สิ่งนี้...ฆ่าพวกเรารึไง?
เ+เ → แ,text,"No. Don't want it to kill anyone. Precisely why I gotta do my job - summon it again, whatever it is, and tend to it once and for all. Durand, think I can reenact the pledge, the giving of homage, alone?",ไม่ ไม่ต้องการให้มันฆ่าใครอีก เพราะอะไรล่ะข้าต้องทำงานของข้าอย่างถูกต้อง - เรียกมันมาอีกครั้ง ไม่ว่ามันจะเป็นอะไรก็ตามและมีแนวโน้มที่จะทำทันที Durand ข้าคิดว่าต้องปฏิญาณตนอีกครั้ง เพื่อเป็นหลักฐานของการเเสดงความเคารพ โดยลำพัง?,ไม่ ไม่ต้องการให้มันฆ่าใครอีก เพราะอะไรล่ะข้าต้องทำงานของข้าอย่างถูกต้อง - เรียกมันมาอีกครั้ง ไม่ว่ามันจะเป็นอะไรก็ตามและมีแนวโน้มที่จะทำทันที Durand ข้าคิดว่าต้องปฏิญาณตนอีกครั้ง เพื่อเป็นหลักฐานของการแสดงความเคารพ โดยลำพัง?
เ+เ → แ,text,"Ehh, the world these days…",เอ้อ โลกเป็นเเบบนี้ทุกวันเลย...,เอ้อ โลกเป็นแบบนี้ทุกวันเลย...
เ+เ → แ,text,"Pass a glass, fast!",ส่งเเก้วมา ด่วนเลย!,ส่งแก้วมา ด่วนเลย!
เ+เ → แ,text,Are you mad?!,บ้าไปเเล้วเหรอ!?,บ้าไปแล้วเหรอ!?
เ+เ → แ,text,Witcher! Are you mad?!,วิทเชอร์! เเกบ้าเหรอ?!,วิทเชอร์! แกบ้าเหรอ?!
เ+เ → แ,text,Do not even dare!,อย่าเเม้เเต่จะกล้า!,อย่าแม้แต่จะกล้า!
เ+เ → แ,text,No touching!,ห้ามเเตะต้อง!,ห้ามแตะต้อง!
เ+เ → แ,text,"Take the apple to the ""unicorn"" to gain its trust.","นำเเอปเปิ้ลไปให้ ""ยูนิคอร์น"" เพื่อที่จะได้รับความไว้วางใจ","นำแอปเปิ้ลไปให้ ""ยูนิคอร์น"" เพื่อที่จะได้รับความไว้วางใจ"
เ+เ → แ,text,"This Divethaf was to pay tribute to humans, producing statues of this sort each year. Yet… he did so but once, for he perished in the massacre of nonhumans at the foot of Mount Gorgon in the year seven hundred and eighty-two.",Divethaf นี้ได้จ่ายเงินให้กับมนุษย์ เพื่อสร้างรูปปั้นประเภทนี้ในแต่ละปี ถึงอย่างนั้น…เขาก็ทำเช่นนั้น เเต่เพียงครั้งเดียว เมื่อเขาเสียชีวิตในการสังหารหมู่ของพวกอมนุษย์ที่เชิงเขา Mount Gorgon ในปีเจ็ดร้อยแปดสิบสอง,Divethaf นี้ได้จ่ายเงินให้กับมนุษย์ เพื่อสร้างรูปปั้นประเภทนี้ในแต่ละปี ถึงอย่างนั้น…เขาก็ทำเช่นนั้น แต่เพียงครั้งเดียว เมื่อเขาเสียชีวิตในการสังหารหมู่ของพวกอมนุษย์ที่เชิงเขา Mount Gorgon ในปีเจ็ดร้อยแปดสิบสอง
เ+เ → แ,text,"Typical… Treachery embodied, elves. Ptooey.",โดยทั่วไป...การทรยศอยู่ในตัวตนของเอลฟ์อยู่เเล้ว ถุ้ย!,โดยทั่วไป...การทรยศอยู่ในตัวตนของเอลฟ์อยู่แล้ว ถุ้ย!
เ+เ → แ,text,Time for me to go.,ถึงเวลาที่ข้าต้องไปเเล้ว,ถึงเวลาที่ข้าต้องไปแล้ว
เ+เ → แ,text,"You're no better. Elves were just defending their territory. You humans took it, but you still weren't sated… Had to cut the elves down, every last one.",เจ้าก็ไม่ดีไปกว่าหรอก เอลฟ์เพียงเเค่ปกป้องดินแดนของพวกเขา พวกมนุษย์เอามันมา แต่เจ้ายังไม่พอใจอีก... ต้องหั่นพวกเอลฟ์ลงทุกตนยันตนสุดท้ายเลยไหม,เจ้าก็ไม่ดีไปกว่าหรอก เอลฟ์เพียงแค่ปกป้องดินแดนของพวกเขา พวกมนุษย์เอามันมา แต่เจ้ายังไม่พอใจอีก... ต้องหั่นพวกเอลฟ์ลงทุกตนยันตนสุดท้ายเลยไหม
เ+เ → แ,text,Yeah. In a way. Just ashamed to have to admit it sometimes.,ใช่ ในวิถีชีวิต เเค่ละอายใจที่จะต้องยอมรับในมันบางครั้งน่ะ,ใช่ ในวิถีชีวิต แค่ละอายใจที่จะต้องยอมรับในมันบางครั้งน่ะ
เ+เ → แ,text,"Your words - they're wrong, witcher. But I'll not let you leave empty-handed. Take this - your reward.",คำพูดของเจ้า - พวกเขาผิด วิทเชอร์แต่ข้าจะไม่ปล่อยให้คุณจากไปมือเปล่าหรอกนะ เอานี่ไป - ข้าตอบเเทนของเจ้า,คำพูดของเจ้า - พวกเขาผิด วิทเชอร์แต่ข้าจะไม่ปล่อยให้คุณจากไปมือเปล่าหรอกนะ เอานี่ไป - ข้าตอบแทนของเจ้า
เ+เ → แ,text,"Brrrr, the very thought sends a cold wind down my back.",บรื๋อ ความคิดที่เเท้จริงของเจ้า ส่งลมเย็นมาทางด้านหลังของข้าเลยล่ะ,บรื๋อ ความคิดที่แท้จริงของเจ้า ส่งลมเย็นมาทางด้านหลังของข้าเลยล่ะ
เ+เ → แ,text,Are you certain? How did he come by it? We've so few nonhumans in Toussaint.,เจ้าเเน่ใจเเล้วเหรอ? เขามาจากที่ไหนกันล่ะ? เรามีอมนุษย์ไม่กี่คนใน Toussaint หรอกนะ,เจ้าแน่ใจแล้วเหรอ? เขามาจากที่ไหนกันล่ะ? เรามีอมนุษย์ไม่กี่คนใน Toussaint หรอกนะ
เ+เ → แ,text,Doesn't seem hard… Be glad to do something pleasant for a change.,ดูเหมือนจะไม่ยาก...ข้ายินดีที่จะทำสิ่งที่น่าพอใจนี้เพื่อเป็นการเเลกเปลี่ยน,ดูเหมือนจะไม่ยาก...ข้ายินดีที่จะทำสิ่งที่น่าพอใจนี้เพื่อเป็นการแลกเปลี่ยน
เ+เ → แ,text,"Probably heard the last of the beasts. Burned the nest, eggs, everything.",คงจะได้ยินเรื่องสัตว์ร้ายนี้เป็นครั้งสุดท้ายเเล้วก็ได้ เผารัง ทำลายไข่ ทุกอย่างไปหมดเเล้ว,คงจะได้ยินเรื่องสัตว์ร้ายนี้เป็นครั้งสุดท้ายแล้วก็ได้ เผารัง ทำลายไข่ ทุกอย่างไปหมดแล้ว
เ+เ → แ,text,"Says ""Great White Terror"" on the contract. Could be the same damn beast as in the notice, though.","บอกว่า ""Great White Terror"" บนสัญญา อาจจะเหมือนสัตว์ร้ายที่เหมือนกันในประกาศ เพียงเเต่ว่า","บอกว่า ""Great White Terror"" บนสัญญา อาจจะเหมือนสัตว์ร้ายที่เหมือนกันในประกาศ เพียงแต่ว่า"
เ+เ → แ,text,Burned alive… Really high temperature at work here.,โดนเผาทั้งเป็น...อากาศในนี้มันก็ร้อนจริงๆ เเหละ,โดนเผาทั้งเป็น...อากาศในนี้มันก็ร้อนจริงๆ แหละ
เ+เ → แ,text,Fled… Then dropped to the ground to douse the flames. Didn't manage.,หลบหนี...เเล้วจากนั้นล้มลงกับพื้นเพื่อจะดับเปลวไฟ เเต่ทำไม่สำเร็จ,หลบหนี...แล้วจากนั้นล้มลงกับพื้นเพื่อจะดับเปลวไฟ แต่ทำไม่สำเร็จ
เ+เ → แ,text,Scale. Color's unusual. Silver? Never seen one like this.,ขนาดเเละสีผิดจากธรรมชาติ เเร่เงินงั้นรึ? ไม่เคยเห็นอะไรเเบบนี้มาก่อนเลย,ขนาดและสีผิดจากธรรมชาติ แร่เงินงั้นรึ? ไม่เคยเห็นอะไรแบบนี้มาก่อนเลย
เ+เ → แ,text,Folk say there's a witch in these parts.,ชาวบ้านบอกว่ามีแม่มดเเยกจากกันในที่เหล่านี้,ชาวบ้านบอกว่ามีแม่มดแยกจากกันในที่เหล่านี้
เ+เ → แ,text,"Basilisk beat, quick and thorough - that augurs well.",Basilisk กระพือปีก รวดเร็วเเละถี่ถ้วน - นั่นเป็นลางสังหรณ์ที่ดี,Basilisk กระพือปีก รวดเร็วและถี่ถ้วน - นั่นเป็นลางสังหรณ์ที่ดี
เ+เ → แ,text,"Odor's dispersed, seems to be everywhere. Basilisk must be high in the sky.",กลิ่นฟุ่งกระจายไปทั้ว บาซิลิสก์จะต้องบินสูงขึ้นไปบนฟ้าเเน่,กลิ่นฟุ่งกระจายไปทั้ว บาซิลิสก์จะต้องบินสูงขึ้นไปบนฟ้าแน่
เ+เ → แ,text,"You look thirsty, oh, thirsty, indeed…",เจ้าดูหิวกระหายนะ โอ้ กระหายน้ำ เเน่นอนเลย...,เจ้าดูหิวกระหายนะ โอ้ กระหายน้ำ แน่นอนเลย...
เ+เ → แ,text,"So, the morning after, is it?",เเล้ว เมื่อเช้าหลังจากนั้น มันคือไรเหรอ?,แล้ว เมื่อเช้าหลังจากนั้น มันคือไรเหรอ?
เ+เ → แ,text,Wenches will be wenches!,โสเภณีก็คือโสเภณีนั่นเเหละ!,โสเภณีก็คือโสเภณีนั่นแหละ!
เ+เ → แ,text,Damsels demand tenderness! Vehemently!,หญิงพรหมจารีต้องการความอ่อนโยน! อย่างร้อนเเรง!,หญิงพรหมจารีต้องการความอ่อนโยน! อย่างร้อนแรง!
เ+เ → แ,text,I can try to lift the curse.,ข้าสามารถลองเเก้คำสาปให้ท่านได้,ข้าสามารถลองแก้คำสาปให้ท่านได้
เ+เ → แ,text,Magic illusions - using them can be dangerous.,เวทย์ภาพลวงตา - การใช้ภาพลวงตาอาจเป็นอันตรายเเก่พวกเขาได้,เวทย์ภาพลวงตา - การใช้ภาพลวงตาอาจเป็นอันตรายแก่พวกเขาได้
เ+เ → แ,text,Know what? Changed my mind. Not in the mood to talk about redecoration today. But I wanted to ask you something else.,รู้อะไรไหม? ข้าเปลี่ยนใจแล้ว ข้าไม่มีอารมณ์คุยเรื่องตกแต่งบ้านวันนี้เเล้ว แต่ข้าอยากจะถามเจ้าเรื่องอื่นอีก,รู้อะไรไหม? ข้าเปลี่ยนใจแล้ว ข้าไม่มีอารมณ์คุยเรื่องตกแต่งบ้านวันนี้แล้ว แต่ข้าอยากจะถามเจ้าเรื่องอื่นอีก
เ+เ → แ,text,"Vivienne gave me the details of her situation, but she did so in confidence. Promised I wouldn't tell anyone.",Vivienne บอกรายละเอียดเกี่ยวกับสถานการณ์ของนางให้แก่ข้าเเล้ว แต่นางก็เต็มใจอย่างเเน่วเเน่ว่า จะไม่ให้ใครรู้เรื่องเกี่ยวกับนางให้ได้,Vivienne บอกรายละเอียดเกี่ยวกับสถานการณ์ของนางให้แก่ข้าแล้ว แต่นางก็เต็มใจอย่างแน่วแน่ว่า จะไม่ให้ใครรู้เรื่องเกี่ยวกับนางให้ได้
เ+เ → แ,text,"But I am not just anyone! Why, I would do anything for her! I was the one to ask you to help her. You cannot shut me out now.",แต่ข้าไม่ใช่คนอื่นคนไกลเลย! ทำไม ข้าทำทุกอย่างก็เพื่อนาง! ข้าเป็นคนเดียวที่ขอให้เจ้าช่วยนาง เจ้าอย่าปิดเรื่องนี้กับข้าเลยกับข้าเลยเเละเจ้าปิดเรื่องนี้จากข้าไม่ได้หรอก,แต่ข้าไม่ใช่คนอื่นคนไกลเลย! ทำไม ข้าทำทุกอย่างก็เพื่อนาง! ข้าเป็นคนเดียวที่ขอให้เจ้าช่วยนาง เจ้าอย่าปิดเรื่องนี้กับข้าเลยกับข้าเลยและเจ้าปิดเรื่องนี้จากข้าไม่ได้หรอก
เ+เ → แ,text,So? How do you like it here?,เเล้ว? ท่านชอบที่นี่ไหม?,แล้ว? ท่านชอบที่นี่ไหม?
เ+เ → แ,text,You cat-licked doo-doo diddler.,เจ้าเเมวเหมียว ดู ดู ดิดเดอร์,เจ้าแมวเหมียว ดู ดู ดิดเดอร์
เ+เ → แ,text,"I work from dawn to dusk's last light, then give my wife a good, long night!",ข้าทำงานตั้งแต่เช้าจนจรดค่ำแสงสุดท้าย หลังจากนั้นส่งต่อให้ภรรยาที่ดีของข้าเเละเป็นคืนที่ยาวนาน!,ข้าทำงานตั้งแต่เช้าจนจรดค่ำแสงสุดท้าย หลังจากนั้นส่งต่อให้ภรรยาที่ดีของข้าและเป็นคืนที่ยาวนาน!
เ+เ → แ,text,Can you believe it? I was to get a new coif from Jean-Louis Ludovic. I had an appointment and all. But when I walked in… the place was empty!,ท่านเชื่อไหม? ข้าจะได้ทำผมใหม่ด้วยล่ะจาก Jean-Louis Ludovic ข้าได้นัดหมายเเละทั้งหมดทั้งปวง แต่เมื่อข้าเดินเข้าไป…ที่นั่นมันว่างเปล่านะสิ!,ท่านเชื่อไหม? ข้าจะได้ทำผมใหม่ด้วยล่ะจาก Jean-Louis Ludovic ข้าได้นัดหมายและทั้งหมดทั้งปวง แต่เมื่อข้าเดินเข้าไป…ที่นั่นมันว่างเปล่านะสิ!
เ+เ → แ,text,Indeed. To prevent anyone from coming to any harm.,เเน่นอน เพื่อป้องกันไม่ให้ใครเกิดอันตรายใดๆ,แน่นอน เพื่อป้องกันไม่ให้ใครเกิดอันตรายใดๆ
เ+เ → แ,text,"But something might come of it, who knows. Iocaste could lay new eggs. Perhaps produce an entirely new crossbreed?",แต่บางอย่างอาจเกิดขึ้น ใครจะรู้ Locaste สามารถวางไข่ใหม่ได้ บางทีอาจะเป็นสายพันธ์ผสมเเบบใหม่ก็ได้นะ?,แต่บางอย่างอาจเกิดขึ้น ใครจะรู้ Locaste สามารถวางไข่ใหม่ได้ บางทีอาจะเป็นสายพันธ์ผสมแบบใหม่ก็ได้นะ?
เ+เ → แ,text,"Ahh, you humans, you'll never cease to amaze me. To feel despair in the face of natural processes to which you are predestined… tsk, tsk.",อ่าา มนุษย์แบบพวกเจ้านี่ไม่เคยทำให้ข้าหยุดประหลาดใจได้เลย ความรู้สึกสิ้นหวังเมื่อต้องเผชิญกับสิ่งที่สัจธรรมได้กำหนดไว้เเล้ว…จุ๊ จุ๊,อ่าา มนุษย์แบบพวกเจ้านี่ไม่เคยทำให้ข้าหยุดประหลาดใจได้เลย ความรู้สึกสิ้นหวังเมื่อต้องเผชิญกับสิ่งที่สัจธรรมได้กำหนดไว้แล้ว…จุ๊ จุ๊
เ+เ → แ,text,"How dare you lecture me! This is not the aid I sought! And to think I gave up my spot in the tourney to you! I regret it, now. Do you even intend to compete to the end?",เจ้ากล้าสอนข้าเหรอ?! นี่ไม่ใช่ความช่วยเหลือที่ข้าต้องการนะ! และข้าคิดว่าเจ้าน่าจะไม่น่าจะยอมแพ้ในจุดนี้เลย! ข้าสลดใจยิ่งนัก เเล้วกีฬาละเจ้าตั้งใจจะแข่งขันให้มันจบไหม?,เจ้ากล้าสอนข้าเหรอ?! นี่ไม่ใช่ความช่วยเหลือที่ข้าต้องการนะ! และข้าคิดว่าเจ้าน่าจะไม่น่าจะยอมแพ้ในจุดนี้เลย! ข้าสลดใจยิ่งนัก แล้วกีฬาละเจ้าตั้งใจจะแข่งขันให้มันจบไหม?
เ+เ → แ,text,"Ooh, a sturdy stable testifies to a most honorable owner! Just say the word and I'll have them start working on it at once.",โอ้ คอกม้าที่แข็งแกร่งเป็นเกียรติสูงสุดของเจ้าของ เเค่บอกมา แล้วข้าจะให้พวกเขาเริ่มงานทันที,โอ้ คอกม้าที่แข็งแกร่งเป็นเกียรติสูงสุดของเจ้าของ แค่บอกมา แล้วข้าจะให้พวกเขาเริ่มงานทันที
เ+เ → แ,text,Let the tourney begin!,เริ่มการเเข่งได้!,เริ่มการแข่งได้!
เ+เ → แ,text,Consider yourself greeted.,พิจารณาตัวท่านเองเเละทักทายซะ,พิจารณาตัวท่านเองและทักทายซะ
เ+เ → แ,text,"They say a great deal about you, witcher. And whisper even more.",พวกเขาพูดถึงดีงามของเจ้ากันอยู่นะวิทเชอร์เเละมันก็ยิ่งซุบซิบกันมากขึ้นไปอีก,พวกเขาพูดถึงดีงามของเจ้ากันอยู่นะวิทเชอร์และมันก็ยิ่งซุบซิบกันมากขึ้นไปอีก
เ+เ → แ,text,I won't go! I simply won't do it!,ข้าจะไม่ไป! ข้าจะไม่ทำมันเเน่นอน!,ข้าจะไม่ไป! ข้าจะไม่ทำมันแน่นอน!
เ+เ → แ,text,Dark secrets taint even a fairytale duchy like Toussaint.,ความลับอันมืดมิดมัวหมองเเม้กระทั่งขุนนางในเทพนิยายเช่นเดียวกับ Toussaint,ความลับอันมืดมิดมัวหมองแม้กระทั่งขุนนางในเทพนิยายเช่นเดียวกับ Toussaint
เ+เ → แ,text,"Congratulations on your victory in the tourney, Sir Geralt of Rivia.",ขอแสดงความยินดีกับชัยชนะของท่านในการแข่งขัน ท่าน Geralt เเห่ง Rivia,ขอแสดงความยินดีกับชัยชนะของท่านในการแข่งขัน ท่าน Geralt แห่ง Rivia
เ+เ → แ,text,Do not touch.,อย่ามาเเตะต้อง,อย่ามาแตะต้อง
เ+เ → แ,text,Put your own house in order first.,จัดบ้านของท่านเองให้เป็นระเบียบก่อนเลยอย่างเเรก,จัดบ้านของท่านเองให้เป็นระเบียบก่อนเลยอย่างแรก
เ+เ → แ,text,"Go up to any knight and shout, ""The Beast!"" You'll smell the soiled armor at once!","ไปยังอัศวินทุกคนเเละตะโกนว่า ""สัตว์ร้าย"" ท่านจะได้ดมกลิ่นชุดเกราะที่เปื้อนโคนในทันที!","ไปยังอัศวินทุกคนและตะโกนว่า ""สัตว์ร้าย"" ท่านจะได้ดมกลิ่นชุดเกราะที่เปื้อนโคนในทันที!"
เ+เ → แ,text,Save the poor souls!,ปกป้องสระน้ำเเห่งวิญญาณ!,ปกป้องสระน้ำแห่งวิญญาณ!
เ+เ → แ,text,Tarry in good health.,การพักเเรมจะทำให้สุขภาพดีขึ้น,การพักแรมจะทำให้สุขภาพดีขึ้น
เ+เ → แ,text,"Seems the brute is not here. We cannot change this. We must live with it, desist…",ดูเหมือนว่าเจ้าสัตว์ร้ายจะไม่อยู่ที่นี่ เราคงทำอะไรไม่ได้แล้ว เราคงต้องทนอยู่กับมันซะเเล้ว...,ดูเหมือนว่าเจ้าสัตว์ร้ายจะไม่อยู่ที่นี่ เราคงทำอะไรไม่ได้แล้ว เราคงต้องทนอยู่กับมันซะแล้ว...
เ+เ → แ,text,But it's my dynastic crest…,เเต่มันเป็นตราประจำตระกูลอันสูงส่งของข้า...,แต่มันเป็นตราประจำตระกูลอันสูงส่งของข้า...
เ+เ → แ,text,"Shut it, I've heard enough of that!",หุบปาก! ข้าฟังมาพอเเล้ว!,หุบปาก! ข้าฟังมาพอแล้ว!
เ+เ → แ,text,"I-I will stand, or rather s-sit, in for K-king Ludovic… upon the elven throne. While you, witcher, will play the Aen Seidhe ruler. W-we must don the costumes, all must be just right.",ข้า - ข้าจะยืนหรือจะนะ-นั่งมากกว่าสำหรับ K-king Ludovic...บนบัลลังก์ของเอลฟ์ ในขณะที่เจ้าวิทเชอร์จะเต้องล่นเป็นผู้ปกครอง Aen Seidhe ระ- เราต้องสวมเครื่องเเต่งกาย ทั้งหมดจะต้องถูกต้อง,ข้า - ข้าจะยืนหรือจะนะ-นั่งมากกว่าสำหรับ K-king Ludovic...บนบัลลังก์ของเอลฟ์ ในขณะที่เจ้าวิทเชอร์จะเต้องล่นเป็นผู้ปกครอง Aen Seidhe ระ- เราต้องสวมเครื่องแต่งกาย ทั้งหมดจะต้องถูกต้อง
เ+เ → แ,text,"Divethaf, the elven king, hosted Ludovic in his own palace, upon his own throne… amidst the blinding glow of a plethora of torches.",Divethaf กษัตริย์เเห่งเอลฟ์ ผู้จัดงาน Ludovic ในปราสาทของเขาเอง บนบัลลังก์ของเขา...ท่ามกลางแสงเจิดจ้ามากมายเหลือเกินของคบไฟ,Divethaf กษัตริย์แห่งเอลฟ์ ผู้จัดงาน Ludovic ในปราสาทของเขาเอง บนบัลลังก์ของเขา...ท่ามกลางแสงเจิดจ้ามากมายเหลือเกินของคบไฟ
เ+เ → แ,text,Feast till the wine barrels run dry! There is no tomorrow!,ฉลองจนถังไวน์เเห้งไปเลย! ราวกับว่าเป็นวันสุดท้ายของชีวิต!,ฉลองจนถังไวน์แห้งไปเลย! ราวกับว่าเป็นวันสุดท้ายของชีวิต!
เ+เ → แ,text,I've had enough. Of all of it.,ข้าได้มาพอเเล้ว ของทั้งหมดน่ะ,ข้าได้มาพอแล้ว ของทั้งหมดน่ะ
เ+เ → แ,text,It's thin scrapings around here! At least the weather's pleasant…,มันเป็นเเค่เศษเล็กเศษน้อยรอบๆที่นี่! อย่างน้อยอากาศก็ดี...,มันเป็นแค่เศษเล็กเศษน้อยรอบๆที่นี่! อย่างน้อยอากาศก็ดี...
เ+เ → แ,text,"Ehh, how's a man to live…?",เอ๋ เเล้วมนุษย์จะมีชีวิตอยู่อย่างไร...?,เอ๋ แล้วมนุษย์จะมีชีวิตอยู่อย่างไร...?
เ+เ → แ,text,Geralt of Rivia. Saw a notice about a gwent tournament…,Geralt เเห่ง Rivia เห็นเจ้าประกาศเกี่ยวกับ การเเข่งขันไพ่ Gwent...,Geralt แห่ง Rivia เห็นเจ้าประกาศเกี่ยวกับ การแข่งขันไพ่ Gwent...
เ+เ → แ,text,Join the tournament.,เข้าร่วมการเเข่งขัน,เข้าร่วมการแข่งขัน
เ+เ → แ,text,"Yes, fellow knight and friend?",ใช่ พ่อหนุ่มอัศวินเเละมิตรสหาย,ใช่ พ่อหนุ่มอัศวินและมิตรสหาย
เ+เ → แ,text,Lebioda's wounds! Geralt of Rivia!,บาดแผลเเห่ง Lebioda! Geralt of Rivia!,บาดแผลแห่ง Lebioda! Geralt of Rivia!
เ+เ → แ,text,I'm but a poor little woman!,ข้า เป็นเเค่ผู้หญิงตัวเล็กที่น่าสงสารเท่านั้น!,ข้า เป็นแค่ผู้หญิงตัวเล็กที่น่าสงสารเท่านั้น!
เ+เ → แ,text,"We're to kiss the ground you walk on, is that it? But you just did your diddly witcherly duty!",เราจะจูบพื้นดินที่ท่านเดินไป คือว่ามันได้ใช่ไหม? แต่สมควรเเล้วท่านเพิ่งทำหน้าที่ของท่านอย่างน่าอัศจรรย์ไปนี่!,เราจะจูบพื้นดินที่ท่านเดินไป คือว่ามันได้ใช่ไหม? แต่สมควรแล้วท่านเพิ่งทำหน้าที่ของท่านอย่างน่าอัศจรรย์ไปนี่!
เ+เ → แ,text,Having a house… feels… strange.,การมีบ้าน…รู้สึก…แปลกเเฮะ,การมีบ้าน…รู้สึก…แปลกแฮะ
เ+เ → แ,text,"Not at all. These aren't grimoires, just pleasure reading . ""The Name of the Orchid,"" ""A Widower for Half a Year.""","ไม่ใช่เลยต่างหาก พวกนี้ไม่ใช่ตำราเวทมนตร์ เป็นเเค่หนังสือสนุกๆ ทั่วไป ""ชื่อของกล้วยไม้"" ""ครึ่งปีของพ่อหม้าย""","ไม่ใช่เลยต่างหาก พวกนี้ไม่ใช่ตำราเวทมนตร์ เป็นแค่หนังสือสนุกๆ ทั่วไป ""ชื่อของกล้วยไม้"" ""ครึ่งปีของพ่อหม้าย"""
เ+เ → แ,text,"Hmm… The landscape's lovely and the towns are charming, no question about that…",อืม…ภูมิทัศน์ที่น่ารักและเมืองที่น่าหลงใหลเเละมีเสน่ห์ ไม่ต้องถามถึงเลย...,อืม…ภูมิทัศน์ที่น่ารักและเมืองที่น่าหลงใหลและมีเสน่ห์ ไม่ต้องถามถึงเลย...
เ+เ → แ,text,"Because I was. But now, I'm not.",เพราะข้าเคยเป็นอย่างนั้นน่ะสิ แต่ตอนนี้ไม่เเล้ว,เพราะข้าเคยเป็นอย่างนั้นน่ะสิ แต่ตอนนี้ไม่แล้ว
เ+เ → แ,text,And you know what? I like that. Finally I can stop thinking about politics and focus on what's important to me.,และท่านรู้อะไรไหม ข้าชอบเเบบนี้น่ะ ในที่สุดข้าก็หยุดคิดเรื่องการเมืองและได้มุ่งเน้นไปยังสิ่งที่สำคัญสำหรับข้าเสียที,และท่านรู้อะไรไหม ข้าชอบแบบนี้น่ะ ในที่สุดข้าก็หยุดคิดเรื่องการเมืองและได้มุ่งเน้นไปยังสิ่งที่สำคัญสำหรับข้าเสียที
เ+เ → แ,text,Mhm. I must say I never pictured you owning real estate.,อืมม ข้าต้องพูดเลยว่าข้าไม่เคยนึกภาพที่เจ้าจะเป็นเจ้าของที่ดินเเละโรงเรือนเหล่านี้เลย,อืมม ข้าต้องพูดเลยว่าข้าไม่เคยนึกภาพที่เจ้าจะเป็นเจ้าของที่ดินและโรงเรือนเหล่านี้เลย
เ+เ → แ,text,I knew you'd see things my way.,ข้ารู้ว่าเจ้าจะจิตนาการในเเบบวิธีของข้า,ข้ารู้ว่าเจ้าจะจิตนาการในแบบวิธีของข้า
เ+เ → แ,text,"Every thought this day would come? Me and you… Peace and quiet… bees buzzing, birds chirping…?",ทุกคนคิดว่าวันนี้จะมาถึง? ข้ากับเจ้า…สันติสุขและความเงียบสงบ…ผึ้งส่งเสียงหึ่งๆเสียงนกร้องจ๊อกเเจ๊ก...?,ทุกคนคิดว่าวันนี้จะมาถึง? ข้ากับเจ้า…สันติสุขและความเงียบสงบ…ผึ้งส่งเสียงหึ่งๆเสียงนกร้องจ๊อกแจ๊ก...?
เ+เ → แ,text,"Ooh, watch what you say about your colleagues - remember, it's an ill bird that fouls its own nest.",Ooh ดูสิ่งที่เจ้าพูดเกี่ยวกับเพื่อนร่วมงานของเจ้าสิ - จำได้ว่ามันเป็นนกที่ป่วยเเละทำผิดกฎรังของตัวเอง,Ooh ดูสิ่งที่เจ้าพูดเกี่ยวกับเพื่อนร่วมงานของเจ้าสิ - จำได้ว่ามันเป็นนกที่ป่วยและทำผิดกฎรังของตัวเอง
เ+เ → แ,text,"Well said, witcher. You're not only handsome, but wise, too… I feel a bit like the cat that got the canary.",พูดได้ดีนิวิทเชอร์ เจ้าไม่เพียงเเค่หล่อ เเต่ก็ยังฉลาดเช่นกัน...ข้ารู้สึกเหมือนเเมวที่ได้นกขมิ้นเลยล่ะ,พูดได้ดีนิวิทเชอร์ เจ้าไม่เพียงแค่หล่อ แต่ก็ยังฉลาดเช่นกัน...ข้ารู้สึกเหมือนแมวที่ได้นกขมิ้นเลยล่ะ
เ+เ → แ,text,"Yeah, and I'm… Hmm. Dammit. You win. This time.",ใช่แล้วข้า…อืม บ้าเอ๊ย เจ้าชนะเเล้วล่ะเวลานี้,ใช่แล้วข้า…อืม บ้าเอ๊ย เจ้าชนะแล้วล่ะเวลานี้
เ+เ → แ,text,"How'd that start, anyway? Our duels in wordplay?",จะเริ่มยังไงดีล่ะ? นอกจากนั้น? การเเข่งเล่นสำนวนของเราไหม?,จะเริ่มยังไงดีล่ะ? นอกจากนั้น? การแข่งเล่นสำนวนของเราไหม?
เ+เ → แ,text,Forgotten? It was at a vernissage in Ban Ard. You started it to keep from going mad with boredom. I remember finding your sense of humor both groan-worthy… and somehow endearing.,ลืมเเล้วเหรอ? มันอยู่ที่ Vernissage ใน Ban Ard เจ้าเริ่มต้นที่จะป้องกันไม่ให้โกรธด้วยความเบื่อ ข้าจำได้ว่าการค้นหาอารมณ์ขันของเจ้านั้นมีค่ามาก...และด้วยวิธีใดก็ตามที่รัก,ลืมแล้วเหรอ? มันอยู่ที่ Vernissage ใน Ban Ard เจ้าเริ่มต้นที่จะป้องกันไม่ให้โกรธด้วยความเบื่อ ข้าจำได้ว่าการค้นหาอารมณ์ขันของเจ้านั้นมีค่ามาก...และด้วยวิธีใดก็ตามที่รัก
เ+เ → แ,text,What a story… A wandering witcher slew the Beast…,ยิ่งใหญ่จริงๆ...วิทเชอร์พเนจรมาสังหารสัตว์ร้ายเเล้ว...,ยิ่งใหญ่จริงๆ...วิทเชอร์พเนจรมาสังหารสัตว์ร้ายแล้ว...
เ+เ → แ,text,"Proceeding on his way, Geralt encountered one in need, as he had many times before. I must emphasize that though ostensibly cool and aloof, the witcher, in fact, has a heart of gold. Thus none should wonder that he agreed to help the anxious vintner. For a modest fee, of course.<br>",ดำเนินต่อบนเส้นทางทางของ Geralt พบหนึ่งในความต้องการ เช่นเดียวกับที่เขาได้รับหลายครั้งก่อน ข้าต้องย้ำว่าถึงแม้ภายนอกจะดูเย็นชาและโดดเดี่ยววิทเชอร์ในความเป็นจริงนั้น คือผู้ที่มีหัวใจเเห่งทองคำ ดังนั้นไม่มีใครควรสงสัยเลยว่าเขาตกลงที่จะช่วยเหลือพ่อค้าเหล้าองุ่นที่กำลังวิตกกังวลอยู่ แน่นอนว่าต้องเสียค่าตอบเเทนเล็กๆน้อยๆอยู่เเล้ว,ดำเนินต่อบนเส้นทางทางของ Geralt พบหนึ่งในความต้องการ เช่นเดียวกับที่เขาได้รับหลายครั้งก่อน ข้าต้องย้ำว่าถึงแม้ภายนอกจะดูเย็นชาและโดดเดี่ยววิทเชอร์ในความเป็นจริงนั้น คือผู้ที่มีหัวใจแห่งทองคำ ดังนั้นไม่มีใครควรสงสัยเลยว่าเขาตกลงที่จะช่วยเหลือพ่อค้าเหล้าองุ่นที่กำลังวิตกกังวลอยู่ แน่นอนว่าต้องเสียค่าตอบแทนเล็กๆน้อยๆอยู่แล้ว
เ+เ → แ,text,Without a moment's hesitation Geralt plunged into the darkness of the Grey Grotto and cut to bits the monsters that had made their lair there…<br>,ไม่มีเวลาลังเล Geralt กระโจนเข้าสู่ความมืดของถ้ำสีหมอก เเละฟาดฟันสัตว์ประหลาดที่ทำรังของพวกมันไว้ที่นั่นเป็นชิ้นๆ...,ไม่มีเวลาลังเล Geralt กระโจนเข้าสู่ความมืดของถ้ำสีหมอก และฟาดฟันสัตว์ประหลาดที่ทำรังของพวกมันไว้ที่นั่นเป็นชิ้นๆ...
เ+เ → แ,text,Return to your contract giver.,กลับไปยังผู้ที่ให้สัญญาว่าจ้างเเก่คุณ,กลับไปยังผู้ที่ให้สัญญาว่าจ้างแก่คุณ
เ+เ → แ,text,"Logger was making good time. Strange, though - willow's isolated, no other trees near it.",คนตัดไม้กำลังทำเวลาได้ดี แม้ว่าจะแปลก - ต้น Willow ถูกเเยกโดดเดี่ยว ไม่มีต้นอื่นๆอยู่ใกล้มัน,คนตัดไม้กำลังทำเวลาได้ดี แม้ว่าจะแปลก - ต้น Willow ถูกแยกโดดเดี่ยว ไม่มีต้นอื่นๆอยู่ใกล้มัน
เ+เ → แ,text,"Take care, now!",ดูเเลตัวเองด้วยตอนนี้!,ดูแลตัวเองด้วยตอนนี้!
เ+เ → แ,text,I just told ya.,ข้าบอกท่านไปเเล้วนะ,ข้าบอกท่านไปแล้วนะ
เ+เ → แ,text,How's the gut feel today?,รู้สึกถึงความกล้าหาญของวันนี้เเค่ไหนรึ?,รู้สึกถึงความกล้าหาญของวันนี้แค่ไหนรึ?
เ+เ → แ,text,"Farewell, chivalrous woodsman. Sorry it ended this way.",ลาก่อน คนตัดไม้ผู้กล้าหาญ ขอโทดที่เรื่องมันจบเเบบนี้,ลาก่อน คนตัดไม้ผู้กล้าหาญ ขอโทดที่เรื่องมันจบแบบนี้
เ+เ → แ,text,"Doublet's scorched… Wriggled out of it, tossed it, then ran on.",เสื้อรัดรูปของผู้ชายถูกย่างจนเกรียม...ดิ้นหลุดจากมัน โยนมันทิ้ง เเล้ววิ่งต่อไป,เสื้อรัดรูปของผู้ชายถูกย่างจนเกรียม...ดิ้นหลุดจากมัน โยนมันทิ้ง แล้ววิ่งต่อไป
เ+เ → แ,text,You're as done for as a doo-doo dumpling. We are Loth Halfbreed's hanse!,ทั้งหมดที่แกทำไปน่ะมันก็เเค่กองขี้ เราคือกลุ่ม Hanse ของท่าน Loth Halfbreed,ทั้งหมดที่แกทำไปน่ะมันก็แค่กองขี้ เราคือกลุ่ม Hanse ของท่าน Loth Halfbreed
เ+เ → แ,text,Pick and choose while I've the inclination…,บรรจงคัดสรรมาอย่างดีเเม้ว่ามันจะเอียงไปซะหน่อย,บรรจงคัดสรรมาอย่างดีแม้ว่ามันจะเอียงไปซะหน่อย
เ+เ → แ,text,"Come on, no point dallyin'…",เร่เข้ามาๆ ไม่มีจุดเน่าเสียเเน่นอน...,เร่เข้ามาๆ ไม่มีจุดเน่าเสียแน่นอน...
เ+เ → แ,text,Now there is a hero! Killed Filibert Fourfingers without so much as breaking a sweat!,ขณะนี้มีวีรบุรุษเเล้ว! เขาได้สังหาร Filibert Fourfingers โดยไม่เสียเหงื่อเลยสักหยด!,ขณะนี้มีวีรบุรุษแล้ว! เขาได้สังหาร Filibert Fourfingers โดยไม่เสียเหงื่อเลยสักหยด!
เ+เ → แ,text,The sort that can turn a lass into a tree.,ก็เเบบว่าการเปลี่ยนหญิงสาวให้กลายเป็นตั้นไม้น่ะ,ก็แบบว่าการเปลี่ยนหญิงสาวให้กลายเป็นตั้นไม้น่ะ
เ+เ → แ,text,Dammit… rather not expose you to danger.,บ้าเอ๊ย...จะไม่นำเจ้าออกมาเเสดงมันอันตราย,บ้าเอ๊ย...จะไม่นำเจ้าออกมาแสดงมันอันตราย
เ+เ → แ,text,You know what I'm gonna ask for. Need your help. But I'll understand if you turn me down.,เจ้าก็รู้ว่าข้าจะขออะไร ต้องการความช่วยเหลือจากเจ้า เเต่ข้าจะเข้าใจ ถ้าเจ้าทำให้ข้าผิดหวัง,เจ้าก็รู้ว่าข้าจะขออะไร ต้องการความช่วยเหลือจากเจ้า แต่ข้าจะเข้าใจ ถ้าเจ้าทำให้ข้าผิดหวัง
เ+เ → แ,text,Let's get to work. Start by clearing the corpses. Got some time… won't start the reenactment before nightfall. Things of this sort're a lot more likely to work after dusk.,ไปทำงานกันเถอะ เริ่มต้นด้วยการเก็บกวาดซากศพก่อนเลย มีเวลานิดหน่อย…จะไม่เริ่มเเสดงใหม่อีกครั้งก่อนที่จะตกค่ำ สิ่งดังกล่าวประเภทนี้มีแนวโน้มอย่างมากที่จะเกิดขึ้นหลังจากพลบค่ำ,ไปทำงานกันเถอะ เริ่มต้นด้วยการเก็บกวาดซากศพก่อนเลย มีเวลานิดหน่อย…จะไม่เริ่มแสดงใหม่อีกครั้งก่อนที่จะตกค่ำ สิ่งดังกล่าวประเภทนี้มีแนวโน้มอย่างมากที่จะเกิดขึ้นหลังจากพลบค่ำ
เ+เ → แ,text,"Dammit. Can't risk, can't expose you to danger…",บ้าเอ๊ย...มันเสี่ยง จะไม่นำเจ้าออกมาเเสดงหรอกนะ มันอันตรายเกินไป,บ้าเอ๊ย...มันเสี่ยง จะไม่นำเจ้าออกมาแสดงหรอกนะ มันอันตรายเกินไป
เ+เ → แ,text,"M-master. If what you say is true, th-then I was the cause of this massacre. Unintentionally… yet nonetheless. I've a duty to assist you, a moral one.",ท่าน-ท่านผู้เชี่ยวชาญ หากสิ่งที่เจ้าพูดนั้นเป็นความจริง ข้าก็เป็นต้นเหตุของการสังหารหมู่ครั้งนี้ โดยไม่ได้ตั้งใจ...เเต่ถึงกระนั้นก็ตาม ข้ามีหน้าที่ให้ความช่วยเหลือเจ้า ผู้มีคุณธรรมคนหนึ่ง,ท่าน-ท่านผู้เชี่ยวชาญ หากสิ่งที่เจ้าพูดนั้นเป็นความจริง ข้าก็เป็นต้นเหตุของการสังหารหมู่ครั้งนี้ โดยไม่ได้ตั้งใจ...แต่ถึงกระนั้นก็ตาม ข้ามีหน้าที่ให้ความช่วยเหลือเจ้า ผู้มีคุณธรรมคนหนึ่ง
เ+เ → แ,text,Gods have us in their care… I shall help as well.,พระเจ้ามีเราอยู่ในการดูเเลของพวกเขา...ข้าจะช่วยอีกเเรง,พระเจ้ามีเราอยู่ในการดูแลของพวกเขา...ข้าจะช่วยอีกแรง
เ+เ → แ,text,Thus raise your voices with mine - O Prophet Lebioda!,ดังนั้นจงเปล่งเสียงของเจ้าพร้อมกับเหมืองเเห่งนี้ - โอ ศาสดา Lebioda!!,ดังนั้นจงเปล่งเสียงของเจ้าพร้อมกับเหมืองแห่งนี้ - โอ ศาสดา Lebioda!!
เ+เ → แ,text,Guillaume will do anything to impress a woman.,Guillaume จะทำทุกอย่างเพื่อสร้างความประทับใจให้เเก่หญิงสาว,Guillaume จะทำทุกอย่างเพื่อสร้างความประทับใจให้แก่หญิงสาว
เ+เ → แ,text,"All good and fine, but the monster's not in its nest. Gotta track it down first.",ทุกอย่างน่าพอใจและดีเยี่ยม แต่สัตว์ประหลาดไม่ได้อยู่ในรังของมัน ต้องลากมันลงมาก่อนอย่างเเรกเลย,ทุกอย่างน่าพอใจและดีเยี่ยม แต่สัตว์ประหลาดไม่ได้อยู่ในรังของมัน ต้องลากมันลงมาก่อนอย่างแรกเลย
เ+เ → แ,text,"Not at all necessary, Geralt. We looked into it, gave it a think. Traders used tannin to lure the beast. Who says we can't do the same?",ไม่จำเป็นเลย Geralt เราตรวจสอบดูเเล้วและคิดว่า พวกพ่อค้าค้าที่ใช้ Tannin เพื่อล่อสัตว์ร้าย ใครบอกว่าพวกเราจะทำเเบบนั้นบ้างไม่ได้กันล่ะ?,ไม่จำเป็นเลย Geralt เราตรวจสอบดูแล้วและคิดว่า พวกพ่อค้าค้าที่ใช้ Tannin เพื่อล่อสัตว์ร้าย ใครบอกว่าพวกเราจะทำแบบนั้นบ้างไม่ได้กันล่ะ?
เ+เ → แ,text,"Shaelmaar's lair, gotta be… Drags its victims here. Pretty fresh, some of 'em.",ที่ซ่อนตัวของ Shaelmaar ต้อง...ลากเหยื่อมาที่นี่เเน่ ค่อนข้างสดใหม่บางส่วนของพวกเขา,ที่ซ่อนตัวของ Shaelmaar ต้อง...ลากเหยื่อมาที่นี่แน่ ค่อนข้างสดใหม่บางส่วนของพวกเขา
เ+เ → แ,text,Won't learn anything else here. Time to go back to the surface.,ไม่อยากรู้อะไรอย่างอื่นที่นี่เเล้ว ได้เวลากลับไปข้างนอกเเล้วล่ะ,ไม่อยากรู้อะไรอย่างอื่นที่นี่แล้ว ได้เวลากลับไปข้างนอกแล้วล่ะ
เ+เ → แ,text,We shall never forget what you did for us. Our grandchildren will drink your health!,เราจะไม่มีวันลืมสิ่งที่ท่านได้ทำเพื่อเราเลย ลูกหลานของเราจะดื่มเพื่อความเเข็งเเรงของท่าน!,เราจะไม่มีวันลืมสิ่งที่ท่านได้ทำเพื่อเราเลย ลูกหลานของเราจะดื่มเพื่อความแข็งแรงของท่าน!
เ+เ → แ,text,Have you heard who won the tourney?! Geralt of Rivia! That witcher!,ท่านได้ยินมาว่าใครเป็นผู้ชนะเลิศในการแข่งขันนะ?! Geralt เเห่ง Rivia! วิทเชอร์คนนั้นนั่นเอง!,ท่านได้ยินมาว่าใครเป็นผู้ชนะเลิศในการแข่งขันนะ?! Geralt แห่ง Rivia! วิทเชอร์คนนั้นนั่นเอง!
เ+เ → แ,text,"Basilisk as a pet, a hunting dog? The notion were wrong to start with.",Basilisk เป็นสัตว์เลี้ยงสุนัขล่าสัตว์งั้นเหรอ? ความเข้าใจเเบบผิดๆนั่นน่าตกใจจริง,Basilisk เป็นสัตว์เลี้ยงสุนัขล่าสัตว์งั้นเหรอ? ความเข้าใจแบบผิดๆนั่นน่าตกใจจริง
เ+เ → แ,text,Conscience gets to you now?,รู้สึกผิดที่ได้ทำเเล้วเหรอ?,รู้สึกผิดที่ได้ทำแล้วเหรอ?
เ+เ → แ,text,Didn't expect this.,ไม่ได้คาดหวังให้มันเป็นเเบบนี้,ไม่ได้คาดหวังให้มันเป็นแบบนี้
เ+เ → แ,text,"They say the witcher's a mate of the famed bard Dandelion. And that minstrel and our duchess once… you know! Wink, wink!",เขาว่ากันว่าวิทเชอร์เป็นคู่หูของท่าน Dandelion นักกวีอันเลื่องชื่อเเล้วก็นักร้อง ยิ่งไปกว่านั้นยังมีความสัมพันธ์กับท่านหญิงของเรา…เจ้าก็รู้! วิ๊ง วิ๊ง!,เขาว่ากันว่าวิทเชอร์เป็นคู่หูของท่าน Dandelion นักกวีอันเลื่องชื่อแล้วก็นักร้อง ยิ่งไปกว่านั้นยังมีความสัมพันธ์กับท่านหญิงของเรา…เจ้าก็รู้! วิ๊ง วิ๊ง!
เ+เ → แ,text,"Thank you, good sir! You would be the famous witcher, would you not?",ขอบใจท่านอย่างเเท้จริง! ท่านคือวิทเชอร์ที่มีชื่อเสียงโด่งดังใช่ไหม?,ขอบใจท่านอย่างแท้จริง! ท่านคือวิทเชอร์ที่มีชื่อเสียงโด่งดังใช่ไหม?
เ+เ → แ,text,But why even bother? What did they hope to steal - hammers? A hunk of stone?,เเต่ทำไมต้องมารบกวนตลอดด้วยล่ะ? พวกเขาหวังที่จะโขมย - ค้อนงั้นรึ? หรือหินก้อนใหญ่กันเเน่?,แต่ทำไมต้องมารบกวนตลอดด้วยล่ะ? พวกเขาหวังที่จะโขมย - ค้อนงั้นรึ? หรือหินก้อนใหญ่กันแน่?
เ+เ → แ,text,Lebioda's wounds! Save us! Kitty eyes!,รอยแผลของ Lebioda! ช่วยเราด้วย! เจ้าตาเเมว!,รอยแผลของ Lebioda! ช่วยเราด้วย! เจ้าตาแมว!
เ+เ → แ,text,Drawing of the Beast of Toussaint,ภาพวาดของสัตว์ร้ายเเห่ง Toussaint,ภาพวาดของสัตว์ร้ายแห่ง Toussaint
เ+เ → แ,text,"Crushed ribs, cracked skull… Shaelmaar did this, no two ways about it.",กระดูกซี่โครงหัก กะโหลกศีรษะแตก…Shaelmaar มันก็ทำอย่างนี้อยู่สองเเบบ,กระดูกซี่โครงหัก กะโหลกศีรษะแตก…Shaelmaar มันก็ทำอย่างนี้อยู่สองแบบ
เ+เ → แ,text,"Our tourney's more than mere diversion. We've a mission, see? To spread word of my brother's brainchild - Skellige, a new gwent faction.",การเเข่งขันของเราเป็นมากกว่ากิจกรรมนันทนาการ เรามีภารกิจเข้าใจไหม? เพื่อที่จะกล่าวขานถึงผลงานของพี่ข้า - Skellige สำรับไพ่ใหม่ยังไงล่ะ,การแข่งขันของเราเป็นมากกว่ากิจกรรมนันทนาการ เรามีภารกิจเข้าใจไหม? เพื่อที่จะกล่าวขานถึงผลงานของพี่ข้า - Skellige สำรับไพ่ใหม่ยังไงล่ะ
เ+เ → แ,text,"Final? Fuck that! I, Yaki Rafiberg, do hereby declare my participation in this tournament! And I demand to play the victor! We'll settle whether this Skellige faction's worth a flamin' bag o' shite! Once an' for all!",รอบสุดท้ายอะไรอีกวะ! ข้า Yaki Rafiberg จะขอร่วมกับการแข่งขันในครั้งนี้ด้วย! และข้าอยากเล่นกับผู้ชนะ! เเล้วเราจะได้พิสูจน์ไปเลยว่าฝ่าย Skellige จะมีค่าพอให้ทุกคนยอมรับหรือไม่!,รอบสุดท้ายอะไรอีกวะ! ข้า Yaki Rafiberg จะขอร่วมกับการแข่งขันในครั้งนี้ด้วย! และข้าอยากเล่นกับผู้ชนะ! แล้วเราจะได้พิสูจน์ไปเลยว่าฝ่าย Skellige จะมีค่าพอให้ทุกคนยอมรับหรือไม่!
เ+เ → แ,text,"To reconcile, that's one thing, but to start making wine together? It boggles the mind!",การปรองดอง นั้นเป็นเรื่องหนึ่ง เเต่จะเริ่มผลิตไวน์ด้วยกันเลยไหม? มันทำให้จิตใตสับสนซะเเล้วสิ!,การปรองดอง นั้นเป็นเรื่องหนึ่ง แต่จะเริ่มผลิตไวน์ด้วยกันเลยไหม? มันทำให้จิตใตสับสนซะแล้วสิ!
เ+เ → แ,text,As you wish. Would you prefer I use my strongest deck or a weaker one?,ตามที่ท่านขอ ท่านอยากจะให้ข้าใช้สำรับที่เเข็งแกร่งหรือสำรับอ่อนๆ?,ตามที่ท่านขอ ท่านอยากจะให้ข้าใช้สำรับที่แข็งแกร่งหรือสำรับอ่อนๆ?
เ+เ → แ,text,"Something dug 'em, a large creature. Also, killed a few kikimores down there and destroyed their eggs. Consider it a half favor, won't cost you much.",สิ่งที่ขุดนั้นคือสิ่งมีชีวิตขนาดใหญ่ นอกจากนี้ยังกำจัด kikimores ไม่กี่ตัวที่นั่นและได้ทำลายไข่ของพวกมันเเล้ว คิดซะว่าเป็นของที่ระลึกครึ่งนึงราคาไม่แพงมากนักหรอก,สิ่งที่ขุดนั้นคือสิ่งมีชีวิตขนาดใหญ่ นอกจากนี้ยังกำจัด kikimores ไม่กี่ตัวที่นั่นและได้ทำลายไข่ของพวกมันแล้ว คิดซะว่าเป็นของที่ระลึกครึ่งนึงราคาไม่แพงมากนักหรอก
เ+เ → แ,text,Liam and Matilda made war for ages. Now they make love!,Lian และ Matilda ขัดเเย้งกันมานานหลายปี ตอนนี้พวกเขาทำเพื่อความรักล่ะ!,Lian และ Matilda ขัดแย้งกันมานานหลายปี ตอนนี้พวกเขาทำเพื่อความรักล่ะ!
เ+เ → แ,text,The wall - fix it! By the end of the day!,กำเเพง - ซ่อมมันซะ! ให้เสร็จภายในวันนี้ด้วย!,กำแพง - ซ่อมมันซะ! ให้เสร็จภายในวันนี้ด้วย!
เ+เ → แ,text,Interesting… This note plus what I found earlier - some third party's causing problems at the vineyards.,น่าสนใจเเหะ...บันทึกนี้รวมถึงสิ่งที่ข้าค้นพบก่อนหน้านี้ - บุคคลที่สามบางคนทำให้เกิดปัญหาที่ไร่องุ่น,น่าสนใจแหะ...บันทึกนี้รวมถึงสิ่งที่ข้าค้นพบก่อนหน้านี้ - บุคคลที่สามบางคนทำให้เกิดปัญหาที่ไร่องุ่น
เ+เ → แ,text,"Come now, madame, monsieur. We shall never get anywhere in this manner…",เอาเถอะ ตอนนี้ คุณนาย นายท่าน เราจะไม่มีทางสำเร็จในวิธีการเเบบนี้้เเน่...,เอาเถอะ ตอนนี้ คุณนาย นายท่าน เราจะไม่มีทางสำเร็จในวิธีการแบบนี้้แน่...
เ+เ → แ,text,I care about one thing only - acquiring Belgaard. I will make an infinitely better steward than she will. A pretty face is hardly enough if the head it adorns is empty.,ข้ากังวลเเค่สิ่งเดียวเท่านั้น - เรื่องการเข้าถือสิทธิ์ Belgaard ข้าจะจัดหาคนรับใช้ที่ดีกว่านี้นางจะต้องมีใบหน้าที่งดงามเเค่นั้นยังไม่พอถ้าศีรษะของนางนั้นว่างเปล่าไม่มีของตกเเต่งใดๆเลยเราจะหามาให้,ข้ากังวลแค่สิ่งเดียวเท่านั้น - เรื่องการเข้าถือสิทธิ์ Belgaard ข้าจะจัดหาคนรับใช้ที่ดีกว่านี้นางจะต้องมีใบหน้าที่งดงามแค่นั้นยังไม่พอถ้าศีรษะของนางนั้นว่างเปล่าไม่มีของตกแต่งใดๆเลยเราจะหามาให้
เ+เ → แ,text,"We've produced a wine. According to the best sommeliers, it might just dethrone Est Est.",เราได้ผลิตไวน์แล้วน่ะ ตามคนชงไวน์ที่ดีที่สุดไปได้เลย ก็เเค่อาจจะปลดไวน์ Est Est,เราได้ผลิตไวน์แล้วน่ะ ตามคนชงไวน์ที่ดีที่สุดไปได้เลย ก็แค่อาจจะปลดไวน์ Est Est
เ+เ → แ,text,"Oh, witcher, greetings! Kind of you to come. Matilda and I, we've a surprise for you.",โอ้ วิทเชอร์ สวัสดี! ช่างเป็นความกรุณาที่ท่านกลับมา Matilda กับข้ามีเรื่องเซอร์ไพรส์ให้ท่านด้วยเเหละ,โอ้ วิทเชอร์ สวัสดี! ช่างเป็นความกรุณาที่ท่านกลับมา Matilda กับข้ามีเรื่องเซอร์ไพรส์ให้ท่านด้วยแหละ
เ+เ → แ,text,"Bandits aren't your only problem, don't think…",โจรไม่ใช่ปัญหาเดียวของเจ้า อย่าคิดเเบบนั้น...,โจรไม่ใช่ปัญหาเดียวของเจ้า อย่าคิดแบบนั้น...
เ+เ → แ,text,"Mhh, had it right. Slyzards stole the cows. Well, killed them already. Maybe now I can get someone to pay me for it.",อืม ถูกต้องแล้ว Slyzards ขโมยวัวมาและฆ่ามันแล้ว บางทีตอนนี้ข้าสามารถรับค่าจ้างจากคนที่ให้ข้าได้เเล้วล่ะ,อืม ถูกต้องแล้ว Slyzards ขโมยวัวมาและฆ่ามันแล้ว บางทีตอนนี้ข้าสามารถรับค่าจ้างจากคนที่ให้ข้าได้แล้วล่ะ
เ+เ → แ,text,"They pounded on the door. I-I thought they would get through, I thought I was done for. But… but in the end, it grew calm.",พวกเขาทุบประตู ข้า-ข้าคิดว่าพวกเขาจะผ่านมาได้ ข้าคิดว่าข้าทำไปเพื่อ เเต่...เเต่ในท้ายที่สุดมันก็สงบลง,พวกเขาทุบประตู ข้า-ข้าคิดว่าพวกเขาจะผ่านมาได้ ข้าคิดว่าข้าทำไปเพื่อ แต่...แต่ในท้ายที่สุดมันก็สงบลง
เ+เ → แ,text,Vineyard 's glory days seem like a thing of the past…,วันแห่งความรุ่งเรืองของไร่องุ่นนี้ ดูเหมือนจะเป็นอดีตที่ผ่านไปเเล้วนะ...,วันแห่งความรุ่งเรืองของไร่องุ่นนี้ ดูเหมือนจะเป็นอดีตที่ผ่านไปแล้วนะ...
เ+เ → แ,text,"Maid Matilda tries her best, but when folk fear to go out and work, what is she to do?",สาวใช้ Matilda นางพยายามทำอย่างดีที่สุดเเล้ว แต่เมื่อชาวบ้านหวาดกลัวที่จะออกไปทำงาน นางจะทำอย่างไรได้ล่ะ?,สาวใช้ Matilda นางพยายามทำอย่างดีที่สุดแล้ว แต่เมื่อชาวบ้านหวาดกลัวที่จะออกไปทำงาน นางจะทำอย่างไรได้ล่ะ?
เ+เ → แ,text,"Must've been here he broke his legs. Fell while climbing over the wall. Trying to leave the property, probably, after he didn't manage to open the gate.",ขาของเขาน่าจะหักตรงนี้ ร่วงลงขณะที่ปีนข้ามกำเเพง พยายามที่จะออกจากสถานที่นี้ น่าจะหลังจากที่เขาทำการเปิดประตูไม่สำเร็จ,ขาของเขาน่าจะหักตรงนี้ ร่วงลงขณะที่ปีนข้ามกำแพง พยายามที่จะออกจากสถานที่นี้ น่าจะหลังจากที่เขาทำการเปิดประตูไม่สำเร็จ
เ+เ → แ,text,"I shall tell you this much… when first I heard Maid Matilda had forged a partnership with the ever slippery Liam, well, I near popped a cork!",ข้าจะเล่าให้ท่านฟังมากว่านี้…เมื่อแรกที่ข้าได้ยินมาว่าสาวใช้ Matilda ได้สร้างหุ้นส่วนกับ Liam เเบบมีเล่ห์เหลี่ยม ดีนะที่ข้าอยู่ใกล้ที่นั่นเเบบไม่คาดคิดเเละบังคับตัวเองได้อยู่!,ข้าจะเล่าให้ท่านฟังมากว่านี้…เมื่อแรกที่ข้าได้ยินมาว่าสาวใช้ Matilda ได้สร้างหุ้นส่วนกับ Liam แบบมีเล่ห์เหลี่ยม ดีนะที่ข้าอยู่ใกล้ที่นั่นแบบไม่คาดคิดและบังคับตัวเองได้อยู่!
เ+เ → แ,text,"But once it was revealed the dingledong had not, in fact, been responsible for our woes, I thought to myself…",เเต่เมื่อมันถูกเปิดเผย dingledong จริงๆเเล้วไม่ได้มีความรับผิดชอบต่อความทุกข์ของเรา ข้าคิดกับตัวข้าเอง...,แต่เมื่อมันถูกเปิดเผย dingledong จริงๆแล้วไม่ได้มีความรับผิดชอบต่อความทุกข์ของเรา ข้าคิดกับตัวข้าเอง...
เ+เ → แ,text,Slyzard - gotta be. They breathe fire.,Slyzard - ต้องใช่เเน่ๆ พวกมันพ่นไฟได้,Slyzard - ต้องใช่แน่ๆ พวกมันพ่นไฟได้
เ+เ → แ,text,"Behold, the location from the map.",ดูเถิด นี่คือตำเเหน่งจากแผนที่,ดูเถิด นี่คือตำแหน่งจากแผนที่
เ+เ → แ,text,"Should destroy them before the young hatch, start prowling the vineyard.",ควรทำลายพวกมันก่อนที่ไข่จะฟัก เเละเริ่มออกหากินในไร่องุ่น,ควรทำลายพวกมันก่อนที่ไข่จะฟัก และเริ่มออกหากินในไร่องุ่น
เ+เ → แ,text,A beautiful day for a tourney!,เป็นวันที่สวยงามสำหรับการเเข่งขันเลยล่ะ!,เป็นวันที่สวยงามสำหรับการแข่งขันเลยล่ะ!
เ+เ → แ,text,Bread's really stale. Been here a while.,ขนมปังเก่ามาก วางอยู่ตรงนี้มาได้สักพักเเล้ว,ขนมปังเก่ามาก วางอยู่ตรงนี้มาได้สักพักแล้ว
เ+เ → แ,text,"Fresh tooth marks - necrophages, but they got to him after his death.",รอยฟันยังใหม่อยู่ - necrophages เเต่พวกมันมาถึงเขาหลังจากที่เขาตายเเล้ว,รอยฟันยังใหม่อยู่ - necrophages แต่พวกมันมาถึงเขาหลังจากที่เขาตายแล้ว
เ+เ → แ,text,Won't learn anything else from the body.,ไม่ได้รู้สิ่งอื่นๆที่เเตกต่างจากร่างกายเลย,ไม่ได้รู้สิ่งอื่นๆที่แตกต่างจากร่างกายเลย
เ+เ → แ,text,"Was in a bad way, barely crawling.",เป็นไปในทางที่ไม่ดี เเทบจะต้องเลื้อยไปเลย,เป็นไปในทางที่ไม่ดี แทบจะต้องเลื้อยไปเลย
เ+เ → แ,text,And then there's the crane.,เเละหลังจากนั้นที่ปั้นจั่นนั่น,และหลังจากนั้นที่ปั้นจั่นนั่น
เ+เ → แ,text,Both vineyards should be fine now.,ไร่องุ่นทั้งสอง คงไม่เป็นอะไรเเล้วล่ะตอนนี้,ไร่องุ่นทั้งสอง คงไม่เป็นอะไรแล้วล่ะตอนนี้
เ+เ → แ,text,Solved the problems at Coronata. Vineyard can go back to operating normally.,แก้ไขปัญหาในไร่องุ่น Coronata ไร่องุ่นสามารถกลับไปใช้งานได้ตามปกติเเล้ว,แก้ไขปัญหาในไร่องุ่น Coronata ไร่องุ่นสามารถกลับไปใช้งานได้ตามปกติแล้ว
เ+เ → แ,text,Solved your problems. Coronata and Vermentino can both go back to operating normally.,แก้ไขปัญหาของ Coronata และ Vermentino เเล้วทั้งสองสามารถกลับไปใช้งานได้ตามปกติ,แก้ไขปัญหาของ Coronata และ Vermentino แล้วทั้งสองสามารถกลับไปใช้งานได้ตามปกติ
เ+เ → แ,text,I'm glad we've come to an agreement. One question remains - what's to become of Coronata and Vermentino?,ข้าดีใจที่เราได้ทำข้อตกลงร่วมกันนะ ยังมีคำถามอีกข้อหนึ่ง - สิ่งใดที่จะเกิดขึ้นกับ Coronata เเละ Vermentino งั้นรึ?,ข้าดีใจที่เราได้ทำข้อตกลงร่วมกันนะ ยังมีคำถามอีกข้อหนึ่ง - สิ่งใดที่จะเกิดขึ้นกับ Coronata และ Vermentino งั้นรึ?
เ+เ → แ,text,"More or less already agreed, I guess…",ไม่มากก็น้อยตกลงกันไว้เเล้ว ข้าคิดว่านะ...,ไม่มากก็น้อยตกลงกันไว้แล้ว ข้าคิดว่านะ...
เ+เ → แ,text,"Ah, in for a copper, in for a crown… Yeah, I'll help.",อ่า สำหรับทองแดงเเละสำหรับสวมมงกุฎ…ได้ข้าจะช่วย,อ่า สำหรับทองแดงและสำหรับสวมมงกุฎ…ได้ข้าจะช่วย
เ+เ → แ,text,"Come with me, please. We've formalities to see to.",มากับข้า ด้วยเถอะ ข้ามีเเผนให้ดู,มากับข้า ด้วยเถอะ ข้ามีแผนให้ดู
เ+เ → แ,text,I'll get to work.,ข้าจะไปทำงานเเล้ว,ข้าจะไปทำงานแล้ว
เ+เ → แ,text,Sure. I'll help.,เเน่นอน ข้าจะช่วย,แน่นอน ข้าจะช่วย
เ+เ → แ,text,"So, master, the workers who vanished - how goes the search?",ว่าไง นายท่าน เรื่องคนงานที่หายไป - มีวิธีที่จะสืบหาเบาะเเสบ้างไหม?,ว่าไง นายท่าน เรื่องคนงานที่หายไป - มีวิธีที่จะสืบหาเบาะแสบ้างไหม?
เ+เ → แ,text,Help Liam and Matilda's consortium.,ช่วยหุ้นส่วนของ Liam เเละ Matilda,ช่วยหุ้นส่วนของ Liam และ Matilda
เ+เ → แ,text,Go see Liam and Matilda.,ไปพบ Liam เเละ Matilda,ไปพบ Liam และ Matilda
เ+เ → แ,text,"Around he looked, yet all was quite proper. ""I see razors, pomades, but no blasted hair-chopper!""","รอบๆตัวเขาดู เเต่ทุกอย่างค่อนข้างเหมาะสม ""ข้าเห็นมีดโกน น้ำมันทาผม เเต่คนตัดจะไม่ทำเส้นผมเสียหาย!""","รอบๆตัวเขาดู แต่ทุกอย่างค่อนข้างเหมาะสม ""ข้าเห็นมีดโกน น้ำมันทาผม แต่คนตัดจะไม่ทำเส้นผมเสียหาย!"""
เ+เ → แ,text,Mind being quiet for a minute? Think I might know what happened to the hairdresser.,เจ้าช่วยเงียบหน่อยได้ไหม? คิดว่าข้าน่าจะรู้ว่าเกิดอะไรขึ้นกับช่างทำผมเเล้วล่ะ,เจ้าช่วยเงียบหน่อยได้ไหม? คิดว่าข้าน่าจะรู้ว่าเกิดอะไรขึ้นกับช่างทำผมแล้วล่ะ
เ+เ → แ,text,"No evidence of a break-in, no signs of a struggle. To my mind, he just went out to find ingredients for his pomade. Looks like he ran out… of pomade.",ไม่มีหลักฐานการบุกเข้ามา ไม่มีร่องรอยการต่อสู้ ในความคิดข้า เขาเเค่ออกไปหาส่วนผสมสำหรับน้ำมันทาผมของเขา ดูเหมือนว่ามันหมดเเล้ว…น้ำมันทาผมของเขา,ไม่มีหลักฐานการบุกเข้ามา ไม่มีร่องรอยการต่อสู้ ในความคิดข้า เขาแค่ออกไปหาส่วนผสมสำหรับน้ำมันทาผมของเขา ดูเหมือนว่ามันหมดแล้ว…น้ำมันทาผมของเขา
เ+เ → แ,text,"Yes, indeed! He'd have gone into the meadows beyond the city to gather flower petals for it. Trolls must have devoured him! Or a cyclops! Splendid, either way!",ใช่ เเน่นอน! เขาต้องไปที่ทุ่งหญ้าที่อยู่ห่างไกลจากเมืองเพื่อรวบรวมกลีบดอกไม้สำหรับมัน Trolls ต้องเขมือบเขาไปเเล้วเเน่ๆ! หรือไม่ก็ยักษ์ตาเดียว! วิเศษทั้งสองเเบบเลย!,ใช่ แน่นอน! เขาต้องไปที่ทุ่งหญ้าที่อยู่ห่างไกลจากเมืองเพื่อรวบรวมกลีบดอกไม้สำหรับมัน Trolls ต้องเขมือบเขาไปแล้วแน่ๆ! หรือไม่ก็ยักษ์ตาเดียว! วิเศษทั้งสองแบบเลย!
เ+เ → แ,text,Archespore saplings? Takes a degenerate to cultivate something like this.,ต้นอ่อนของ archspore เรอะ? ต้องเป็นคนที่เลวมากเเน่ๆ ถึงจะปลูกอะไรพวกนี้,ต้นอ่อนของ archspore เรอะ? ต้องเป็นคนที่เลวมากแน่ๆ ถึงจะปลูกอะไรพวกนี้
เ+เ → แ,text,"He learned of a worker at Coronata who had been disloyal to his employer, selling spiced wine on the side at quite a premium. The gold he had earned through his wicked ways now lay buried…. beneath a pile of manure!<br>",เขาได้เรียนรู้จากคนงานที่ Coronata ที่ไม่ซื่อสัตย์ต่อนายจ้างของเขาในการขายเครื่องปรุงเเต่งรสชาติของไวน์ที่ค่อนข้างพิเศษ ทองคำที่เขาเคยได้รับจากวิธีการอันต่ำช้าของเขาตอนนี้ถูกฝังอยู่…ใต้กองปุ๋ยคอกไงล่ะ! <br>,เขาได้เรียนรู้จากคนงานที่ Coronata ที่ไม่ซื่อสัตย์ต่อนายจ้างของเขาในการขายเครื่องปรุงแต่งรสชาติของไวน์ที่ค่อนข้างพิเศษ ทองคำที่เขาเคยได้รับจากวิธีการอันต่ำช้าของเขาตอนนี้ถูกฝังอยู่…ใต้กองปุ๋ยคอกไงล่ะ! <br>
เ+เ → แ,text,Vampire blood,เลือดเเวมไพร์,เลือดแวมไพร์
เ+เ → แ,text,"Or now that you've bound Vivienne to your terms, you no longer see the need?",หรือตอนนี้เจ้าได้ผูกพันกับ Vivienne เเล้วข้อตกลงของเจ้าละเจ้าจะไม่ให้ความสำคัญเลยเหรอ?,หรือตอนนี้เจ้าได้ผูกพันกับ Vivienne แล้วข้อตกลงของเจ้าละเจ้าจะไม่ให้ความสำคัญเลยเหรอ?
เ+เ → แ,text,"They ventured beyond walls by vines entwined, into the unknown, the poor barber to find.",พวกเขาเสี่ยงภัยไปไกลจากกำแพงโดยเถาวัลย์พันเเรม โอบอ้อมเข้าไปในที่ลึกลับ น่าสงสารช่างตัดผมยิ่งนักที่จักต้องหาให้พบ,พวกเขาเสี่ยงภัยไปไกลจากกำแพงโดยเถาวัลย์พันแรม โอบอ้อมเข้าไปในที่ลึกลับ น่าสงสารช่างตัดผมยิ่งนักที่จักต้องหาให้พบ
เ+เ → แ,text,Gonna do that the whole way?,จะทำเเบบนั้นทั้งทางเลยจริงเหรอ?,จะทำแบบนั้นทั้งทางเลยจริงเหรอ?
เ+เ → แ,text,"The witcher's blade flashed, juices spouted and poured, covering all about in an archespore's gore.",ดาบของวิทเชอร์ส่องเเสงประกาย ยางไม้ที่พุ่งออกมาและไหลหลั่ง ครอบคลุมทุกเรื่องเกี่ยวกับโลหิตของ archespore,ดาบของวิทเชอร์ส่องแสงประกาย ยางไม้ที่พุ่งออกมาและไหลหลั่ง ครอบคลุมทุกเรื่องเกี่ยวกับโลหิตของ archespore
เ+เ → แ,text,"In past times, Anarietta and I would occasionally run into them here. You see, knights errant far outnumber princesses in the real world, so some knights would sneak into the playroom, then into this land. In search of their fairytale damsels, that's all.",ในอดีตที่ผ่านมา Anarietta และข้า จะพบพวกเขาบ้างเป็นครั้งคราวที่นี่ เจ้ารู้ไหมว่าอัศวินในโลกเเห่งความจริงมีอยู่มากมาย ดังนั้นอัศวินพวกนั้นเลยแอบเข้ามาในห้องของเล่น จากนั้นก็เข้ามาในดินแดนนี้เพื่อตามหาหญิงสาวในเทพนิยายของพวกเขานั่นแหละคือเหตุผลทั้งหมด,ในอดีตที่ผ่านมา Anarietta และข้า จะพบพวกเขาบ้างเป็นครั้งคราวที่นี่ เจ้ารู้ไหมว่าอัศวินในโลกแห่งความจริงมีอยู่มากมาย ดังนั้นอัศวินพวกนั้นเลยแอบเข้ามาในห้องของเล่น จากนั้นก็เข้ามาในดินแดนนี้เพื่อตามหาหญิงสาวในเทพนิยายของพวกเขานั่นแหละคือเหตุผลทั้งหมด
เ+เ → แ,text,"Girl reenacted the marked scene, looks like… then expired. Or did something kill her?",ดูเหมือนหญิงสาวคนนี้แสดงตามที่ทำเครื่องหมายไว้... แล้วก็ตาย หรือว่ามีบางอย่างฆ่านางกันเเน่,ดูเหมือนหญิงสาวคนนี้แสดงตามที่ทำเครื่องหมายไว้... แล้วก็ตาย หรือว่ามีบางอย่างฆ่านางกันแน่
เ+เ → แ,text,"Her Grace can be as fickle as the colts she rides. Today, all remember my fine couplets at the tourney. Yet tomorrow, Her Illustriousness, bored by her breakfast, might demand a new epic poem. One most grab at opportunity before it flits away.",พระคุณของนางอาจไม่แน่นอนเหมือนกับนางที่ด้อยประสบการณ์ในการขี่ม้า วันนี้ทุกคนจำกลอนที่ดีของข้าในการเเข่งขันได้ แต่ในวันพรุ่งนี้ความโด่งดังของนางอันน่าเบื่อหน่ายกับอาหารเช้าของนาง อาจต้องการบทกวีมหากาพย์อันใหม่ ใครคนหนึ่งพยายามคว้าโอกาสนี้ก่อนที่มันจะโผบินจากไป,พระคุณของนางอาจไม่แน่นอนเหมือนกับนางที่ด้อยประสบการณ์ในการขี่ม้า วันนี้ทุกคนจำกลอนที่ดีของข้าในการแข่งขันได้ แต่ในวันพรุ่งนี้ความโด่งดังของนางอันน่าเบื่อหน่ายกับอาหารเช้าของนาง อาจต้องการบทกวีมหากาพย์อันใหม่ ใครคนหนึ่งพยายามคว้าโอกาสนี้ก่อนที่มันจะโผบินจากไป
เ+เ → แ,text,Knight's Spirit,จิตวิญญาณเเห่งอัศวิน,จิตวิญญาณแห่งอัศวิน
เ+เ → แ,text,"I've never found the opportune moment, see, never had a chance, in fact, to say I'm a devoted fan…",ข้าไม่เคยพบช่วงเวลาที่เหมาะสมเท่านี้ เห็นด้วยตาตัวเอง ไม่เคยมีโอกาสเเบบนี้จริงๆ แล้วจะบอกว่าข้าเป็นผู้หลงใหลศรัทธา...,ข้าไม่เคยพบช่วงเวลาที่เหมาะสมเท่านี้ เห็นด้วยตาตัวเอง ไม่เคยมีโอกาสแบบนี้จริงๆ แล้วจะบอกว่าข้าเป็นผู้หลงใหลศรัทธา...
เ+เ → แ,text,Citizens! A plea from Her Illustrious Highness! The Ducal Chancellery is swarmed each day beyond capacity! Droves arrive to demand compensation for the damage wrought throughout the city by the vampire horde!,ประชาชนทุกท่าน! คำร้องขอจากพระนางฝ่าบาทผู้เลื่องลือ! ขุนนางมหาเสนาบดีจับกลุ่มกันในเเต่ละวันจนเกินรับไหว! ฝูงชนเเก้ปัญหาได้ด้วยการเรียกร้องค่าชดเชยสำหรับความเสียหายที่เกิดขึ้นทั่วทุกหนเเห่งของเมืองโดยฝูงแวมไพร์!,ประชาชนทุกท่าน! คำร้องขอจากพระนางฝ่าบาทผู้เลื่องลือ! ขุนนางมหาเสนาบดีจับกลุ่มกันในแต่ละวันจนเกินรับไหว! ฝูงชนแก้ปัญหาได้ด้วยการเรียกร้องค่าชดเชยสำหรับความเสียหายที่เกิดขึ้นทั่วทุกหนแห่งของเมืองโดยฝูงแวมไพร์!
เ+เ → แ,text,Massacre at the estate of Durand de Savarin! Elven statues come to life to slaughter members of the History of Toussaint Friends' Society!,การสังหารหมู่ที่คฤหาสน์ของ Durand de Savarin! รูปปั้นเเกะสลักเอลฟ์มีชีวิตขึ้นมาเพื่อสังหารสมาชิกของสมาคมมิตรสหายเเห่งประวัติศาสตร์ของ Toussaint!,การสังหารหมู่ที่คฤหาสน์ของ Durand de Savarin! รูปปั้นแกะสลักเอลฟ์มีชีวิตขึ้นมาเพื่อสังหารสมาชิกของสมาคมมิตรสหายแห่งประวัติศาสตร์ของ Toussaint!
เ+เ → แ,text,"Open house at the Beauclair chapter of the Transnational Flagellants' Club! All are invited! Come, taste of the whip, perhaps you'll stay longer!",เยี่ยมชมสถาบัน ณ ที่ Beauclair คณะสงฆ์เเห่งสมาคมข้ามชาติ Flagnants! ทั้งหมดได้ถูกรับเชิญมาที่นี่เเล้ว! มาสิมาลองชิมรสชาติของแส้ดูสิ บางทีท่านอาจจะติดใจก็ได้นะ!,เยี่ยมชมสถาบัน ณ ที่ Beauclair คณะสงฆ์แห่งสมาคมข้ามชาติ Flagnants! ทั้งหมดได้ถูกรับเชิญมาที่นี่แล้ว! มาสิมาลองชิมรสชาติของแส้ดูสิ บางทีท่านอาจจะติดใจก็ได้นะ!
เ+เ → แ,text,Expect armed resistance. The strength of the fortifications remains unknown.,คาดว่าน่าจะมีกองกำลังต่อต้าน ยังไม่ทราบว่าป้อมปราการเเข็งแกร่งแค่ไหน,คาดว่าน่าจะมีกองกำลังต่อต้าน ยังไม่ทราบว่าป้อมปราการแข็งแกร่งแค่ไหน
เ+เ → แ,text,Guess so. You! Get down!,เดาว่าใช่นะ เจ้า! ลงมาได้เเล้ว!,เดาว่าใช่นะ เจ้า! ลงมาได้แล้ว!
เ+เ → แ,text,We end with an audacious feat by Geralt of Rivia! We thank you for attending and hope to see you soon!,เป็นการปิดท้ายโชว์ของเราด้วยการแสดงอันบ้าบิ่นของ Geralt เเห่ง Rivia! เราขอขอบคุณท่านผู้ชมทุกท่าน และหวังว่าจะได้เจอพวกท่านอีก,เป็นการปิดท้ายโชว์ของเราด้วยการแสดงอันบ้าบิ่นของ Geralt แห่ง Rivia! เราขอขอบคุณท่านผู้ชมทุกท่าน และหวังว่าจะได้เจอพวกท่านอีก
เ+เ → แ,text,"And now, good folk, the highlight of our program! Standing before you - Geralt of Rivia! Victor of marksmanship contests in Angren, Dol Blathanna and Lobinden!",เอาละ ท่านทั้งหลาย ตอนนี้เป็นเวลาไฮไลท์ของงาน! ผู้ที่ยืนต่อหน้าพวกท่านคือ Geralt เเห่ง Rivia! ผู้ชนะในการแข่งขันยิงหน้าไม้ที่ Angren Dol Blathana และ Lobinden!,เอาละ ท่านทั้งหลาย ตอนนี้เป็นเวลาไฮไลท์ของงาน! ผู้ที่ยืนต่อหน้าพวกท่านคือ Geralt แห่ง Rivia! ผู้ชนะในการแข่งขันยิงหน้าไม้ที่ Angren Dol Blathana และ Lobinden!
เ+เ → แ,text,Killed the beast in the sewers.,ฆ่าอสูรกายในท่อน้ำเเล้ว,ฆ่าอสูรกายในท่อน้ำแล้ว
เ+เ → แ,text,"And Geralt of Rivia, who you cheated, what'll he assume?",แล้ว Geralt เเห่ง Rivia ที่เจ้าโกงเขาล่ะ?,แล้ว Geralt แห่ง Rivia ที่เจ้าโกงเขาล่ะ?
เ+เ → แ,text,"Another unfortunate romantic. Came to lift a prince's curse, found a hideous death instead.",เป็นอีกเรื่องเศร้า มาที่นี่เพื่อถอนคำสาปเจ้าชาย แต่กลับได้รับความตายซะเเทน,เป็นอีกเรื่องเศร้า มาที่นี่เพื่อถอนคำสาปเจ้าชาย แต่กลับได้รับความตายซะแทน
เ+เ → แ,text,Water's ice-cold. Mountain stream cold.,น้ำเย็นเป็นน้ำแข็งเลย เหมือนน้ำที่อยู่บนภูเขาเลยเเฮะ,น้ำเย็นเป็นน้ำแข็งเลย เหมือนน้ำที่อยู่บนภูเขาเลยแฮะ
เ+เ → แ,text,Shouldn't worry about him at all. He's no longer the man you loved.,เจ้าไม่ควรกังวลเกี่ยวกับ Olgierd หรอก เขาไม่ใช่คนที่เจ้ารักอีกต่อไปเเล้ว,เจ้าไม่ควรกังวลเกี่ยวกับ Olgierd หรอก เขาไม่ใช่คนที่เจ้ารักอีกต่อไปแล้ว
เ+เ → แ,text,So his heart remains hardened.,งั้น ปานนี้เเล้วหัวใจของ Olgierd ก็ยังคงแข็งเเกร่งเช่นเคย,งั้น ปานนี้แล้วหัวใจของ Olgierd ก็ยังคงแข็งแกร่งเช่นเคย
เ+เ → แ,text,Nothing like a good swim.,ไม่มีอะไรดีกว่าการว่ายน้ำอีกเเล้ว,ไม่มีอะไรดีกว่าการว่ายน้ำอีกแล้ว
เ+เ → แ,text,Now we must do something else. Something wild.,ตอนนี้เราต้องทำบางสิ่งบางอย่างอีกเเล้ว บางสิ่งบางอย่างๆคึกคะนอง,ตอนนี้เราต้องทำบางสิ่งบางอย่างอีกแล้ว บางสิ่งบางอย่างๆคึกคะนอง
เ+เ → แ,text,My dancing skills are a mere foretaste.,สกิลการเต้นของข้านี้เเค่เซิฟๆ นะ,สกิลการเต้นของข้านี้แค่เซิฟๆ นะ
เ+เ → แ,text,Don't mention it. But I still don't like this…,ไม่เป็นไรหรอก... แต่ข้ารู้สึกไม่ดีเเกี่ยวกับเรื่องนี้เลย,ไม่เป็นไรหรอก... แต่ข้ารู้สึกไม่ดีแกี่ยวกับเรื่องนี้เลย
เ+เ → แ,text,Don't make us beg. We're toastin' the newlyweds.,อย่าทำให้ต้องขอร้อง. เราแต่งงานเเล้ว,อย่าทำให้ต้องขอร้อง. เราแต่งงานแล้ว
เ+เ → แ,text,"And I aim to be direct, even more so than Vlodimir.",และรอบนี้ข้าตั้งใจที่จะเป็นผู้กำกับมากกว่า Vlodimir เเล้วตอนนี้,และรอบนี้ข้าตั้งใจที่จะเป็นผู้กำกับมากกว่า Vlodimir แล้วตอนนี้
เ+เ → แ,text,"It's time I took fate into my own hands. Lived life anew… and truly, this time.",ถึงเวลาที่ข้าจะต้องรับชะตากรรมที่ข้ากอด้วยมือของข้าเองชะเเล้ว ที่ทำไห้ข้ามีชีวิตมีจิตใจใหม่อีกครั้ง... เเละด้วยความจริงในคราวนี้,ถึงเวลาที่ข้าจะต้องรับชะตากรรมที่ข้ากอด้วยมือของข้าเองชะแล้ว ที่ทำไห้ข้ามีชีวิตมีจิตใจใหม่อีกครั้ง... และด้วยความจริงในคราวนี้
เ+เ → แ,text,Scar on his forehead. Must be Kluivert.,แผลเป็นที่หน้าผากเขา ต้องเป็น Kluivert เเน่ๆ,แผลเป็นที่หน้าผากเขา ต้องเป็น Kluivert แน่ๆ
เ+เ → แ,text,"Cook like that's a right treasure, he is. No gripin' about poor supplies. Just the gumption to enrich our gruel.",พ่อครัวนั้นเหมือนเป็นสมบัติที่ควรเก็บรักษาไว้ ใช่เขาคือชายที่ไม่เคยมีกริฟฟินเข้ามาใกล้วัสดุกากๆเขาเลยเขาเเค่เพิ่มคุณค่าทางอาหารของพวกเราไห้อร่อยก็เเค่นั้นเอง,พ่อครัวนั้นเหมือนเป็นสมบัติที่ควรเก็บรักษาไว้ ใช่เขาคือชายที่ไม่เคยมีกริฟฟินเข้ามาใกล้วัสดุกากๆเขาเลยเขาแค่เพิ่มคุณค่าทางอาหารของพวกเราไห้อร่อยก็แค่นั้นเอง
เ+เ → แ,text,Not at all. I like my women as I like my peaches - fuzzy and well ripe.,ไม่ใช่เเนวของข้าเลย ข้าชอบผู้หญิงของข้ามากกว่าเพราะข้าชอบลูกพีช - เลือนสวยและสุกดี,ไม่ใช่แนวของข้าเลย ข้าชอบผู้หญิงของข้ามากกว่าเพราะข้าชอบลูกพีช - เลือนสวยและสุกดี
เ+เ → แ,text,"Sure, gwent it is.",เเน่นอนว่าเจ้าต้องรู้จัก Gwent,แน่นอนว่าเจ้าต้องรู้จัก Gwent
เ+เ → แ,text,[Choose a place for the apple.],[เลือกต่ำเเหน่งวางแอปเปิ้ล],[เลือกต่ำแหน่งวางแอปเปิ้ล]
เ+เ → แ,text,[Choose a place for the grapes.],[เลือกต่ำเเหน่งวางองุ่น],[เลือกต่ำแหน่งวางองุ่น]
เ+เ → แ,text,"[Annotation: item acquired with the rest of the von E. estate. Put up for auction, starting price: one crown. No bids.]<br><br>My love,<br><br>Don’t give up. There’s still a week till you’re to wed the Ofieri. I’ll think of something. Perhaps I’ll get the coin by then, perhaps my tears will convince your father, perhaps the gods will hear our prayers – or if not they, perhaps some devil will. If nothing else helps, I’ll crash into the temple through the window and swoop you up from the altar. We’ll flee somewhere far, far away, to the edge of the world, where no one will find us.<br><br>You write of sadness. I feel its weight, too. I think of you constantly. Of how we sat at the Alchemy till dawn nursing a bottle of wine, and you traced our dream house in the sawdust on the floor. Of how we dangled our feet in the water from the dock and you sang those bawdy songs and made me laugh and laugh. I kiss the medallion carrying your portrait before I fall asleep and as soon as I wake.<br><br>I swear on all that is holy: we shall be together forever. Be brave.<br><br>I Love You!<br>-Your O.",[คำอธิบายประกอบ: รายการที่ได้มาพร้อมกับทรัพย์สินที่เหลือของ von E. ใช้สำหรับการประมูล ราคาเริ่มต้น: หนึ่งเหรียญ ไม่มีการเสนอราคา]<br><br>ที่รัก<br><br>อย่าเพิ่งยอมแพ้ ยังเหลือเวลาอีก 1 สัปดาห์ที่เจ้าจะแต่งงานกับ Ofieri ข้ากำลังนึกอะไรบางอย่างอยู่ บางทีข้าอาจจะหาเงินมาได้ บางทีน้ำตาของข้าอาจโน้มน้าวใจพ่อของเจ้าได้ บางทีเหล่าทวยเทพอาจจะได้ยินคำอธิษฐานของเรา – หรือถ้าไม่ได้ยิน บางทีปีศาจบางตนอาจจะได้ยินมัน หากไม่มีอะไรมาช่วยข้า ข้าจะบุกเข้าไปในวิหาร ผ่านหน้าต่างและโฉบลงมาอุ้มเจ้าหนีไปจากแท่นพิธี เราจะหนีไปที่ไหนสักแห่งไกลออกไปไกลถึงสุดขอบโลกที่ซึ่งไม่มีใครสามารถหาเราเจอ<br><br>ภาพของเจ้ามันเต็มไปด้วยความเศร้า ข้าก็รู้สึกอับจนเช่นกัน ข้าคิดถึงเจ้าตลอดเวลา ทั้งช่วงเวลาที่เราอยู่ในร้านเหล้าถึงเช้าพร้อมไวน์ 1 ขวด ตอนที่เจ้าวาดบ้านในฝันของเราจากขี้เลื่อยบนพื้น ช่วงเวลาที่เราก้าวลงไปในน้ำจากท่าเรือ แล้วเจ้าร้องเพลงทะลึ่งๆของเจ้าที่ทำให้ข้าขำแล้วขำอีก ข้าจูบเหรียญของเจ้า ถือภาพของเจ้า ก่อนที่จะนิทราไปพร้อมกับมันจนกระทั่งข้าตื่นขึ้น<br><br>ข้าขอสาบานกับสิ่งศักดิ์สิทธิ์: เราจะอยู่ด้วยกันตลอดไป เข้มเเข็งไว้<br><br>ข้ารักเจ้าเหลือเกิน!<br>- O ของเจ้า,[คำอธิบายประกอบ: รายการที่ได้มาพร้อมกับทรัพย์สินที่เหลือของ von E. ใช้สำหรับการประมูล ราคาเริ่มต้น: หนึ่งเหรียญ ไม่มีการเสนอราคา]<br><br>ที่รัก<br><br>อย่าเพิ่งยอมแพ้ ยังเหลือเวลาอีก 1 สัปดาห์ที่เจ้าจะแต่งงานกับ Ofieri ข้ากำลังนึกอะไรบางอย่างอยู่ บางทีข้าอาจจะหาเงินมาได้ บางทีน้ำตาของข้าอาจโน้มน้าวใจพ่อของเจ้าได้ บางทีเหล่าทวยเทพอาจจะได้ยินคำอธิษฐานของเรา – หรือถ้าไม่ได้ยิน บางทีปีศาจบางตนอาจจะได้ยินมัน หากไม่มีอะไรมาช่วยข้า ข้าจะบุกเข้าไปในวิหาร ผ่านหน้าต่างและโฉบลงมาอุ้มเจ้าหนีไปจากแท่นพิธี เราจะหนีไปที่ไหนสักแห่งไกลออกไปไกลถึงสุดขอบโลกที่ซึ่งไม่มีใครสามารถหาเราเจอ<br><br>ภาพของเจ้ามันเต็มไปด้วยความเศร้า ข้าก็รู้สึกอับจนเช่นกัน ข้าคิดถึงเจ้าตลอดเวลา ทั้งช่วงเวลาที่เราอยู่ในร้านเหล้าถึงเช้าพร้อมไวน์ 1 ขวด ตอนที่เจ้าวาดบ้านในฝันของเราจากขี้เลื่อยบนพื้น ช่วงเวลาที่เราก้าวลงไปในน้ำจากท่าเรือ แล้วเจ้าร้องเพลงทะลึ่งๆของเจ้าที่ทำให้ข้าขำแล้วขำอีก ข้าจูบเหรียญของเจ้า ถือภาพของเจ้า ก่อนที่จะนิทราไปพร้อมกับมันจนกระทั่งข้าตื่นขึ้น<br><br>ข้าขอสาบานกับสิ่งศักดิ์สิทธิ์: เราจะอยู่ด้วยกันตลอดไป เข้มแข็งไว้<br><br>ข้ารักเจ้าเหลือเกิน!<br>- O ของเจ้า
เ+เ → แ,text,Evil's Soft First Touches,สัมผัสแรกของความชั่วร้ายอันเเสนอ่อนนุ่ม,สัมผัสแรกของความชั่วร้ายอันแสนอ่อนนุ่ม
เ+เ → แ,text,"If that's your attitude, I'll stand with Ewald.",หากนั่นเป็นทัศนคติของเจ้า ยังไงข้าก็จะยืนเคียงข้าง Ewald ก็เเล้วกัน,หากนั่นเป็นทัศนคติของเจ้า ยังไงข้าก็จะยืนเคียงข้าง Ewald ก็แล้วกัน
เ+เ → แ,text,"Now Max Borsodi's House - if you've absolutely got to have it, you'll need to take it from me by force.",Max Borsodi House - หากเจ้าคิดอยากมีมันจริงเจ้าควรจะเอามันไปจากข้าโดยการบังคับเเล้วละ,Max Borsodi House - หากเจ้าคิดอยากมีมันจริงเจ้าควรจะเอามันไปจากข้าโดยการบังคับแล้วละ
เ+เ → แ,text,Failed to load leaderboards.,ไม่สามารถโหลดกระดานคะเเนนได้,ไม่สามารถโหลดกระดานคะแนนได้
เ+เ → แ,text,The Lord of Undvik,เจ้าเเห่ง Undvik,เจ้าแห่ง Undvik
เ+เ → แ,text,Rodrick of Maribor,Rodrick เเห่ง Maribor,Rodrick แห่ง Maribor
เ+เ → แ,text,"The Witcher of Rivia, welcome to Skellige!",วิทเชอร์เเห่ง Rivia ยินดีต้อนรับสู่หมู่เกาะ Skellige,วิทเชอร์แห่ง Rivia ยินดีต้อนรับสู่หมู่เกาะ Skellige
เ+เ → แ,text,Blind Dwarf,คนเเคระตาบอด,คนแคระตาบอด
เ+เ → แ,text,Payback,การตอบเเทน,การตอบแทน
เ+เ → แ,text,Ladies of the Wood,นายหญิงเเห่งพงไพร,นายหญิงแห่งพงไพร
เ+เ → แ,text,X Marks the Spot,จุด x ลงเเผนที่,จุด x ลงแผนที่
เ+เ → แ,text,Follow the map to find the treasure.,ตามเเผนที่เพื่อล่าสมบัติ,ตามแผนที่เพื่อล่าสมบัติ
เ+เ → แ,text,Went to Junior's joint.,ไปซ่องของ Junior มาเเล้ว,ไปซ่องของ Junior มาแล้ว
เ+เ → แ,text,Hm… Strange.,ฮืม..น่าเเปลก,ฮืม..น่าแปลก
เ+เ → แ,text,A Changeling Rescued,การเเปลงโฉมช่วยชีวิต,การแปลงโฉมช่วยชีวิต
เ+เ → แ,text,"Cor, could really use a piss, but about to get my arse wet.",Cor ต้องใช้ฉี่จริงๆหรือ เเต่ก้นข้าเปียกหมดเเล้ว,Cor ต้องใช้ฉี่จริงๆหรือ แต่ก้นข้าเปียกหมดแล้ว
เ+เ → แ,text,My thoughts are the shite.,ความคิดข้ามันเเย่จริง,ความคิดข้ามันแย่จริง
เ+เ → แ,text,Oughta land in the clink for an ugly mug like yours.,สมควรเเตกเเล้วละไอ้โง่ทุเรศอย่างเเกน่ะ,สมควรแตกแล้วละไอ้โง่ทุเรศอย่างแกน่ะ
เ+เ → แ,text,"When it rains, it pours.",เมื่อฝนตกเเล้วมันก็เท,เมื่อฝนตกแล้วมันก็เท
เ+เ → แ,text,It just rains and rains…,ฝนตกเเล้วก็ตก...,ฝนตกแล้วก็ตก...
เ+เ → แ,text,Find a way to send Ulle on to the afterlife.,ค้นหาวิธีส่ง Ulle ไปสู่สุคติ (จะต้องเเกล้งเเพ้),ค้นหาวิธีส่ง Ulle ไปสู่สุคติ (จะต้องแกล้งแพ้)
เ+เ → แ,text,"I entreat you to protect me, I surrender myself unto you.",ข้าขอร้องให้เจ้าปกป้องข้า ข้ายอมจำนนต่อเจ้าเเล้ว,ข้าขอร้องให้เจ้าปกป้องข้า ข้ายอมจำนนต่อเจ้าแล้ว
เ+เ → แ,text,"Sorry, I know I've been unbearable lately. But at my age, the menopause, what with hot flashes and violent mood swings…",โทษที ข้ารู้ว่าช่วงนี้ข้าอาจจะทำตัวน่ารำคาญไปหน่อย แต่วัยหมดประจำเดือนก็อย่างงี้เเหละ โมโหง่าย อารมณ์แปรปรวน...,โทษที ข้ารู้ว่าช่วงนี้ข้าอาจจะทำตัวน่ารำคาญไปหน่อย แต่วัยหมดประจำเดือนก็อย่างงี้แหละ โมโหง่าย อารมณ์แปรปรวน...
เ+เ → แ,text,…is a witch and she's to burn!,... เป็นเเม่มดเเละนางจะถูกเผา!,... เป็นแม่มดและนางจะถูกเผา!
เ+เ → แ,text,May your beard grow robust and free!,หนวดท่านอาจขึ้นอย่างเเข็งเเรงเเละสละสลวย!,หนวดท่านอาจขึ้นอย่างแข็งแรงและสละสลวย!
เ+เ → แ,text,"Rain? Fuck, whaddaya expect in this climate?",ฝนงั้นรึ? บ้าเอ๊ย จะคาดการณ์อะไรได้ในสภาพอากาศเเบบนี้,ฝนงั้นรึ? บ้าเอ๊ย จะคาดการณ์อะไรได้ในสภาพอากาศแบบนี้
เ+เ → แ,text,"I'm singin' in the rain, and slippin' just the same…",ข้าร้องเพลงกลางสายฝนเเล้วลื่นไหลลงไป,ข้าร้องเพลงกลางสายฝนแล้วลื่นไหลลงไป
เ+เ → แ,text,"Then the mage grunted, farted, and blew up! Took three of our boys with 'im…",จากนั้นนักมายากลก็โมโหและไม่พอใจ! เเละพาเด็กชายทั้งสามไปด้วย,จากนั้นนักมายากลก็โมโหและไม่พอใจ! และพาเด็กชายทั้งสามไปด้วย
เ+เ → แ,text,A Dangerous Game,เกมที่เเสนอันตราย,เกมที่แสนอันตราย
เ+เ → แ,text,Well… You're easy enough on the eye…,แหม...จากสายตาข้าเเกน่าจะอ่อนแอมากเลยนะ...,แหม...จากสายตาข้าแกน่าจะอ่อนแอมากเลยนะ...
เ+เ → แ,text,"You're a fierce one, but you've fairness in yer eyes.",เเกเป็นคนที่โหดเหี้ยม เเต่ก็มีความยุติธรรมอยู่ในเเววตา,แกเป็นคนที่โหดเหี้ยม แต่ก็มีความยุติธรรมอยู่ในแววตา
เ+เ → แ,text,You surprised to hear she's sellin' her arse in that dwarven brothel?,เจ้าตกใจเหรอที่ได้ยินมาว่าเธอขายบริการในซ่องของพวกคนเเคระน่ะ?,เจ้าตกใจเหรอที่ได้ยินมาว่าเธอขายบริการในซ่องของพวกคนแคระน่ะ?
เ+เ → แ,text,Them scars - they a gift from a whore for you tryin' to shaft 'er?,รอยเเผลพวกนี้-มันคือของขวัญจากพวกโสเภณีให้กับเจ้าที่ไม่ยุติธรรม,รอยแผลพวกนี้-มันคือของขวัญจากพวกโสเภณีให้กับเจ้าที่ไม่ยุติธรรม
เ+เ → แ,text,"Five of 'em, spent a whole night ploughin' that witch up the arse…",พวกมัน 5 คนใช้เวลาทั้งคืนกับเเม่มดนั่น..,พวกมัน 5 คนใช้เวลาทั้งคืนกับแม่มดนั่น..
เ+เ → แ,text,We found the Sunstone.,เราเจอศิลาพระอาทิตย์เเล้ว,เราเจอศิลาพระอาทิตย์แล้ว
เ+เ → แ,text,"Go on. Show me your spins, pirouettes and feints. I want to watch.",เข้ามาเลย เเสดงความว่องไวของเจ้าให้ข้าดูหน่อยซิ การหมุนตัวเเล้วก็การโจมตีเน่าๆของเเก ข้าอยากจะดู,เข้ามาเลย แสดงความว่องไวของเจ้าให้ข้าดูหน่อยซิ การหมุนตัวแล้วก็การโจมตีเน่าๆของแก ข้าอยากจะดู
เ+เ → แ,text,I managed to accelerate tissue regeneration. She's feeling much better.,ข้าเร่งอัตราการฟื้นฟูของเนื้อเยื่อให้นางเเล้ว นางจะรู้สึกดีขึ้นกว่าเดิมเยอะเลยล่ะ,ข้าเร่งอัตราการฟื้นฟูของเนื้อเยื่อให้นางแล้ว นางจะรู้สึกดีขึ้นกว่าเดิมเยอะเลยล่ะ
เ+เ → แ,text,"I'll consider whether to bring Ves. Either way, I'll see you at Kaer Morhen.",ข้าจะคิดดูว่าจะเอา Ves ไปด้วยดีไหม แต่ยังไงก็ตาม ข้าจะไปเจอเจ้าที่ Kaer Morhen เเน่นอน,ข้าจะคิดดูว่าจะเอา Ves ไปด้วยดีไหม แต่ยังไงก็ตาม ข้าจะไปเจอเจ้าที่ Kaer Morhen แน่นอน
เ+เ → แ,text,"One, two, three - the old witch sees thee!",หนึ่ง สอง สาม แม่มดเฒ่าเจอตัวเจ้าเเล้ว!,หนึ่ง สอง สาม แม่มดเฒ่าเจอตัวเจ้าแล้ว!
เ+เ → แ,text,I shall see you at Kaer Morhen.,ข้าจะไปเจอเจ้าที่ Kaer Morhen เเล้วกัน,ข้าจะไปเจอเจ้าที่ Kaer Morhen แล้วกัน
เ+เ → แ,text,Potions and Bombs,น้ำยาเเละระเบิด,น้ำยาและระเบิด
เ+เ → แ,text,Equipped Bombs and Potions,สวมใส่ ระเบิดเเละน้ำยา,สวมใส่ ระเบิดและน้ำยา
เ+เ → แ,text,Now look what you've done!,ตอนนี้ดูสิ่งที่เเกได้ทำ!,ตอนนี้ดูสิ่งที่แกได้ทำ!
เ+เ → แ,text,"A Changeling Rescued, or the Witcher's Triumph - your performance was mag-ni-fi-cent!",การเเปลงโฉมช่วยชีวิตหรือชัยชนะของ วิทเชอร์ - การแสดงของท่านช่างล้ำเลิศ!,การแปลงโฉมช่วยชีวิตหรือชัยชนะของ วิทเชอร์ - การแสดงของท่านช่างล้ำเลิศ!
เ+เ → แ,text,A common card sharp and a swindler. Boggles my mind where he got the coin for the Natalis card.,พวกต้มตุ๋นหลอกลวงชาวบ้านไปวันๆน่ะ..ข้าเองยังสงสัยอยู่เลยว่าเขาเอาเงินที่ไหนมาซื้อไพ่ John Natalis กันเเน่,พวกต้มตุ๋นหลอกลวงชาวบ้านไปวันๆน่ะ..ข้าเองยังสงสัยอยู่เลยว่าเขาเอาเงินที่ไหนมาซื้อไพ่ John Natalis กันแน่
เ+เ → แ,text,You durnk and addled?,เจ้าเมาเเละสับสนงั้นเหรอ?,เจ้าเมาและสับสนงั้นเหรอ?
เ+เ → แ,text,Fight the Tailor for the Novigrad title.,ขึ้นชกกับ The Tailor เพื่อตำเเหน่งเเชมป์เเห่ง Novigrad,ขึ้นชกกับ The Tailor เพื่อตำแหน่งแชมป์แห่ง Novigrad
เ+เ → แ,text,Try your strength against the Skellige champion - Olaf.,ลองทดสอบความเเข็งเเกร่งของคุณกับเเชมป์เปี้ยนเเห่ง Skellige - Olaf,ลองทดสอบความแข็งแกร่งของคุณกับแชมป์เปี้ยนแห่ง Skellige - Olaf
เ+เ → แ,text,"My story began in Temeria, near Vizima, with Geralt dreaming a dream of Yennefer, Ciri and the Wild Hunt. It ends in Temeria as well. Shortly after Ciri entered the tower on Undvik, never to return, Geralt returned to Velen and entered Crookback Bog.<br>",เรื่องราวของข้าเริ่มต้นที่ Temeria ใกล้ Vizima โดย Geralt ฝันถึง Yennefer Ciri และพวก Wild Hunt เเล้วมันก็จบลงที่ Temeria ด้วยเช่นกัน ไม่นานหลังจากที่ Ciri เข้าไปในหอคอยบน Undvik เเล้วไม่กลับมานั้น Geralt ได้กลับไปที่ Velen และเข้าไปที่บึง Crookback Bog<br>,เรื่องราวของข้าเริ่มต้นที่ Temeria ใกล้ Vizima โดย Geralt ฝันถึง Yennefer Ciri และพวก Wild Hunt แล้วมันก็จบลงที่ Temeria ด้วยเช่นกัน ไม่นานหลังจากที่ Ciri เข้าไปในหอคอยบน Undvik แล้วไม่กลับมานั้น Geralt ได้กลับไปที่ Velen และเข้าไปที่บึง Crookback Bog<br>
เ+เ → แ,text,"Ciri and the baron were testing their mettle in a horse race when a basilisk swooped down and put an end to the competition. The beast snatched the baron up and carried him off to its nest. Ciri, sparing no time for second thoughts, ran to his rescue.<br>",Ciri และ Baron กำลังทดสอบความกล้าหาญของพวกเขาในการแข่งม้าเเต่เมื่อ basilisk ถลาลงมาจึงต้องยุติการแข่งขัน สัตว์ร้ายตัวนั้นคว้า Baron ขึ้นมาแล้วพาเขาไปที่รังของมัน Ciri ไม่มีเวลาคิดมากนัก เธอจึงรีบวิ่งไปช่วยเขา<br>,Ciri และ Baron กำลังทดสอบความกล้าหาญของพวกเขาในการแข่งม้าแต่เมื่อ basilisk ถลาลงมาจึงต้องยุติการแข่งขัน สัตว์ร้ายตัวนั้นคว้า Baron ขึ้นมาแล้วพาเขาไปที่รังของมัน Ciri ไม่มีเวลาคิดมากนัก เธอจึงรีบวิ่งไปช่วยเขา<br>
เ+เ → แ,text,"The Battle of Kaer Morhen was over. Those who survived buried Vesemir and Lambert, but had little time for mourning. The danger had only been thwarted temporarily, and they needed to prepare a new plan for saving Ciri.",การต่อสู้ที่ Kaer Morhen นั้นได้สิ้นสุดลงแล้ว ผู้ที่รอดชีวิตต้องอยู่ต่อไปหลังจากฝังศพของ Vesemir เเละ Lambert แต่มีเวลาเพียงน้อยนิดสำหรับการไว้ทุกข์ อันตรายนั้นถูกขัดขวางได้เพียงชั่วคราวและพวกเขาจำเป็นต้องเตรียมตัวกับแผนการใหม่สำหรับการคุ้มครอง Ciri,การต่อสู้ที่ Kaer Morhen นั้นได้สิ้นสุดลงแล้ว ผู้ที่รอดชีวิตต้องอยู่ต่อไปหลังจากฝังศพของ Vesemir และ Lambert แต่มีเวลาเพียงน้อยนิดสำหรับการไว้ทุกข์ อันตรายนั้นถูกขัดขวางได้เพียงชั่วคราวและพวกเขาจำเป็นต้องเตรียมตัวกับแผนการใหม่สำหรับการคุ้มครอง Ciri
เ+เ → แ,text,"After examining all the evidence, Geralt decided the dwarf was at fault.<br>",หลังจากรวบรวมหลักฐานได้ทั้งหมด Garalt ตัดสินใจว่าเป็นความผิดของคนเเคระ,หลังจากรวบรวมหลักฐานได้ทั้งหมด Garalt ตัดสินใจว่าเป็นความผิดของคนแคระ
เ+เ → แ,text,Track down the bards using your Witcher Senses and recover your equipment.,ตามร่องรอยโดยใช้ Witcher Senses เเละ เอาอุปกรณ์คืนมา,ตามร่องรอยโดยใช้ Witcher Senses และ เอาอุปกรณ์คืนมา
เ+เ → แ,text,Find the stolen horn.,ตามหาเเตรที่ถูกขโมย,ตามหาแตรที่ถูกขโมย
เ+เ → แ,text,"The merchant Geralt found standing by the side of the road in White Orchard was extremely distraught. He had been hauling some precious goods to the Nilfgaardian camp when his horse spooked and veered off the road, pulling the merchant's cart with it and dumping the whole works in the foggy swamp outside the camp. The poor horse became trapped in the muck and soon was devoured by the monsters who inevitably lurk in such places. The merchant was understandably afraid to go retrieve his goods, and thus asked the witcher to do it for him - in return for a sizable reward.<br>",Geralt พบพ่อค้าที่อยู่ข้างถนนใน White Orchard ช่างน่าสงสัยจริงๆ เขาลากสิ่งของล้ำค่าไปยังค่าย Nilfgaardian เมื่อม้าของเขาส่ายและเลี้ยวออกจากถนน มันดึงรถเข็นของพ่อค้ามาด้วยและทิ้งของทั้งหมดลงในบึงหมอกนอกค่าย ม้าที่น่าสงสารติดหล่มอยู่ในโคลนและในไม่ช้าก็ถูกกินโดยสัตว์ประหลาดที่แฝงตัวอยู่ในสถานที่ดังกล่าวอย่างหลีกเลี่ยงไม่ได้ พ่อค้าคนนั้นกลัวที่จะเเข้าไปเก็บของของเขา เขาจึงขอให้ witcher ช่วยเขา - เพื่อแลกกับรางวัลใหญ่.<br>,Geralt พบพ่อค้าที่อยู่ข้างถนนใน White Orchard ช่างน่าสงสัยจริงๆ เขาลากสิ่งของล้ำค่าไปยังค่าย Nilfgaardian เมื่อม้าของเขาส่ายและเลี้ยวออกจากถนน มันดึงรถเข็นของพ่อค้ามาด้วยและทิ้งของทั้งหมดลงในบึงหมอกนอกค่าย ม้าที่น่าสงสารติดหล่มอยู่ในโคลนและในไม่ช้าก็ถูกกินโดยสัตว์ประหลาดที่แฝงตัวอยู่ในสถานที่ดังกล่าวอย่างหลีกเลี่ยงไม่ได้ พ่อค้าคนนั้นกลัวที่จะแข้าไปเก็บของของเขา เขาจึงขอให้ witcher ช่วยเขา - เพื่อแลกกับรางวัลใหญ่.<br>
เ+เ → แ,text,"Geralt found the frying pan and returned it to the old woman. She was overcome with joy and gratitude - not only did she have her precious cooking utensil back, but someone had scrubbed it clean for her as well!",Garalt เจอกะทะเเละได้นำมาคืนให้หญิงชรา นางรู้สึกปิติเเละขอบคุณมาก - ไม่เพียงเเต่จะได้กระทะคืน เเต่ยังมีคนทำความสะอาดมันให้ด้วย!,Garalt เจอกะทะและได้นำมาคืนให้หญิงชรา นางรู้สึกปิติและขอบคุณมาก - ไม่เพียงแต่จะได้กระทะคืน แต่ยังมีคนทำความสะอาดมันให้ด้วย!
เ+เ → แ,text,Find the other partners mentioned in the note and look for keys.,ตามหาหุ้นส่วนคนอื่นๆที่กล่าวถึงในบันทึกเเละค้นหากุญเเจ,ตามหาหุ้นส่วนคนอื่นๆที่กล่าวถึงในบันทึกและค้นหากุญแจ
เ+เ → แ,text,Phosphorescent crystal,ผลึกเรืองเเสง,ผลึกเรืองแสง
เ+เ → แ,text,Taken care of everything. Ready when you are.,ทุกสิ่งทุกอย่างเรียบร้อยเเล้ว พร้อมออกเดินทาง,ทุกสิ่งทุกอย่างเรียบร้อยแล้ว พร้อมออกเดินทาง
เ+เ → แ,text,Fearless Vampire Slayer,นักสังหารเเวมไพร์ผู้ไร้ซึ่งความกลัว,นักสังหารแวมไพร์ผู้ไร้ซึ่งความกลัว
เ+เ → แ,text,Oh you bugger!,โอ้ เเก ไอ้เวร!,โอ้ แก ไอ้เวร!
เ+เ → แ,text,Delicate key to a lockbox.,กุญเเจสำรองของกล่องนิรภัย,กุญแจสำรองของกล่องนิรภัย
เ+เ → แ,text,Key found on Arnvald's body. Looks like it would open a small chest.,เจอกุญเเจบนศพ Arnvald เหมือนเอาไว้เปิดหีบเล็ก,เจอกุญแจบนศพ Arnvald เหมือนเอาไว้เปิดหีบเล็ก
เ+เ → แ,text,"And if you did, why then I might be inclined to ask after Dandelion, establish what happened to him.",แล้วถ้าเจ้าช่วยข้าล่ะก็ข้าก็อาจจะช่วยเจ้าตามหาตัวแดนดิไลน์คืน... สืบดูว่าเกิดอะไรขึ้นกับเขากันเเน่...,แล้วถ้าเจ้าช่วยข้าล่ะก็ข้าก็อาจจะช่วยเจ้าตามหาตัวแดนดิไลน์คืน... สืบดูว่าเกิดอะไรขึ้นกับเขากันแน่...
เ+เ → แ,text,Only Geralt and Yennefer's daring jailbreak saved Margarita from certain execution.<br>,เพียงเเค่การแหกคุกที่กล้าหาญของ Geralt และ Yennefer เท่านั้นที่ช่วยให้ Margarita รอดชีวิตจากการถูกประหารชีวิต<br>,เพียงแค่การแหกคุกที่กล้าหาญของ Geralt และ Yennefer เท่านั้นที่ช่วยให้ Margarita รอดชีวิตจากการถูกประหารชีวิต<br>
เ+เ → แ,text,"When Geralt encountered a misshapen midget at the Bloody Baron's court, he didn't think much of it. Yet when he heard a similarly deformed being had washed up on Skellige's shores in the same boat in which Ciri and her mysterious companion had sailed off shortly prior, he connected the two at once. It was clear this rough-hewn hunk of flesh was the key to finding Cirilla.<br>",เมื่อ Geralt ได้พบกับคนแคระที่มีรูปร่างผิดปกติที่ที่อยู่ของ Baron ผู้เปื้อนเลือด เขาไม่ได้คิดอะไรมาก แต่เมื่อเขาได้ยินว่ารูปร่างผิดปกติที่คล้ายกันนั้นถูกซัดสาดไปบนชายฝั่งของ Skellige ในเรือลำเดียวกันที่ซึ่งคีรีและสหายลึกลับของเธอได้แล่นเรือออกไปก่อนหน้านี้ไม่นานเขาเกี่ยวข้องกับทั้งสองนี้เเน่นอน เห็นได้ชัดว่าก้อนเนื้อหยาบๆและไอ้ตัวนี้เป็นกุญแจสำคัญในการตามหา Cirilla เเน่นอน<br>,เมื่อ Geralt ได้พบกับคนแคระที่มีรูปร่างผิดปกติที่ที่อยู่ของ Baron ผู้เปื้อนเลือด เขาไม่ได้คิดอะไรมาก แต่เมื่อเขาได้ยินว่ารูปร่างผิดปกติที่คล้ายกันนั้นถูกซัดสาดไปบนชายฝั่งของ Skellige ในเรือลำเดียวกันที่ซึ่งคีรีและสหายลึกลับของเธอได้แล่นเรือออกไปก่อนหน้านี้ไม่นานเขาเกี่ยวข้องกับทั้งสองนี้แน่นอน เห็นได้ชัดว่าก้อนเนื้อหยาบๆและไอ้ตัวนี้เป็นกุญแจสำคัญในการตามหา Cirilla แน่นอน<br>
เ+เ → แ,text,"Nevertheless, Geralt still felt Nathaniel deserved death. At times I have thought Geralt too eager to play judge, jury and executioner - but this time, I took no issue with his actions.",อย่างไรก็ตาม Geralt ยังคงรู้สึกว่า Nathaniel นั้นสมควรได้รับความตาย ในบางครั้งข้าคิดว่า Geralt ก็กระตือรือร้นที่จะเล่นเป็นผู้พิพากษาคณะลูกขุนและเพชฌฆาต แต่คราวนี้ข้าก็ไม่มีปัญหากับการกระทำของเขาเเล้ว,อย่างไรก็ตาม Geralt ยังคงรู้สึกว่า Nathaniel นั้นสมควรได้รับความตาย ในบางครั้งข้าคิดว่า Geralt ก็กระตือรือร้นที่จะเล่นเป็นผู้พิพากษาคณะลูกขุนและเพชฌฆาต แต่คราวนี้ข้าก็ไม่มีปัญหากับการกระทำของเขาแล้ว
เ+เ → แ,text,"Madame Irina and the Foxen Present: The hottest Comedy of the Season!<br><br>A CHANGELING RESCUED, OR THE WITCHER'S TRIUMPH<br><br>Starring the Witcher himself!",มาดาม Irina และ Foxen ภูมิใจนำเสนอ: ละครตลกที่มาแรงในช่วงนี้!<br><br>การเเปลงโฉมช่วยชีวิตหรือชัยชนะของวิทเชอร์<br><br>นำเเสดงโดยวิทเชอร์ตัวจริงเสียงจริง!,มาดาม Irina และ Foxen ภูมิใจนำเสนอ: ละครตลกที่มาแรงในช่วงนี้!<br><br>การแปลงโฉมช่วยชีวิตหรือชัยชนะของวิทเชอร์<br><br>นำแสดงโดยวิทเชอร์ตัวจริงเสียงจริง!
เ+เ → แ,text,"Ill-fated love! Magic! Broken vows! Dopplers!<br><br>A CHANGELING RESCUED, OR THE WITCHER'S TRIUMPH<br><br>The newest spectacle by Madame Irina and the Foxen!",เรื่องราวของรักที่อาภัพ! เวทมนตร์! การผิดคำสาบาน! Dopplers!<br><br>การเเปลงโฉมช่วยชีวิตหรือชัยชนะของวิทเชอร์<br><br>ปรากฏการณ์ละครใหม่ล่าสุดโดย Madame Irina และ Foxen!,เรื่องราวของรักที่อาภัพ! เวทมนตร์! การผิดคำสาบาน! Dopplers!<br><br>การแปลงโฉมช่วยชีวิตหรือชัยชนะของวิทเชอร์<br><br>ปรากฏการณ์ละครใหม่ล่าสุดโดย Madame Irina และ Foxen!
เ+เ → แ,text,Found your men.,พบคนของท่านเเล้ว,พบคนของท่านแล้ว
เ+เ → แ,text,Use the lever to open the flood gates so you can continue further.,ใช้คันโยกเพื่อเปิดประตูที่น้ำท่วมเเล้วหาทางไปต่อ,ใช้คันโยกเพื่อเปิดประตูที่น้ำท่วมแล้วหาทางไปต่อ
เ+เ → แ,text,Increases Igni Sign intensity by $I$%.,เพิ่ม Igni ความรุนเเรงเวทย์ อีก $I$%,เพิ่ม Igni ความรุนแรงเวทย์ อีก $I$%
เ+เ → แ,text,Increases Aard Sign intensity by $I$%.,เพิ่ม Ard ความรุนเเรงเวทย์ อีก $I$%,เพิ่ม Ard ความรุนแรงเวทย์ อีก $I$%
เ+เ → แ,text,Increases Quen Sign intensity by $I$%.,เพิ่ม Quen ความรุนเเรงเวทย์ อีก $I$%,เพิ่ม Quen ความรุนแรงเวทย์ อีก $I$%
เ+เ → แ,text,Increases Yrden Sign intensity by $I$%.,เพิ่ม Yrden ความรุนเเรงเวทย์ อีก $I$%,เพิ่ม Yrden ความรุนแรงเวทย์ อีก $I$%
เ+เ → แ,text,Increases Axii Sign intensity by $I$%.,เพิ่ม Axii ความรุนเเรงเวทย์ อีก $I$%.,เพิ่ม Axii ความรุนแรงเวทย์ อีก $I$%.
เ+เ → แ,text,Each piece of medium armor increases Sign intensity by $I$% and Stamina regeneration by $I$%.,เกราะมีเดียมแต่ละชิ้นที่ใส่ เพิ่ม ความรุนเเรงเวทย์ $I$% และความเร็วในการฟื้นค่าพละกำลัง $I$%,เกราะมีเดียมแต่ละชิ้นที่ใส่ เพิ่ม ความรุนแรงเวทย์ $I$% และความเร็วในการฟื้นค่าพละกำลัง $I$%
เ+เ → แ,text,"Small unit, isolated area - might've gone at your men with pitchforks.",หน่วยทหารขนาดเล็กกับพื้นที่อันห่างไกลจากเมืองใหญ่ ทหารชายชาตรีของเจ้าอาจจะโดนคราด (อุปกรณ์ทำงานไร่) เสียบไปเเล้วก็ได้,หน่วยทหารขนาดเล็กกับพื้นที่อันห่างไกลจากเมืองใหญ่ ทหารชายชาตรีของเจ้าอาจจะโดนคราด (อุปกรณ์ทำงานไร่) เสียบไปแล้วก็ได้
เ+เ → แ,text,"Hm… I can add a sum, but not near that much.",อืม...ข้าเพิ่มเงินให้ได้นะ เเต่ไม่ได้มากขนาดนั้น,อืม...ข้าเพิ่มเงินให้ได้นะ แต่ไม่ได้มากขนาดนั้น
เ+เ → แ,text,"Pay up, Nilfgaardian. Don't have the slightest desire to debate with you.",จ่ายมา ไอ้คน Nifgaard ไม่มีอารมณ์มาเถียงกับเจ้าเเล้ว,จ่ายมา ไอ้คน Nifgaard ไม่มีอารมณ์มาเถียงกับเจ้าแล้ว
เ+เ → แ,text,Some days ago I sent a unit of scouts to the wood across the lake. None has returned.,เมื่อไม่กี่วันก่อน ข้าส่งคนออกไปตรวจป่าไม้ใกล้ทะเลสาบ เเต่ไม่ใครกลับมาเลยสักคน,เมื่อไม่กี่วันก่อน ข้าส่งคนออกไปตรวจป่าไม้ใกล้ทะเลสาบ แต่ไม่ใครกลับมาเลยสักคน
เ+เ → แ,text,Crossroads,ทางเเยก,ทางแยก
เ+เ → แ,text,Sign Intensity,ความรุนเเรงเวทย์,ความรุนแรงเวทย์
เ+เ → แ,text,You first. Then those bitches of the Lodge.,จัดการเจ้าก่อนเลย เเล้วจากนั้นก็เป็นพวกนังผู้หญิงสำส่อนของ the lodge,จัดการเจ้าก่อนเลย แล้วจากนั้นก็เป็นพวกนังผู้หญิงสำส่อนของ the lodge
เ+เ → แ,text,"Found your soldiers. Meaning, their bodies.",เจอกลุ่มทหารของเจ้าเเล้วล่ะ หมายถึง เป็นศพอ่ะนะ,เจอกลุ่มทหารของเจ้าแล้วล่ะ หมายถึง เป็นศพอ่ะนะ
เ+เ → แ,text,I helped her evacuate mages from Novigrad,ข้าเองเเหละ ที่ช่วยนางอพยพเหล่านักเวทย์ออกจากNovigrad,ข้าเองแหละ ที่ช่วยนางอพยพเหล่านักเวทย์ออกจากNovigrad
เ+เ → แ,text,Inventory Tabs,เเท็บสิ่งของ,แท็บสิ่งของ
เ+เ → แ,text,"I've stopped the bleeding. I need to collect my thoughts.<br><br>I could go for help. There's a village not far, I can hear dogs barking. But people would see what uniform I wear. They'd ask what I was doing in the swamps. They'd figure it out. They'd take everything, maybe kill me. This is Velen, after all.<br><br>I've lost a quart of blood. Maybe more. If the wound is still clean come dawn, I should pull through. I'll leave at daylight, maybe then the drowners won't attack. I'll bury the treasure and head to Novigrad. Should be able to find a decent man there to patch me up. Someone who won't ask questions. Who doesn't care if you're a deserter.<br><br>All that's left to me now is to pray that no one sees the tracks I left. That they don't follow the blood trail and find the treasure. But no one will come through here. I hope. Everything will be fine.",ข้าทำการหยุดเลือดแล้ว ข้าต้องคิดดีๆ<br><br>ข้าสามารถขอความช่วยเหลือได้ หมู่บ้านอยู่ไม่ไกลนัก ข้าได้ยินเสียงสุนัขเห่า แต่ชาวบ้านจะเห็นชุดของข้า พวกเขาจะถามว่าข้ามาทำอะไรในบึงแห่งนี้ พวกเขาจะรู้ และเอาทุกอย่างไป แล้วฆ่าข้า อย่างไรก็ตามนี่คือ Velen<br><br>ข้าสูญเสียเลือดไปมาก หากบาดแผลยังคงสะอาดอยู่จนถึงค่ำคืน ข้าคงจะผ่านไปได้ ข้าจะไปตอนกลางวัน พวก Drowners คงไม่โจมตีข้า ข้าฝังสมบัติและมุ่งหน้าไป Novigrad น่าจะหาคนที่สามารถดูแลแผลข้าได้ คนที่จะไม่ถามคำถาม และไม่สนใจทหารที่หนีทัพ<br><br>ข้าภาวนาว่าจะไม่มีผู้ใดเห็นร่องรอยที่ทิ้งไว้ จะไม่มีผู้ใดตามรอยเลือดและเจอสมบัติ เเละไม่มีใครผ่านมาตรงนี้ ข้าหวังว่าทุกอย่างจะเป็นไปด้วยดี,ข้าทำการหยุดเลือดแล้ว ข้าต้องคิดดีๆ<br><br>ข้าสามารถขอความช่วยเหลือได้ หมู่บ้านอยู่ไม่ไกลนัก ข้าได้ยินเสียงสุนัขเห่า แต่ชาวบ้านจะเห็นชุดของข้า พวกเขาจะถามว่าข้ามาทำอะไรในบึงแห่งนี้ พวกเขาจะรู้ และเอาทุกอย่างไป แล้วฆ่าข้า อย่างไรก็ตามนี่คือ Velen<br><br>ข้าสูญเสียเลือดไปมาก หากบาดแผลยังคงสะอาดอยู่จนถึงค่ำคืน ข้าคงจะผ่านไปได้ ข้าจะไปตอนกลางวัน พวก Drowners คงไม่โจมตีข้า ข้าฝังสมบัติและมุ่งหน้าไป Novigrad น่าจะหาคนที่สามารถดูแลแผลข้าได้ คนที่จะไม่ถามคำถาม และไม่สนใจทหารที่หนีทัพ<br><br>ข้าภาวนาว่าจะไม่มีผู้ใดเห็นร่องรอยที่ทิ้งไว้ จะไม่มีผู้ใดตามรอยเลือดและเจอสมบัติ และไม่มีใครผ่านมาตรงนี้ ข้าหวังว่าทุกอย่างจะเป็นไปด้วยดี
เ+เ → แ,text,Here you can take part in horse races.,ที่นี่เจ้าสามารถเข้าร่วมเเข่งม้าได้,ที่นี่เจ้าสามารถเข้าร่วมแข่งม้าได้
เ+เ → แ,text,Boat Races,เเข่งเรือ,แข่งเรือ
เ+เ → แ,text,"Bjarta, Asjbjorn's daughter, was hiding a Nilfgaardian castaway in her house. The Black One was killed on the spot and thrown into the sea and Bjarta will pay a fine in silver.<br><br>Remember that whoever helps an enemy of the isles, incurs the wrath of gods and is shamed.",Bjarta ลูกสาวของ Asjbjorn กำลังซ่อนตัวอยู่ในบ้านของนางที่ถูกลอยแพโดยพวก Nilfgaardian The Black One ถูกฆ่าตายในที่เกิดเหตุและถูกโยนลงไปในทะเลและ Bjarta จะจ่ายค่าปรับเป็นเงิน<br><br>จงจำไว้ว่าใครก็ตามที่ช่วยเหลือศัตรูของเกาะเเห่งนี้จะต้องได้รับความโกรธเกรี้ยวของพระเจ้าอย่างเเน่นอน,Bjarta ลูกสาวของ Asjbjorn กำลังซ่อนตัวอยู่ในบ้านของนางที่ถูกลอยแพโดยพวก Nilfgaardian The Black One ถูกฆ่าตายในที่เกิดเหตุและถูกโยนลงไปในทะเลและ Bjarta จะจ่ายค่าปรับเป็นเงิน<br><br>จงจำไว้ว่าใครก็ตามที่ช่วยเหลือศัตรูของเกาะแห่งนี้จะต้องได้รับความโกรธเกรี้ยวของพระเจ้าอย่างแน่นอน
เ+เ → แ,text,Diviner Hjort read a warning in the stars. Dark times are coming. Every son and daughter of clan Brokvar should give offerings to Freya and ask for her aid. Whoever does not fulfill this duty will be flogged on jarl Udalryk's orders.,Diviner Hjort อ่านคำเตือนในดวงดาว ยุคมืดกำลังจะมาเยือนเเล้ว บุตรชายและบุตรสาวเเห่งตระกูล Brokvar ทุกคนควรถวายเครื่องบูชาแก่เทพธิดา Freya และขอความช่วยเหลือจากนาง ใครก็ตามที่ไม่ปฏิบัติหน้าที่นี้จะถูกเฆี่ยนตามคำสั่งของ jarl Udalryk,Diviner Hjort อ่านคำเตือนในดวงดาว ยุคมืดกำลังจะมาเยือนแล้ว บุตรชายและบุตรสาวแห่งตระกูล Brokvar ทุกคนควรถวายเครื่องบูชาแก่เทพธิดา Freya และขอความช่วยเหลือจากนาง ใครก็ตามที่ไม่ปฏิบัติหน้าที่นี้จะถูกเฆี่ยนตามคำสั่งของ jarl Udalryk
เ+เ → แ,text,"The story of Geralt of Rivia has come to a close. You can continue traveling the world in search of witcher contracts and adventure - but everything will be as it was before the game's last chapter, and quests tied to the main story line will no longer be available.",เรื่องราวของ Geralt เเห่ง Rivia ได้สิ้นสุดลงแล้ว คุณสามารถเดินทางต่อไปทั่วโลกเพื่อค้นหาสัญญาและการผจญภัยของนักรบ - แต่ทุกสิ่งทุกอย่างจะเหมือนก่อนบทสุดท้ายของเกมและเควสที่เชื่อมโยงกับเรื่องหลักจะไม่สามารถใช้งานได้อีกต่อไป,เรื่องราวของ Geralt แห่ง Rivia ได้สิ้นสุดลงแล้ว คุณสามารถเดินทางต่อไปทั่วโลกเพื่อค้นหาสัญญาและการผจญภัยของนักรบ - แต่ทุกสิ่งทุกอย่างจะเหมือนก่อนบทสุดท้ายของเกมและเควสที่เชื่อมโยงกับเรื่องหลักจะไม่สามารถใช้งานได้อีกต่อไป
เ+เ → แ,text,Recipe for spicy chicken and pumpkin stew.,สูตรอาหารไก่เเซ่บเเละสตูว์ฟักทอง,สูตรอาหารไก่แซ่บและสตูว์ฟักทอง
เ+เ → แ,text,Only three out of ten boys survive the Trial of the Grasses and become witchers. The rest die in agony.,มีเพียงสามในสิบของเด็กที่จะรอดจากการทดสอบสารกลายพันธ์เเละกลายเป็น witcher ส่วนที่เหลือตายอย่างทุกข์ทรมาน,มีเพียงสามในสิบของเด็กที่จะรอดจากการทดสอบสารกลายพันธ์และกลายเป็น witcher ส่วนที่เหลือตายอย่างทุกข์ทรมาน
เ+เ → แ,text,"You have only a limited time to make some dialogue choices. Choose quickly, or else chance will decide for you.",คุณมีเวลา จำกัด ในการเลือกตัวเลือกการสนทนา เลือกอย่างรวดเร็วมิฉะนั้นโอกาสอื่นๆ จะตัดสินใจสำหรับคุณเเทน,คุณมีเวลา จำกัด ในการเลือกตัวเลือกการสนทนา เลือกอย่างรวดเร็วมิฉะนั้นโอกาสอื่นๆ จะตัดสินใจสำหรับคุณแทน
เ+เ → แ,text,"When you draw on a Place of Power, you receive an additional Ability Point. Places of Power can be found all over the world.",เมื่อคุณดึงพลังจากสถานที่เเห่งพลังอำนาจ คุณจะได้รับ Ability Point มากขึ้น สถานที่เเห่งพลังอำนาจสามารถพบได้ทั่วทุกมุมโลก,เมื่อคุณดึงพลังจากสถานที่แห่งพลังอำนาจ คุณจะได้รับ Ability Point มากขึ้น สถานที่แห่งพลังอำนาจสามารถพบได้ทั่วทุกมุมโลก
เ+เ → แ,text,"Life on the Continent and in the Skellige Isles is nasty, brutish and short. War lays waste to the land, and those it spares live in fear of the countless monsters lurking outside every town and village.<br><br>Monsters are shown with a silver health bar above their heads, indicating that you should fight them with your silver sword.",ชีวิตบนทวีปและในเกาะ Skellige เป็นที่น่ารังเกียจเเละโหดร้าย สงครามทำให้เสียดินและคนเหล่านั้นก็อาศัยอยู่ในความหวาดกลัวของเหล่ามอนสเตอร์ที่นับไม่ถ้วนที่ซุ่มซ่อนอยู่นอกเมืองและหมู่บ้านทุกแห่ง<br><br> มอนสเตอร์มีแถบสีเงินอยู่ด้านบนศีรษะแสดงให้เห็นว่าคุณควรต่อสู้กับพวกมันด้วย ดาบเงินของคุณ,ชีวิตบนทวีปและในเกาะ Skellige เป็นที่น่ารังเกียจและโหดร้าย สงครามทำให้เสียดินและคนเหล่านั้นก็อาศัยอยู่ในความหวาดกลัวของเหล่ามอนสเตอร์ที่นับไม่ถ้วนที่ซุ่มซ่อนอยู่นอกเมืองและหมู่บ้านทุกแห่ง<br><br> มอนสเตอร์มีแถบสีเงินอยู่ด้านบนศีรษะแสดงให้เห็นว่าคุณควรต่อสู้กับพวกมันด้วย ดาบเงินของคุณ
เ+เ → แ,text,"Read ""The Ladies of the Wood.""","อ่าน ""หญิงสาวเเห่งพงไพร""","อ่าน ""หญิงสาวแห่งพงไพร"""
เ+เ → แ,text,Help Hjalmar with his expedition to kill the giant of Undvik.,ช่วย Hjalmar กับการเดินทางของเขาที่จะฆ่ายักษ์เเห่ง Undvik,ช่วย Hjalmar กับการเดินทางของเขาที่จะฆ่ายักษ์แห่ง Undvik
เ+เ → แ,text,You can change Signs while parrying using the buttons for sheathing and drawing your swords.,คุณสามารถเปลี่ยน signs ได้ในขณะที่ปัดป้องโดยใช้ปุ่มสำหรับใส่ฝักและการกวัดเเกว่งดาบของคุณ,คุณสามารถเปลี่ยน signs ได้ในขณะที่ปัดป้องโดยใช้ปุ่มสำหรับใส่ฝักและการกวัดแกว่งดาบของคุณ
เ+เ → แ,text,"Nearly all potions, bombs and oils can be upgraded.",เกือบทั้งหมดของ น้ำยา ระเบิดเเละน้ำมันสามารถอัพเกรดได้,เกือบทั้งหมดของ น้ำยา ระเบิดและน้ำมันสามารถอัพเกรดได้
เ+เ → แ,text,Whetstones and armorer's tools let you repair your items without having to visit a craftsman.,หินลับมีดเเละชุดเกราะ ช่วยให้คุณซ่อมแซมสิ่งของของคุณโดยไม่ต้องไปที่ช่างฝีมือ,หินลับมีดและชุดเกราะ ช่วยให้คุณซ่อมแซมสิ่งของของคุณโดยไม่ต้องไปที่ช่างฝีมือ
เ+เ → แ,text,A torch can help lighten the gloom of the world's murky places. The Cat potion is also useful in this regard - it allows you to see in even pitch blackness.,คบเพลิงสามารถช่วยคุณจากความมืดของสถานที่มืดมนบนโลก Potion Cat นั้นก็มีมีประโยชน์ในเรื่องนี้เช่นกัน - มันช่วยให้คุณมองเห็นเเม้ในที่มืดสนิท,คบเพลิงสามารถช่วยคุณจากความมืดของสถานที่มืดมนบนโลก Potion Cat นั้นก็มีมีประโยชน์ในเรื่องนี้เช่นกัน - มันช่วยให้คุณมองเห็นแม้ในที่มืดสนิท
เ+เ → แ,text,Most elements of witcher gear have three upgrade levels. Each upgrade changes the equipment's appearance and traits.,องค์ประกอบส่วนใหญ่ของ witcher gear มีสามระดับให้อัพเกรด เเต่ละการอัพเกรดจะมีการเปลี่ยนเเปลงภาพลักษณ์เเละคุณสมบัติพิเศษของอุปกรณ์,องค์ประกอบส่วนใหญ่ของ witcher gear มีสามระดับให้อัพเกรด แต่ละการอัพเกรดจะมีการเปลี่ยนแปลงภาพลักษณ์และคุณสมบัติพิเศษของอุปกรณ์
เ+เ → แ,text,Follow the clues on the map to find some witcher gear.,ตามร่องรอยบนเเผนที่เพื่อหาอุปกรณ์ของ Witcher,ตามร่องรอยบนแผนที่เพื่อหาอุปกรณ์ของ Witcher
เ+เ → แ,text,Curator of Nightmares,ภัณฑารักษ์เเห่งฝันร้าย,ภัณฑารักษ์แห่งฝันร้าย
เ+เ → แ,text,Defeat all the fallen knights and loot their campsites.,เอาชนะอศวินผู้พ่ายเเพ้ทั้งหมดเเละปล้นเเคมป์ของพวกเขา,เอาชนะอศวินผู้พ่ายแพ้ทั้งหมดและปล้นแคมป์ของพวกเขา
เ+เ → แ,text,Drawing of the Beast of Toussaint.,ภาพวาดของสัตว์ร้ายเเห่ง Toussaint,ภาพวาดของสัตว์ร้ายแห่ง Toussaint
เ+เ → แ,text,Looking to hire a strong-backed lad to work in my vineyard.<br><br>Jean-Christophe Bourbeau,กำลังมองหาที่จะจ้างเด็กหนุ่มที่แข็งเเรงให้ไปทำงานในไร่องุ่นของข้าอยู่น่ะ<br><br> Jean-Christophe Bourbeau,กำลังมองหาที่จะจ้างเด็กหนุ่มที่แข็งแรงให้ไปทำงานในไร่องุ่นของข้าอยู่น่ะ<br><br> Jean-Christophe Bourbeau
เ+เ → แ,text,Archespores'll sprout again. Should destroy the area if I wanna get rid of them for good.,Archespores จะเเตกหน่อใหม่อีกครั้ง ควรทำลายพื้นที่บริเวณนี้หากข้าต้องการกำจัดพวกมันอย่างถาวร,Archespores จะแตกหน่อใหม่อีกครั้ง ควรทำลายพื้นที่บริเวณนี้หากข้าต้องการกำจัดพวกมันอย่างถาวร
เ+เ → แ,text,"Caroline Satire<br>”Just what don’t you f***ing understand, you f***ing c**?!” she said to her cat when it refused to fetch a stick, working her into a fatal rage",Caroline จอมถากถาง<br>” เเกไม่เข้าใจ ค**ไรเลย เเกไอ้หัวค** ไอ้เ*ี้*!” นางพูดกับเเมวของนางเมื่อมันไม่ยอมไปเอาไม้เท้ามาให้นาง การกระทำของนางกลายเป็นความบ้าคลั่งที่ทำให้ถึงตาย,Caroline จอมถากถาง<br>” แกไม่เข้าใจ ค**ไรเลย แกไอ้หัวค** ไอ้เ*ี้*!” นางพูดกับแมวของนางเมื่อมันไม่ยอมไปเอาไม้เท้ามาให้นาง การกระทำของนางกลายเป็นความบ้าคลั่งที่ทำให้ถึงตาย
เ+เ → แ,text,"Raphaël de Jean<br>""The new recruits always march in the front lines.”","Raphaël de Jean<br>""ทหารเกณฑ์ใหม่เดินทัพเเน้วหน้าเสมอ""","Raphaël de Jean<br>""ทหารเกณฑ์ใหม่เดินทัพแน้วหน้าเสมอ"""
เ+เ → แ,text,Michel Tauste<br>Architect of the impossible,Michel Tauste<br>สถาปนิกเเห่งความเป็นไปไม่ได้,Michel Tauste<br>สถาปนิกแห่งความเป็นไปไม่ได้
เ+เ → แ,text,Martin Blanche<br>Head of the Beauclair League of Bards,Martin Blanche<br>หัวหน้ากลุ่มสหพันธ์เเห่งกวีเเห่ง Beauclair,Martin Blanche<br>หัวหน้ากลุ่มสหพันธ์แห่งกวีแห่ง Beauclair
เ+เ → แ,text,"My Darling François,<br><br>Already a week has passed since my eyes last behold your fair visage, my beloved! I know important knightly matters keep you, yet pray tell, my sweet, how you can bear the horrible agony of our separation?<br>Mama asks every day when you shall next pay us a visit! And papa says he simply cannot wait until you at last kneel before him and ask for my hand.<br><br>I explain to him how horribly busy you are... but in truth, I, too, desire with all my heart and strength to see you kneel so and tell you, at long last: Yes! A thousand times yes!<br><br>Yours always and forever,<br> Jaquette",ที่รักของข้า François<br><br> เมื่อหนึ่งสัปดาห์ผ่านไปตั้งแต่ที่สายตาของข้าเห็นใบหน้าอันอ่อนโยนของเจ้า ที่รักของข้า! ข้ารู้ดีว่าเรื่องอัศวินสำคัญมีความสำคัญต่อเจ้า ได้แต่อธิษฐานบอกข้าว่าที่รักเจ้าจะรับความเจ็บปวดอันน่ากลัวจากการแยกกันของเราได้อย่างไร<br> ท่านแม่ถามทุกวันว่าเมื่อไรเจ้าจะมาเยี่ยมเราอีกครั้ง! และท่านพ่อบอกว่าเขาไม่สามารถรอจนกว่าเจ้าจะคุกเข่าลงตรงหน้าเขาในที่สุดและขอจูงมือของข้า<br><br> ข้าอธิบายให้เขาฟังว่าเจ้ายุ่งมากแค่ไหน ... แต่ในความเป็นจริงข้าก็ปรารถนาทุกอย่างด้วยดวงใจและเเรงกายของข้า ที่จะได้เห็นเจ้าคุกเข่าลงและพุดว่าเจ้าคือคนสุดท้าย: ใช่! นับพันครั้งเลย!<br><br> รักเจ้าเสมอและตลอดไป<br> Jaquette,ที่รักของข้า François<br><br> เมื่อหนึ่งสัปดาห์ผ่านไปตั้งแต่ที่สายตาของข้าเห็นใบหน้าอันอ่อนโยนของเจ้า ที่รักของข้า! ข้ารู้ดีว่าเรื่องอัศวินสำคัญมีความสำคัญต่อเจ้า ได้แต่อธิษฐานบอกข้าว่าที่รักเจ้าจะรับความเจ็บปวดอันน่ากลัวจากการแยกกันของเราได้อย่างไร<br> ท่านแม่ถามทุกวันว่าเมื่อไรเจ้าจะมาเยี่ยมเราอีกครั้ง! และท่านพ่อบอกว่าเขาไม่สามารถรอจนกว่าเจ้าจะคุกเข่าลงตรงหน้าเขาในที่สุดและขอจูงมือของข้า<br><br> ข้าอธิบายให้เขาฟังว่าเจ้ายุ่งมากแค่ไหน ... แต่ในความเป็นจริงข้าก็ปรารถนาทุกอย่างด้วยดวงใจและแรงกายของข้า ที่จะได้เห็นเจ้าคุกเข่าลงและพุดว่าเจ้าคือคนสุดท้าย: ใช่! นับพันครั้งเลย!<br><br> รักเจ้าเสมอและตลอดไป<br> Jaquette
เ+เ → แ,text,"Madeleine Ziche<br><br>Died hunched over her ledger, muttering, “Just one more table”",Madeleine Ziche<br><br> เสียชีวิตจากลางสังหรณ์บนหลุมฝังศพของนาง นางพึมพำว่า “ ก็เเค่มีเเผ่นจารึกเพิ่มอีกอัน ”,Madeleine Ziche<br><br> เสียชีวิตจากลางสังหรณ์บนหลุมฝังศพของนาง นางพึมพำว่า “ ก็แค่มีแผ่นจารึกเพิ่มอีกอัน ”
เ+เ → แ,text,"Michel Madeille<br><br>Knight<br><br>Fought battles on many fronts, but returned to croak in his homeland’s bosom",Michel Madeille<br><br>อัศวิน<br><br>สู้ศึกสงครามมามากมายหลายด้าน เเต่กลับมาตายตรงร่องอกในบ้านเกิดของเขา,Michel Madeille<br><br>อัศวิน<br><br>สู้ศึกสงครามมามากมายหลายด้าน แต่กลับมาตายตรงร่องอกในบ้านเกิดของเขา
เ+เ → แ,text,Matthias l'Inutile<br><br>Came to Beauclair penniless.<br>Died a rich man’s death.,Matthias l'Inutile<br><br> มาถึง Beauclair เเบบถังเเตก<br> ตายตามคนรวยไปเเล้ว,Matthias l'Inutile<br><br> มาถึง Beauclair แบบถังแตก<br> ตายตามคนรวยไปแล้ว
เ+เ → แ,text,Hearts of Stone and Blood and Wine,Hearts of Stone เเละ Blood and Wine,Hearts of Stone และ Blood and Wine
เ+เ → แ,text,QUEST & STORY ASSOCIATE PRODUCER,ผู้ร่วมผลิตเควสเเละเรื่องราว,ผู้ร่วมผลิตเควสและเรื่องราว
เ+เ → แ,text,ADDITIONAL GAMEPLAY ANIMATION,การสร้างเกมเเละแอนิเมชันเพิ่มเติม,การสร้างเกมและแอนิเมชันเพิ่มเติม
เ+เ → แ,text,Guess the cage was as fake as the basilisk.,ดูเหมือนว่ากรงขังนั่นก็ปลอมเหมือนกับ Basilisk นั่นเเหละ,ดูเหมือนว่ากรงขังนั่นก็ปลอมเหมือนกับ Basilisk นั่นแหละ
เ+เ → แ,text,Yennefer of Vengerberg. Where was she headed?,Yennefer เเห่ง Vengerberg นางมุ่งหน้าไปทางไหน?,Yennefer แห่ง Vengerberg นางมุ่งหน้าไปทางไหน?
เ+เ → แ,text,"Meeting a boy. The young, you know… do foolish things for love.",นางนัดกับหนุ่มไว้ พวกเด็กๆ ก็เป็นแบบนี้เเหละ เจ้าก็รู้... ชอบทำอะไรโง่ๆ เวลามีความรัก,นางนัดกับหนุ่มไว้ พวกเด็กๆ ก็เป็นแบบนี้แหละ เจ้าก็รู้... ชอบทำอะไรโง่ๆ เวลามีความรัก
เ+เ → แ,text,A camp?,เเคมป์งั้นเหรอ?,แคมป์งั้นเหรอ?
เ+เ → แ,text,"By the wood? Boyan Klimmick's. Good lad, master witcher, though he…",ตรงชายป่าหรือขอรับ? ของ Boyan Klimmick ขอรับ เป็นคนดีเลยเเหละ แต่ว่า...,ตรงชายป่าหรือขอรับ? ของ Boyan Klimmick ขอรับ เป็นคนดีเลยแหละ แต่ว่า...
เ+เ → แ,text,"Now the ealdorman don't use the privy without askin' the Black Ones' permission first. And seems they hanged the lord… So, no contract.",เดี๋ยวนี้หัวหน้าหมู่บ้านไม่สามารถทำอะไรได้ถ้าไม่ขอพวก Black Ones ก่อน <br>และเท่าที่เขารู้ตอนนี้พวกมันจับพวกเจ้าเมืองแขวนคอ... ดังนั้น... คงยังไม่มีการว่าจ้างใดๆ  ทั้งนั้นเเหละ,เดี๋ยวนี้หัวหน้าหมู่บ้านไม่สามารถทำอะไรได้ถ้าไม่ขอพวก Black Ones ก่อน <br>และเท่าที่เขารู้ตอนนี้พวกมันจับพวกเจ้าเมืองแขวนคอ... ดังนั้น... คงยังไม่มีการว่าจ้างใดๆ  ทั้งนั้นแหละ
เ+เ → แ,text,Took 'em down.,ข้าปลดมันออกเเล้ว,ข้าปลดมันออกแล้ว
เ+เ → แ,text,Strange… she's not attacking.,เเปลกมาก... นางไม่โจมตี,แปลกมาก... นางไม่โจมตี
เ+เ → แ,text,"Who would've thought. But… I want to find his body, at least. So Bastien don't rot there in the sun with the Black Ones.",ใครจะคิดล่ะ แต่... ข้าอยากจะหาร่างของเขาให้เจอ เเละอีกอย่าง Bastien ไม่ควรจะถูกปล่อยให้นอนเน่ากับพวก Black One พวกนั้น,ใครจะคิดล่ะ แต่... ข้าอยากจะหาร่างของเขาให้เจอ และอีกอย่าง Bastien ไม่ควรจะถูกปล่อยให้นอนเน่ากับพวก Black One พวกนั้น
เ+เ → แ,text,"Never taken on a pan contract… Fine, I'll go in, look around.",ไม่เคยรับงานหากระทะมากก่อนซะด้วยสิ... ก็ได้ ข้าจะไปดูรอบๆ ให้เเล้วกัน,ไม่เคยรับงานหากระทะมากก่อนซะด้วยสิ... ก็ได้ ข้าจะไปดูรอบๆ ให้แล้วกัน
เ+เ → แ,text,"Found the pan, have ye?",เจอกระทะเเล้วเหรอ ใช่ของยายหรือเปล่า?,เจอกระทะแล้วเหรอ ใช่ของยายหรือเปล่า?
เ+เ → แ,text,Bleeding… but not badly. Surface wound.,เลือดออก... แต่ไม่หนักเท่าไร แผลเเค่ถากๆ,เลือดออก... แต่ไม่หนักเท่าไร แผลแค่ถากๆ
เ+เ → แ,text,"Must be the comrade of the fellow from Faroe. Hm, odd. Looks like he died of old age, not because a nekker ripped him apart.",ต้องเป็นเพื่อนของไอ้หมอนั่นที่มาจาก Faroe เเน่ๆ ฮึ่ม เเปลกเเฮะ เหมือนเขาจะตายเพราะวัยชรามากกว่า ไม่ได้ตายเพราะ Nekker ฉีกเขาเป็นชิ้นๆ,ต้องเป็นเพื่อนของไอ้หมอนั่นที่มาจาก Faroe แน่ๆ ฮึ่ม แปลกแฮะ เหมือนเขาจะตายเพราะวัยชรามากกว่า ไม่ได้ตายเพราะ Nekker ฉีกเขาเป็นชิ้นๆ
เ+เ → แ,text,"The witcher'll help, right? You shan't let us down.",วิทเชอร์จะช่วยเราใช่ไหม? ท่านคงไม่ปล่อยให้เราเศร้าโศกเเบบนี้หรอกนะ,วิทเชอร์จะช่วยเราใช่ไหม? ท่านคงไม่ปล่อยให้เราเศร้าโศกแบบนี้หรอกนะ
เ+เ → แ,text,Faroe folk - dumb as stumps.,ไอ้พวกชาว Faroe - โง่เเละหัวเเข็งเป็นตอจริงๆเลย,ไอ้พวกชาว Faroe - โง่และหัวแข็งเป็นตอจริงๆเลย
เ+เ → แ,text,That hunter - could he be right? Maybe it was just wolves.,นายพรานคนนั้นเขาอาจจะพูดถูกก็ได้นะ? บางทีมันอาจจะเป็นเเค่หมาป่าก็ได้,นายพรานคนนั้นเขาอาจจะพูดถูกก็ได้นะ? บางทีมันอาจจะเป็นแค่หมาป่าก็ได้
เ+เ → แ,text,"Ach, doesn't matter. That lot's not to be trusted, either.",อ๊ะ ไม่สำคัญหรอก พวกนั้นก็ไม่น่าเชื่อถือเหมือนกันน่ะเเหละ,อ๊ะ ไม่สำคัญหรอก พวกนั้นก็ไม่น่าเชื่อถือเหมือนกันน่ะแหละ
เ+เ → แ,text,"Uhh… ah, well ye see, first I sailed from Faroe to Svorlag. Traded some loot from the Continent for hides there, then came here.",เอ่อ...อา ท่านพูดถูกเเล้ว ตอนเเรกข้าล่องเรือจาก Faroe จนมาถึง Savorlag เพื่อค้าขายบางอย่างที่เก็บมาได้จากเเผ่นดินใหญ่นะเเ้วก็หนังสัตว์จากที่นั่นด้วย หลังจากนั้นข้าก็มาถึงที่นี่,เอ่อ...อา ท่านพูดถูกแล้ว ตอนแรกข้าล่องเรือจาก Faroe จนมาถึง Savorlag เพื่อค้าขายบางอย่างที่เก็บมาได้จากแผ่นดินใหญ่นะแ้วก็หนังสัตว์จากที่นั่นด้วย หลังจากนั้นข้าก็มาถึงที่นี่
เ+เ → แ,text,Me and my mate were on our way here to Fyresdal with a cart full o' hides.,ข้าเเละเพื่อนของข้ากำลังเดินทางมาที่นี่เพื่อมาที่ Fyresdal กับเกวียนที่เต็มไปด้วยหนังสัตว์,ข้าและเพื่อนของข้ากำลังเดินทางมาที่นี่เพื่อมาที่ Fyresdal กับเกวียนที่เต็มไปด้วยหนังสัตว์
เ+เ → แ,text,"Suddenly we heard a screech. Our horse got spooked, started kickin' - and then, monsters jumped out o' the bushes!",ทันใดนั้นเราก็ได้ยินเสียงกรีดร้อง ม้าของเรากลัวเเละตกใจ - เเล้วจากนั้นสัตว์ประหลาดก็กระโดดดออกมาจากพุ่มไม้!,ทันใดนั้นเราก็ได้ยินเสียงกรีดร้อง ม้าของเรากลัวและตกใจ - แล้วจากนั้นสัตว์ประหลาดก็กระโดดดออกมาจากพุ่มไม้!
เ+เ → แ,text,"You know, sharp claws, animal skulls on their heads, attack in swarms…",เจ้าก็รู้หนิ กรงเล็บเเหลมคม มีกระโหลกของสัตว์อยู่บนหัวของพวกมัน เเละเข้าจู่โจมเป็นฝูง...,เจ้าก็รู้หนิ กรงเล็บแหลมคม มีกระโหลกของสัตว์อยู่บนหัวของพวกมัน และเข้าจู่โจมเป็นฝูง...
เ+เ → แ,text,"Hm, don't know. You lost your transport, so I don't see how you're going to pay me. And I don't work for free.",หึ่ม.. ไม่รู้สิ เจ้าเสียรถขนสินค้าของเจ้า เเล้วยังไม่รู้เลยว่าเจ้าจะจ่ายให้ข้าเท่าไร เเละข้าไม่ได้ทำงานให้ฟรีๆ,หึ่ม.. ไม่รู้สิ เจ้าเสียรถขนสินค้าของเจ้า แล้วยังไม่รู้เลยว่าเจ้าจะจ่ายให้ข้าเท่าไร และข้าไม่ได้ทำงานให้ฟรีๆ
เ+เ → แ,text,Grand! Knew a witcher wouldn't let me down. Not like some waffly prick from Clan Drumdond…,สวย! รู้อยู่เเล้วว่าวิทเชอร์จะไม่ทำให้ข้าผิดหวัง ข้าไม่ค่อยชอบคำพูดทิ่มเเทงของพวกเผ่า Drumdond เท่าไรเลย…,สวย! รู้อยู่แล้วว่าวิทเชอร์จะไม่ทำให้ข้าผิดหวัง ข้าไม่ค่อยชอบคำพูดทิ่มแทงของพวกเผ่า Drumdond เท่าไรเลย…
เ+เ → แ,text,But it's also got lockjaw and a warped spine… like it might've died of tetanus.,แต่มันมีรอยเเผลบาดทะยักและกระดูกสันหลังที่โค้งงอ ... เหมือนว่ามันน่าจะตายเพราะโรคบาดทะยักนะ,แต่มันมีรอยแผลบาดทะยักและกระดูกสันหลังที่โค้งงอ ... เหมือนว่ามันน่าจะตายเพราะโรคบาดทะยักนะ
เ+เ → แ,text,The plot thickens.,เรื่องมันชักจะเข็มข้นเเล้ว,เรื่องมันชักจะเข็มข้นแล้ว
เ+เ → แ,text,Then nothin. Never you mind. This here's a job for a witcher.,จากนั้นไม่มีอะไรเเล้ว เจ้าไม่ต้องไปใส่ใจหรอก นี่เป็นงานสำหรับวิทเชอร์ต่างหาก,จากนั้นไม่มีอะไรแล้ว เจ้าไม่ต้องไปใส่ใจหรอก นี่เป็นงานสำหรับวิทเชอร์ต่างหาก
เ+เ → แ,text,We kill dangerous monsters so the thinking ones can live in peace.,เราฆ่าเเค่สัตว์ประหลาดที่เป็นอันตรายเท่านั้น ไม่ได้ฆ่าตัวที่ใช้ชีวิตอยู่อย่างสันติ,เราฆ่าแค่สัตว์ประหลาดที่เป็นอันตรายเท่านั้น ไม่ได้ฆ่าตัวที่ใช้ชีวิตอยู่อย่างสันติ
เ+เ → แ,text,"A just witcher, a kind witcher - a lying witcher, he feigns it all! All humans lie!",ก็เเค่วิทเชอร์ วิทเชอร์ใจบุญ วิทเชอร์ที่โกหก มันเสเเสร้งทั้งหมด! มนุษย์ทุกคนโกหก!,ก็แค่วิทเชอร์ วิทเชอร์ใจบุญ วิทเชอร์ที่โกหก มันเสแสร้งทั้งหมด! มนุษย์ทุกคนโกหก!
เ+เ → แ,text,Let it rest! This is not the way. Ye shan't bring Addalia back.,หยุดได้เเล้ว! นี่ไม่ใช่หนทางที่เจ้าจะนำ Addalia กลับคืนมาได้หรอกนะ,หยุดได้แล้ว! นี่ไม่ใช่หนทางที่เจ้าจะนำ Addalia กลับคืนมาได้หรอกนะ
เ+เ → แ,text,"It's a right shame. He was different, once. Should never 'ave let him talk us into this.",มันเป็นความอัปยศที่เหมาะสมเเล้ว เขาแตกต่างออกไป ไม่น่าปล่อยให้เขาพูดกับเราเเบบนี้เลย,มันเป็นความอัปยศที่เหมาะสมแล้ว เขาแตกต่างออกไป ไม่น่าปล่อยให้เขาพูดกับเราแบบนี้เลย
เ+เ → แ,text,"Well, we've had our little heart-to-heart, witcher to witcher. What now?",เอาละ เรามาคุยกันแบบ ใจถึงใจกันดีกว่า เเบบวิทเชอร์ถึงวิทเชอร์  ตอนนี้อะไรอีกล่ะ?,เอาละ เรามาคุยกันแบบ ใจถึงใจกันดีกว่า แบบวิทเชอร์ถึงวิทเชอร์  ตอนนี้อะไรอีกล่ะ?
เ+เ → แ,text,"You're back! I thought… thought you'd not return! That he'd hurt you, too!",ท่านกลับมาแล้ว! ข้าคิดว่า… คิดว่าท่านจะไม่กลับมาซะเเล้ว! คิดว่าท่านโดนทำร้ายไปด้วย!,ท่านกลับมาแล้ว! ข้าคิดว่า… คิดว่าท่านจะไม่กลับมาซะแล้ว! คิดว่าท่านโดนทำร้ายไปด้วย!
เ+เ → แ,text,"My daughter Cirilla… she's returned, and she's in danger. The Wild Hunt pursues her.",ลูกสาวข้า Cirilla... นางกลับมาเเล้ว และนางกำลังตกอยู่ในอันตราย พวก Wild Hunt กำลังตามล่านางอยู่,ลูกสาวข้า Cirilla... นางกลับมาแล้ว และนางกำลังตกอยู่ในอันตราย พวก Wild Hunt กำลังตามล่านางอยู่
เ+เ → แ,text,"{Esse'sidh avside aep feansa neen math theenk. Neen cofhurtail an ennv pa vall. } [Straddling the fence - foolish idea. Not only uncomfortable, but one is liable to fall.]",{Esse'sidh avside aep feansa neen math theenk. Neen cofhurtail an ennv pa vall. } [คร่อมรั้ว - ความคิดโง่ๆ ไม่เพียงเเต่จะอึดอัด แต่มันมีแนวว่าจะตกด้วย],{Esse'sidh avside aep feansa neen math theenk. Neen cofhurtail an ennv pa vall. } [คร่อมรั้ว - ความคิดโง่ๆ ไม่เพียงแต่จะอึดอัด แต่มันมีแนวว่าจะตกด้วย]
เ+เ → แ,text,Enough about that. Mind if we change the subject?,พอได้เเล้ว ข้าคิดว่าถ้าเราเปลี่ยนเรื่องคุย?,พอได้แล้ว ข้าคิดว่าถ้าเราเปลี่ยนเรื่องคุย?
เ+เ → แ,text,"I watched her get in the megascope, but ultimately freed her… from the trap your man Letho of Gulet had set. Write that down. I wanna be sure the paperwork's in order now.",ข้าดูนางผ่าน Megascope แต่ในที่สุดก็ปลดพันธนาการนาง... จากกับดักของเจ้าที่ Letho เเห่ง Gulet คนของของพวกท่านได้วางไว้  บันทึกสิ่งที่ข้าพูดออกให้ดี ข้าต้องมั่นใจว่าเอกสารนี้ถูกต้องตามที่ข้ากล่าวมา,ข้าดูนางผ่าน Megascope แต่ในที่สุดก็ปลดพันธนาการนาง... จากกับดักของเจ้าที่ Letho แห่ง Gulet คนของของพวกท่านได้วางไว้  บันทึกสิ่งที่ข้าพูดออกให้ดี ข้าต้องมั่นใจว่าเอกสารนี้ถูกต้องตามที่ข้ากล่าวมา
เ+เ → แ,text,"A Changeling Rescued, or the Witcher's Triumph.",การเเปลงโฉมช่วยชีวิต หรือชัยชนะของวิทเชอร์,การแปลงโฉมช่วยชีวิต หรือชัยชนะของวิทเชอร์
เ+เ → แ,text,Who's playing the Witcher?,เเล้วใครจะรับบทเป็นวิทเชอร์ล่ะ?,แล้วใครจะรับบทเป็นวิทเชอร์ล่ะ?
เ+เ → แ,text,"Ah... My child will pity her love, this beast.",เฮ้อ ลูกของข้าคงต้องเสียใจเเน่ ที่นางไปรักกับสัตว์ร้ายตนนี้เข้า,เฮ้อ ลูกของข้าคงต้องเสียใจแน่ ที่นางไปรักกับสัตว์ร้ายตนนี้เข้า
เ+เ → แ,text,"Its title: ""A Changeling Rescued, or the Witcher's Triumph.""","ชื่อของละครเรื่องนี้ก็คือ ""การเเปลงโฉมช่วยชีวิตหรือชัยชนะของ วิทเชอร์""","ชื่อของละครเรื่องนี้ก็คือ ""การแปลงโฉมช่วยชีวิตหรือชัยชนะของ วิทเชอร์"""
เ+เ → แ,text,Tough luck. Fair enough.,ขอให้ทุกท่านโชคดีและเเข็งแรง,ขอให้ทุกท่านโชคดีและแข็งแรง
เ+เ → แ,text,"Aye, he did. Awaitin' your word.",ใช่ เขาส่งเรามา รอคำตอบของเจ้าเนี่ยเเหละ,ใช่ เขาส่งเรามา รอคำตอบของเจ้าเนี่ยแหละ
เ+เ → แ,text,"Why? Truth be told they're awfully similar. Both about maintaining a net of informers, being tough in negotiations, bribing officials… the occasional assassination. Same old shit.",ทำไมล่ะ? เอาจริงๆ มันก็เหมือนกันเเหละ ทั้งสองอาชีพต่างก็ต้องมีเครือข่ายข้อมูล...<br>อยู่ในย่านที่มีเพื่อนบ้านโหดๆ ...มีการติดสินบนเจ้าหน้าที่...มีการลอบสังหารในบางครั้ง..ก็เรื่องเดิมๆ นั่นแหละ,ทำไมล่ะ? เอาจริงๆ มันก็เหมือนกันแหละ ทั้งสองอาชีพต่างก็ต้องมีเครือข่ายข้อมูล...<br>อยู่ในย่านที่มีเพื่อนบ้านโหดๆ ...มีการติดสินบนเจ้าหน้าที่...มีการลอบสังหารในบางครั้ง..ก็เรื่องเดิมๆ นั่นแหละ
เ+เ → แ,text,"It's a comedy - a ghoul could play the prince. Lighten up, for gods' sake.",มันน่าขำ - เหมือนเอา Ghoul มาเล่นเป็นเจ้าชายนั่นเเหละ เห็นแก่พระเจ้าสิเจ้าเข้าใจป่ะ,มันน่าขำ - เหมือนเอา Ghoul มาเล่นเป็นเจ้าชายนั่นแหละ เห็นแก่พระเจ้าสิเจ้าเข้าใจป่ะ
เ+เ → แ,text,Silver cylinder… Bottom looks like what I found in the sewer…,กระบอกเงิน ก้นมันดูเหมือนกับอันที่ข้าเจอในท่อระบายน้ำเลยเเฮะ,กระบอกเงิน ก้นมันดูเหมือนกับอันที่ข้าเจอในท่อระบายน้ำเลยแฮะ
เ+เ → แ,text,Here's where we split up. Go see Menge. Merigold'll be next door.,แยกกันตรงนี้แหละ เจ้าไปหา Menge ได้เเล้วส่วน Merigold จะไปอีกประตูนึง.,แยกกันตรงนี้แหละ เจ้าไปหา Menge ได้แล้วส่วน Merigold จะไปอีกประตูนึง.
เ+เ → แ,text,She marry for the gold?,นางเเต่งงานเพื่อเงินรึ?,นางแต่งงานเพื่อเงินรึ?
เ+เ → แ,text,That should do it. Keep close.,นั่นเเหละสิ่งที่ควรทำ ทำต่อไป,นั่นแหละสิ่งที่ควรทำ ทำต่อไป
เ+เ → แ,text,One last farewell.,นี่คงเป็นการร่ำลาครั้งสุดท้ายเเล้ว,นี่คงเป็นการร่ำลาครั้งสุดท้ายแล้ว
เ+เ → แ,text,"Fine… Just you, then. The rest stay here with Anna.",ได้...แค่เจ้าคนเเดียวนะ ที่เหลือให้รออยู่ด้านนอกดู Anna ไว้,ได้...แค่เจ้าคนแดียวนะ ที่เหลือให้รออยู่ด้านนอกดู Anna ไว้
เ+เ → แ,text,She was subtle and patient in her cruelty.,นางเลวร้ายเเละลึกซึ้งมาก,นางเลวร้ายและลึกซึ้งมาก
เ+เ → แ,text,Got your documents.,ได้เอกสารของเจ้ามาเเล้ว,ได้เอกสารของเจ้ามาแล้ว
เ+เ → แ,text,Run out of things to say? Good.,ไม่มีอะไรจะพูดเเล้วสินะ? เยี่ยม,ไม่มีอะไรจะพูดแล้วสินะ? เยี่ยม
เ+เ → แ,text,Walk you home. That's it.,พาเจ้ากลับไปที่บ้าน แค่นั้นเเหละ,พาเจ้ากลับไปที่บ้าน แค่นั้นแหละ
เ+เ → แ,text,"Fine… Last round for me, though…",เอาสิ... รอบสุดท้ายของข้าเเล้วนะ,เอาสิ... รอบสุดท้ายของข้าแล้วนะ
เ+เ → แ,text,You daft? That was a witcher!,เเกโง่หรือเปล่า นั่น วิทเชอร์ นะ,แกโง่หรือเปล่า นั่น วิทเชอร์ นะ
เ+เ → แ,text,"We're not rich, but cut the filth down and we will pay you.",พวกเราไม่รวยหรอก เเต่ทิ้งความโสมมนั่นซะ เเล้วพวกเราจะจ่าย,พวกเราไม่รวยหรอก แต่ทิ้งความโสมมนั่นซะ แล้วพวกเราจะจ่าย
เ+เ → แ,text,"Why, not even a White Wolf can make up for a missing goat.",ทำไม ไม่เเม้เเต่ white wolf ที่สามารถเสกเเกะที่หายไปได้,ทำไม ไม่แม้แต่ white wolf ที่สามารถเสกแกะที่หายไปได้
เ+เ → แ,text,"Hm, hm. Strange, that 'un.",เเปลกเเหะ,แปลกแหะ
เ+เ → แ,text,"Strange glow observed in the sky. Ill omen, peasants say.",แสงสีแปลกๆ ปรากฏบนฟ้านี่คือรางร้ายพวกชาวนาบอกมาเเบบนั้น,แสงสีแปลกๆ ปรากฏบนฟ้านี่คือรางร้ายพวกชาวนาบอกมาแบบนั้น
เ+เ → แ,text,"Ah-ah-ah. First we must drink to the wind, to good fortune, and to the strength of my Atropos.",อ่ะๆๆ แต่ก่อนอื่นเราต้องดื่มให้กับกระแสลมซะก่อน...เเด่โชคชะตา และเพื่อเรือ Atropos ของข้า,อ่ะๆๆ แต่ก่อนอื่นเราต้องดื่มให้กับกระแสลมซะก่อน...แด่โชคชะตา และเพื่อเรือ Atropos ของข้า
เ+เ → แ,text,Need the key.,ต้องการกุญเเจ,ต้องการกุญแจ
เ+เ → แ,text,"I've two really good ones: ""The Doppler's Salvation"" and ""A Changeling Rescued, or the Witcher's Triumph."" Which do you prefer?","ข้าเลือกไว้ในใจอยู่สองชื่อ ""การไถ่บาปของ Doppler"" หรือไม่ก็ ... ""การเเปลงโฉมช่วยชีวิตหรือชัยชนะของ วิทเชอร์"" ท่านชอบอันไหนมากกว่ากันล่ะ?","ข้าเลือกไว้ในใจอยู่สองชื่อ ""การไถ่บาปของ Doppler"" หรือไม่ก็ ... ""การแปลงโฉมช่วยชีวิตหรือชัยชนะของ วิทเชอร์"" ท่านชอบอันไหนมากกว่ากันล่ะ?"
เ+เ → แ,text,"A Changeling Rescued, or the Witcher's Triumph - really emphasizes the message we're trying to get across.","""การเเปลงโฉมช่วยชีวิตหรือชัยชนะของ วิทเชอร์"" ละกัน ข้าว่าเราควรที่จะเน้นย้ำข้อความโดยลองผ่านหัวเรื่องดูน่ะ","""การแปลงโฉมช่วยชีวิตหรือชัยชนะของ วิทเชอร์"" ละกัน ข้าว่าเราควรที่จะเน้นย้ำข้อความโดยลองผ่านหัวเรื่องดูน่ะ"
เ+เ → แ,text,"I see… And you hope it will get Dudu's attention as well, draw him here. So it must be an entirely new play? And… who will write it?",ข้าเข้าใจเเล้วล่ะ...และท่านก็หวังว่าจะดึงความสนใจจาก Dudu ด้วยสินะ ดึงให้เขามาที่นี่ แสดงว่ามันต้องเป็นเรื่องใหม่สิ? แล้วใครจะเป็นคนแต่งมันล่ะ?,ข้าเข้าใจแล้วล่ะ...และท่านก็หวังว่าจะดึงความสนใจจาก Dudu ด้วยสินะ ดึงให้เขามาที่นี่ แสดงว่ามันต้องเป็นเรื่องใหม่สิ? แล้วใครจะเป็นคนแต่งมันล่ะ?
เ+เ → แ,text,"Priscilla, actually. She's done writing it. Tells the story of a witcher who rescues a doppler from certain death.",Priscilla จริงๆแล้ว นางแต่งเสร็จแล้วเเหละ..เรื่องราวของ วิทเชอร์ ที่เข้าไปช่วยเหลือ Doppler จากความตาย,Priscilla จริงๆแล้ว นางแต่งเสร็จแล้วแหละ..เรื่องราวของ วิทเชอร์ ที่เข้าไปช่วยเหลือ Doppler จากความตาย
เ+เ → แ,text,Whoreson Junior… Doesn't ring a bell.,Whoreson Junior ชื่อไม่คุ้นเลยเเฮะ,Whoreson Junior ชื่อไม่คุ้นเลยแฮะ
เ+เ → แ,text,Sure as hell should. Pretty damn ungrateful of her otherwise.,ชัวร์เลยว่านี้ต้องเป็นนรกเเน่ๆ ค่อนข้างจะแย่ งั้นแสดงว่านางต้องทรยศเราแน่.,ชัวร์เลยว่านี้ต้องเป็นนรกแน่ๆ ค่อนข้างจะแย่ งั้นแสดงว่านางต้องทรยศเราแน่.
เ+เ → แ,text,Looks alive.,ดูเหมือนยังมีชีวิตอยู่เลยเเฮะ,ดูเหมือนยังมีชีวิตอยู่เลยแฮะ
เ+เ → แ,text,"Radovid's sinking ever deeper into madness, as I see it.",ดูเหมือน Radovid จะบ้าคลั่งประสาทแดกขึ้นเรื่อยๆเเล้วนะ เท่าที่ข้าเห็น,ดูเหมือน Radovid จะบ้าคลั่งประสาทแดกขึ้นเรื่อยๆแล้วนะ เท่าที่ข้าเห็น
เ+เ → แ,text,Not-- Not so long past.,ไม่--ไม่ เรื่องมันผ่านมานานเเล้ว,ไม่--ไม่ เรื่องมันผ่านมานานแล้ว
เ+เ → แ,text,"Here. You see, I thought that instead of training in a dank old cellar, we'd move around in the open air. A duel on a bridge, like in the novels. Now draw your sword!",ที่นี่เเหละ ท่านเห็นไหม ข้าคิดว่าแทนที่จะฝึกในห้องใต้ดินเก่าๆ เราจะเดินไปมาในที่โล่ง มีการดวลบนสะพานเหมือนในนวนิยาย ตอนนี้ยกดาบของท่านขึ้นมาซะ!,ที่นี่แหละ ท่านเห็นไหม ข้าคิดว่าแทนที่จะฝึกในห้องใต้ดินเก่าๆ เราจะเดินไปมาในที่โล่ง มีการดวลบนสะพานเหมือนในนวนิยาย ตอนนี้ยกดาบของท่านขึ้นมาซะ!
เ+เ → แ,text,You've two other local champions to choose from - Piledriver and Captain Mortimer of the Temple Guard. And here's your prize.,เจ้ามีสอง เเชมเปี้ยนให้เลือกจากท้องถิ่นต่างๆ คือ<br>Piledriver และกัปตัน Mortimer ของ Temple Guard เเละนี่คือรางวัลของเจ้า,เจ้ามีสอง แชมเปี้ยนให้เลือกจากท้องถิ่นต่างๆ คือ<br>Piledriver และกัปตัน Mortimer ของ Temple Guard และนี่คือรางวัลของเจ้า
เ+เ → แ,text,You're an arse.,เเกนี่มันโง่จริงๆเลยว่ะ,แกนี่มันโง่จริงๆเลยว่ะ
เ+เ → แ,text,An ass. An oaf. A twit. Didn't even try to stop her.,ข้าบอกว่าเเกมันโง่ ไร้น้ำยา ไม่คิดแม้แต่จะรั้งนางไว้เลยว่ะ,ข้าบอกว่าแกมันโง่ ไร้น้ำยา ไม่คิดแม้แต่จะรั้งนางไว้เลยว่ะ
เ+เ → แ,text,Not a chance! Those cowards ran at the first whiff of monsters. I'm made of stiffer stuff.,ไม่มีทาง ไอ้พวกขี้ขลาดนั่นวิ่งหนีไปทันทีที่เห็นปีศาจตัวแรกเเล้ว...แต่ข้าไม่ใช่แบบนั้น,ไม่มีทาง ไอ้พวกขี้ขลาดนั่นวิ่งหนีไปทันทีที่เห็นปีศาจตัวแรกแล้ว...แต่ข้าไม่ใช่แบบนั้น
เ+เ → แ,text,Why don't I believe you?,แล้วทำไมพวกข้าต้องเชื่อเเกด้วยวะ?,แล้วทำไมพวกข้าต้องเชื่อแกด้วยวะ?
เ+เ → แ,text,"A scoundrel, a rogue. Like every man who wears the robes of the Eternal Fire.",เป็นคนชั่ว เลวทราม เหมือนกับทุกคนที่สวมชุดคลุมของ Eternal Fire นั่นเเหละ,เป็นคนชั่ว เลวทราม เหมือนกับทุกคนที่สวมชุดคลุมของ Eternal Fire นั่นแหละ
เ+เ → แ,text,To the woods? Alone?,ไปที่ป่าเรอะ? ด้วยตัวคนเเดียว?,ไปที่ป่าเรอะ? ด้วยตัวคนแดียว?
เ+เ → แ,text,"I do. Gwent's like politics, just more honest.",ข้าเล่น Gwent เหมือนเล่นเกมการเมืองนั่นเเหละ แต่เล่นซื่อสัตย์มากกว่า,ข้าเล่น Gwent เหมือนเล่นเกมการเมืองนั่นแหละ แต่เล่นซื่อสัตย์มากกว่า
เ+เ → แ,text,"A Changeling Rescued, or the Witcher's Triumph - quite the rousing little play.",การเเปลงโฉมช่วยชีวิตหรือชัยชนะของ วิทเชอร์ - เป็นเรื่องที่น่าสนใจนำมาแสดงนะ,การแปลงโฉมช่วยชีวิตหรือชัยชนะของ วิทเชอร์ - เป็นเรื่องที่น่าสนใจนำมาแสดงนะ
เ+เ → แ,text,"If I had a coin to spare, I'd sod off to Poviss. 'Sides, Caesar'd never sell Fringilla.",ถ้าข้ามีเหลือขนาดนั้นคงย้ายเมืองไป Poviss ละ อีกอย่าง Caesar ไม่มีทางขายการ์ด Fringilla อยู่เเล้ว,ถ้าข้ามีเหลือขนาดนั้นคงย้ายเมืองไป Poviss ละ อีกอย่าง Caesar ไม่มีทางขายการ์ด Fringilla อยู่แล้ว
เ+เ → แ,text,"Ow! You've got the card, what else d'you want?",โอ้ย! เเกก็ได้ไพ่ไปแล้วนี่! แล้วจะเอาอะไรอีกล่ะว่ะ?,โอ้ย! แกก็ได้ไพ่ไปแล้วนี่! แล้วจะเอาอะไรอีกล่ะว่ะ?
เ+เ → แ,text,Wait! Do we have to destroy her house? She keeps a spare key around here somewhere.,เดี๋ยวสิ เราไม่จำเป็นต้องพังบ้านของนางหรอกนะ นางเก็บกุญแจสำรองไว้ที่ไหนสักแห่งแถวนี้เนี่ยเเหละ,เดี๋ยวสิ เราไม่จำเป็นต้องพังบ้านของนางหรอกนะ นางเก็บกุญแจสำรองไว้ที่ไหนสักแห่งแถวนี้เนี่ยแหละ
เ+เ → แ,text,"Portrait of Emperor Emhyr, tempera on wood. Pretty flattering, I'd say.",รูปเหมือนจักรพรรดิ Emhyr จังเลยเเฮะ...วาดด้วยสีฝุ่นบนไม้...สวยดีเหมือนกันนะเนี่ย..,รูปเหมือนจักรพรรดิ Emhyr จังเลยแฮะ...วาดด้วยสีฝุ่นบนไม้...สวยดีเหมือนกันนะเนี่ย..
เ+เ → แ,text,"Geralt of Rivia, yes? Miss Rosa stepped out for a walk. Near Temple Bridge, she said. She asked that you join her.",Geralt เเห่ง Rivia ใช่ไหม? นายหญิง Rosa เดินออกไปแล้ว ใกล้สะพาน Temple Bridge นางบอกว่าให้เจ้าไปหา,Geralt แห่ง Rivia ใช่ไหม? นายหญิง Rosa เดินออกไปแล้ว ใกล้สะพาน Temple Bridge นางบอกว่าให้เจ้าไปหา
เ+เ → แ,text,Who the hell are you supposed to be?,เเล้วเจ้าควรจะไปใครล่ะเนี่ย?,แล้วเจ้าควรจะไปใครล่ะเนี่ย?
เ+เ → แ,text,Thank you. And try not to draw too much attention… if you can.,ขอบคุณ เเละพยายามอย่าดึงดูดความสนใจมากเกินไปล่ะ...ถ้าทำได้อ่ะนะ,ขอบคุณ และพยายามอย่าดึงดูดความสนใจมากเกินไปล่ะ...ถ้าทำได้อ่ะนะ
เ+เ → แ,text,"Welcome, sir. We trust our charms and skills will prove to your liking. What is it you wish?",ยินดีต้อนรับนายท่าน เราเชื่อมั่นในเสน่ห์และทักษะของเราจะเป็นที่พึงพอใจต่อท่านเเน่นอน ท่านต้องการหรือไม่?,ยินดีต้อนรับนายท่าน เราเชื่อมั่นในเสน่ห์และทักษะของเราจะเป็นที่พึงพอใจต่อท่านแน่นอน ท่านต้องการหรือไม่?
เ+เ → แ,text,"Oh, I can bloody use it. Radovid's one crafty whore with the clap. But we'll figure a way round that twat.",โอ้ ข้าคงต้องใช้โชคอย่างมากเลยล่ะ Radovid เป็นคนที่ฉลาดและระมัดระวังตัวมาก แต่ยังไงเราก็จะหาทางผ่านพวกลูกน้องของมันไปได้อยู่เเล้ว,โอ้ ข้าคงต้องใช้โชคอย่างมากเลยล่ะ Radovid เป็นคนที่ฉลาดและระมัดระวังตัวมาก แต่ยังไงเราก็จะหาทางผ่านพวกลูกน้องของมันไปได้อยู่แล้ว
เ+เ → แ,text,Pardon me… Witcher Geralt? Of Rivia?,ขอประทานโทษ ไม่ทราบว่าท่านเป็น วิทเชอร์ หรือเปล่า? ท่านคือ Geralt เเห่ง Rivia ใช่ไหม?,ขอประทานโทษ ไม่ทราบว่าท่านเป็น วิทเชอร์ หรือเปล่า? ท่านคือ Geralt แห่ง Rivia ใช่ไหม?
เ+เ → แ,text,"Hiding from witch hunters. Listen, she told me an elven mage had been there, looking for Ciri.",ซ่อนตัวจากนักล่าเเม่มดน่ะ..ฟังนะ ...นางบอกข้าว่ามีนักเวทย์เอลฟ์คนหนึ่งไปที่นั่นเพื่อตามหาตัว Ciri,ซ่อนตัวจากนักล่าแม่มดน่ะ..ฟังนะ ...นางบอกข้าว่ามีนักเวทย์เอลฟ์คนหนึ่งไปที่นั่นเพื่อตามหาตัว Ciri
เ+เ → แ,text,"What're you staring at, people?! Justice has been served! Go to your homes!",พวกเจ้ามองอะไรกัน?! ความยุติธรรมมาถึงเเล้ว! กลับบ้านพวกเจ้าไปซะ!,พวกเจ้ามองอะไรกัน?! ความยุติธรรมมาถึงแล้ว! กลับบ้านพวกเจ้าไปซะ!
เ+เ → แ,text,"It's a long story that involves the Elder Blood, Ciri's abilities…",มันเป็นเรื่องราวที่ยาวนานเกี่ยวกับ Elder เเละ ความสามารถของ Ciri ...,มันเป็นเรื่องราวที่ยาวนานเกี่ยวกับ Elder และ ความสามารถของ Ciri ...
เ+เ → แ,text,"Storm's a-comin'. Gotta go to your mum, tell her to take the wash down… You keep practicin'.",พายุกำลังมา ต้องไปหาแม่เจ้า บอกนางว่าการชำระล้างมาถึงเเล้ว ... เจ้าต้องฝึกต่อไป,พายุกำลังมา ต้องไปหาแม่เจ้า บอกนางว่าการชำระล้างมาถึงแล้ว ... เจ้าต้องฝึกต่อไป
เ+เ → แ,text,"Cerys, proving she's her brother Hjalmar's equal in every way. She retrieved the axe from the cliff.","Cerys ได้พิสูจน์เเล้วว่านางกับพี่ชายของนาง ""Hjalmar"" มีความเท่าเทียมกันในทุกด้าน นางได้ดึงขวานออกจากหน้าผาเเล้ว","Cerys ได้พิสูจน์แล้วว่านางกับพี่ชายของนาง ""Hjalmar"" มีความเท่าเทียมกันในทุกด้าน นางได้ดึงขวานออกจากหน้าผาแล้ว"
เ+เ → แ,text,"Twere a fair fight, one worth rememberin'. But if I'd won, I could've presented her an altogether different sort of challenge.",มันเป็นการต่อสู้ที่เท่าเทียมกันเเละหน้าจดจำ แต่ถ้าข้าชนะนางได้ข้าจะนำเสนอรูปแบบการต่อสู้รูปแบบใหม่ที่นางไม่เคยเจอมาก่อนเลยล่ะ,มันเป็นการต่อสู้ที่เท่าเทียมกันและหน้าจดจำ แต่ถ้าข้าชนะนางได้ข้าจะนำเสนอรูปแบบการต่อสู้รูปแบบใหม่ที่นางไม่เคยเจอมาก่อนเลยล่ะ
เ+เ → แ,text,"Good thing you showed up when you did, 'cause Leif's wounds need tending. Those bitches tore him up good.",สิ่งดีๆเกิดขึ้นเมื่อเจ้าลงมือทำ สาเหตุบาดเเผลของ Leif ที่ต้องดูเเล พวกสารเลวนั่นสมควรเเล้ว,สิ่งดีๆเกิดขึ้นเมื่อเจ้าลงมือทำ สาเหตุบาดแผลของ Leif ที่ต้องดูแล พวกสารเลวนั่นสมควรแล้ว
เ+เ → แ,text,"No, that's just the gods lookin' to see what metal we're made of. They'll soon get their answer.",ไม่ เพียงเเค่พระเจ้าต้องการมองดูโลหะสิ่งที่เราทำ พวกเขาจะได้ได้รับคำตอบในไม่ช้า,ไม่ เพียงแค่พระเจ้าต้องการมองดูโลหะสิ่งที่เราทำ พวกเขาจะได้ได้รับคำตอบในไม่ช้า
เ+เ → แ,text,"Ye can do it, Aegir! Bolt off the mark and never look back!",เจ้าสามารถทำมันได้ Aegir! ปิดเครื่องหมายเเละอย่ามองย้อนกลับมา,เจ้าสามารถทำมันได้ Aegir! ปิดเครื่องหมายและอย่ามองย้อนกลับมา
เ+เ → แ,text,"They're off! Faster, faster!",พวกนั้นห่างออกไปเเล้ว! เร็วอีก เร็วขึ้นอีก!,พวกนั้นห่างออกไปแล้ว! เร็วอีก เร็วขึ้นอีก!
เ+เ → แ,text,Not just yet. But I'll be back. Soon.,ไม่เพียงเเค่ตอนนนี้ แต่ข้าจะกลับมา ในไม่ช้า,ไม่เพียงแค่ตอนนนี้ แต่ข้าจะกลับมา ในไม่ช้า
เ+เ → แ,text,You lost… but to the best. Mere participating in the Great Race is cause for pride.,ถึงเจ้าเเพ้...เเต่ก็ทำได้ดีที่สุดเเล้ว เพียงข้าร่วมการเเข่งขันครั้งใหญ่เป็นสาเหตุทำไห้เกิดความภาคภูมิใจ,ถึงเจ้าแพ้...แต่ก็ทำได้ดีที่สุดแล้ว เพียงข้าร่วมการแข่งขันครั้งใหญ่เป็นสาเหตุทำไห้เกิดความภาคภูมิใจ
เ+เ → แ,text,Not shabby. But you could use some better cards.,ก็ไม่เลวน่ะ เเต่เจ้าสามรถใช้ Card ที่ดีกว่านี้ได้,ก็ไม่เลวน่ะ แต่เจ้าสามรถใช้ Card ที่ดีกว่านี้ได้
เ+เ → แ,text,Feeble. But I expected as much.,อ่อนเเอ.เเต่คงเพราะข้าคาดหวังไว้มาก,อ่อนแอ.แต่คงเพราะข้าคาดหวังไว้มาก
เ+เ → แ,text,"That was luck, pure luck. Nonetheless, as promised, the jewel of my collection - Assire var Anahid.",สิ่งนั่นคือโชคชะตาโชคชะตาอันเเท้จริง ตามที่ได้สัญญาไว้อัญมณีของสะสมของข้า - Assire var Anahid,สิ่งนั่นคือโชคชะตาโชคชะตาอันแท้จริง ตามที่ได้สัญญาไว้อัญมณีของสะสมของข้า - Assire var Anahid
เ+เ → แ,text,Show me what you can do.,เเสดงไห้ข้าเห็นในสิ่งที่เจ้าทำได้สิ,แสดงไห้ข้าเห็นในสิ่งที่เจ้าทำได้สิ
เ+เ → แ,text,"Dyin' to gut ye, but then they'd say Lugos had gone even madder. Take my Katakan and sod off.",ชื่นชมความกล้าหาญของท่านเเต่หลังจากนั้นพวกเขาบอกว่า Lugos หายไปพร้อมกับกับ Madder รับนี่ไป Katakan ของข้าเเละไสหัวไปซะ,ชื่นชมความกล้าหาญของท่านแต่หลังจากนั้นพวกเขาบอกว่า Lugos หายไปพร้อมกับกับ Madder รับนี่ไป Katakan ของข้าและไสหัวไปซะ
เ+เ → แ,text,"Relax, Jorund. It's just banter. Weak, but still.",ผ่อนคลายน่า Jorund มันเป็นแค่เรื่องล้อเล่นน่ะถึงจะอ่อนเเอเเต่ก็สงบ,ผ่อนคลายน่า Jorund มันเป็นแค่เรื่องล้อเล่นน่ะถึงจะอ่อนแอแต่ก็สงบ
เ+เ → แ,text,Stay calm. Get you a healer.,อยู่ในความสงบ เจ้าได้รับการรักษาเเน่นอน,อยู่ในความสงบ เจ้าได้รับการรักษาแน่นอน
เ+เ → แ,text,We'll finally sail against the Black Ones!,ในที่สุดเราจะได้เเล่นเรืออีกครั้งกับพวก Black Ones!,ในที่สุดเราจะได้แล่นเรืออีกครั้งกับพวก Black Ones!
เ+เ → แ,text,"Rarely like that, and he's rare to leave.",ไม่ค่อยบ่อยที่เขาจะชอบสิ่งนั้นน่ะเเล้วก็ยากที่เขาจะออกห่าง,ไม่ค่อยบ่อยที่เขาจะชอบสิ่งนั้นน่ะแล้วก็ยากที่เขาจะออกห่าง
เ+เ → แ,text,"Mark me, no good'll come of it…",รอยเเผลข้า มันไม่น่าเกิดขึ้นเลย...,รอยแผลข้า มันไม่น่าเกิดขึ้นเลย...
เ+เ → แ,text,The weak and poor will suffer once more.,ผู้คนอ่อนเเอเเละยากจนจะต้องทนทุกข์ทรมารมากกว่าในอดีต,ผู้คนอ่อนแอและยากจนจะต้องทนทุกข์ทรมารมากกว่าในอดีต
เ+เ → แ,text,"A weak lass, nothin' more.",สาวน้อยผู้อ่อนเเรงไม่มีอะไรมากไปกว่านี้,สาวน้อยผู้อ่อนแรงไม่มีอะไรมากไปกว่านี้
เ+เ → แ,text,"Just warmin' up. Well, what're you waiting for? Go call the next one.",ตอนนี้ Warmin ดีขึ้นเเล้ว เเละเจ้าจะรออะไรอยู่ล่ะ? ไปเรียกคนต่อไปมา,ตอนนี้ Warmin ดีขึ้นแล้ว และเจ้าจะรออะไรอยู่ล่ะ? ไปเรียกคนต่อไปมา
เ+เ → แ,text,Throat's dry… Going for a drink.,คอเเห้ง...ไปหาอะไรดื่ม,คอแห้ง...ไปหาอะไรดื่ม
เ+เ → แ,text,"With my sis, of clan an Craite. Bravest lass the Isles ever made.",กับพี่สาวของข้า เเห่งตระกูล craite สาวน้อยผู้ไม่เกรงกลัวสิ่งใดบนเกาะนั้น,กับพี่สาวของข้า แห่งตระกูล craite สาวน้อยผู้ไม่เกรงกลัวสิ่งใดบนเกาะนั้น
เ+เ → แ,text,Well… Didn't expect an outlander to win all three. You've one Pursuit left - the most important. You'll face a true master o' the chase. It's on Hindarsfjall. Suggest you get goin'.,อืม...ไม่เคยคิดว่าเป็นคนเเปลกหน้าจะชนะทั้งหมดสามคน เจ้าต้องหาคนหนึ่งทางซ้าย - สำคัญที่สุด เจ้าจะต้องเผชิญกับปรมาจารย์ที่แท้จริงที่ Hindarsfjall ขอแนะนำให้เจ้าไปที่นั่น,อืม...ไม่เคยคิดว่าเป็นคนแปลกหน้าจะชนะทั้งหมดสามคน เจ้าต้องหาคนหนึ่งทางซ้าย - สำคัญที่สุด เจ้าจะต้องเผชิญกับปรมาจารย์ที่แท้จริงที่ Hindarsfjall ขอแนะนำให้เจ้าไปที่นั่น
เ+เ → แ,text,"Others act, then think. She's different. She thinks things through - the for, the against. But once she takes action, not a force in the world could stop her.",ในขณะที่คนอื่นๆทำก่อนที่จะคิด Cerys ต่างออกไป นางคิดอย่างรอบคอบก่อนที่จะทำอะไรนั่นคือข้อดี เเต่ข้อเสียก็คือถ้าเมื่อไหร่ที่นางลงมือทำอะไรล่ะก็ ไม่มีใครในโลกที่จะหยุดนางได้,ในขณะที่คนอื่นๆทำก่อนที่จะคิด Cerys ต่างออกไป นางคิดอย่างรอบคอบก่อนที่จะทำอะไรนั่นคือข้อดี แต่ข้อเสียก็คือถ้าเมื่อไหร่ที่นางลงมือทำอะไรล่ะก็ ไม่มีใครในโลกที่จะหยุดนางได้
เ+เ → แ,text,"And if it's not enough for ye, these three victories… there's always the Great Race on Hindarsfjall. But winnin' there's a tall order.",และหากชัยชนะทั้งสามนี้ยังไม่เพียงพอสำหรับท่าน...จะมีการแข่งขันครั้งยิ่งใหญ่บน Hindarsfjall เเต่ที่นั่นมีการจัดระเบียบสูง,และหากชัยชนะทั้งสามนี้ยังไม่เพียงพอสำหรับท่าน...จะมีการแข่งขันครั้งยิ่งใหญ่บน Hindarsfjall แต่ที่นั่นมีการจัดระเบียบสูง
เ+เ → แ,text,Words won't wipe the shame from my clan. Only deeds will.,คำพูดคงไม่ลบความอับอายของเผ่าข้า เหลือเพียงเเค่การกระทำเท่านั้น,คำพูดคงไม่ลบความอับอายของเผ่าข้า เหลือเพียงแค่การกระทำเท่านั้น
เ+เ → แ,text,"And a witcher. He knows beasts, including those that take on human form.",เเละวิทเชอร์ เขารู้จักสัตว์ร้ายรวมทั้งสิ่งที่มีรูปร่างคล้ายมนุษย์เหล่านั้น,และวิทเชอร์ เขารู้จักสัตว์ร้ายรวมทั้งสิ่งที่มีรูปร่างคล้ายมนุษย์เหล่านั้น
เ+เ → แ,text,"What about? I found the traitors, wrought vengeance on them. That's everything.",เรื่องอะไร? ข้าพบคนทรยศเเก้เเค้นล้างเเค้นพวกเขา นั่นคือทุกอย่าง,เรื่องอะไร? ข้าพบคนทรยศแก้แค้นล้างแค้นพวกเขา นั่นคือทุกอย่าง
เ+เ → แ,text,Who? Me and Hjalmar? You must be mad.,ใคร? ข้ากับ Hjalmar? ท่านบ้าไปเเล้วเเน่ๆ,ใคร? ข้ากับ Hjalmar? ท่านบ้าไปแล้วแน่ๆ
เ+เ → แ,text,Rivalry certainly seemed serious.,การเเข่งขันดูเหมือนจะตรึงเครียดนะ,การแข่งขันดูเหมือนจะตรึงเครียดนะ
เ+เ → แ,text,Coronation's begun already!,พิธีสวมมงกุฎ ได้เริ่มต้นขึ้นเเล้ว!,พิธีสวมมงกุฎ ได้เริ่มต้นขึ้นแล้ว!
เ+เ → แ,text,"Cerys an Craite, Skellige's new queen! The gods will favor us!",Cerys an Craite ราชินีองค์ใหม่เเห่ง Skellige! เหล่าทวยเทพจะคุ้มครองเรา!,Cerys an Craite ราชินีองค์ใหม่แห่ง Skellige! เหล่าทวยเทพจะคุ้มครองเรา!
เ+เ → แ,text,"Hjalmar an Craite, Skellige's new king! The gods will favor us!",Hjalmar an Craite ราชาองค์ใหม่เเห่ง Skellige! เหล่าทวยเทพจะคุ้มครองเรา!,Hjalmar an Craite ราชาองค์ใหม่แห่ง Skellige! เหล่าทวยเทพจะคุ้มครองเรา!
เ+เ → แ,text,Fought to defend myself. And Jorund.,ต่อสู้เพื่อปกป้องตัวข้าเองเเละ Jorund,ต่อสู้เพื่อปกป้องตัวข้าเองและ Jorund
เ+เ → แ,text,Were arrogant little shits who were looking for a fight. Picked on the wrong guy.,เจ้าคนตัวเล็กที่หยิ่งผยองนี่กำลังมองคู่ต่อสู้อยู่ เจ้าเลือกผิดคนเเล้ว พวก,เจ้าคนตัวเล็กที่หยิ่งผยองนี่กำลังมองคู่ต่อสู้อยู่ เจ้าเลือกผิดคนแล้ว พวก
เ+เ → แ,text,I'll pay the blood price meself.,ข้าจะจ่ายด้วยเลือดของข้าเเทน,ข้าจะจ่ายด้วยเลือดของข้าแทน
เ+เ → แ,text,"Your father felt you could use a witcher's help, and I owe him a favor, so…",พ่อของเจ้ารู้สึกว่าเจ้าไห้วิทเชอร์ ผู้นี้ช่วยเจ้าได้น่ะ เเละข้าก็เป็นหนี้เขาดังนั้น...,พ่อของเจ้ารู้สึกว่าเจ้าไห้วิทเชอร์ ผู้นี้ช่วยเจ้าได้น่ะ และข้าก็เป็นหนี้เขาดังนั้น...
เ+เ → แ,text,Mortally so. But that's my reason for goin' there.,ร้ายเเรงมาก เเต่นั่นเป็นเหตุผลที่ข้าไปที่นั่น,ร้ายแรงมาก แต่นั่นเป็นเหตุผลที่ข้าไปที่นั่น
เ+เ → แ,text,Why would we do that?,เเล้วเราจะทำเช่นนั้นไปทำไม?,แล้วเราจะทำเช่นนั้นไปทำไม?
เ+เ → แ,text,"I don't feel no different. How 'bout you, Uve?",ข้าก็รู้สึกไม่ต่างกัน เเละเจ้าล่ะเป็นไงบ้าง?,ข้าก็รู้สึกไม่ต่างกัน และเจ้าล่ะเป็นไงบ้าง?
เ+เ → แ,text,Course you wouldn't.,เจ้าจะไม่ได้เเน่นอน,เจ้าจะไม่ได้แน่นอน
เ+เ → แ,text,Told you - only men live in Fornhala.,บอกเจ้าเเล้ว ว่ามีแต่ผู้ชายเท่านั้นที่อาศัยอยู่ใน Fornhala,บอกเจ้าแล้ว ว่ามีแต่ผู้ชายเท่านั้นที่อาศัยอยู่ใน Fornhala
เ+เ → แ,text,"Your vengeance, your rules.",การเเก้เเค้นของเจ้า กฎของเจ้า,การแก้แค้นของเจ้า กฎของเจ้า
เ+เ → แ,text,"Fine, let's play. But you're not to speak.",ดีล่ะ มาเล่นกันเถอะ เเต่เจ้าไม่ต้องพูดอะไรทั้งสิ้น,ดีล่ะ มาเล่นกันเถอะ แต่เจ้าไม่ต้องพูดอะไรทั้งสิ้น
เ+เ → แ,text,Let's read the letter already.,ลองอ่านจดหมายดูเเล้วล่ะ,ลองอ่านจดหมายดูแล้วล่ะ
เ+เ → แ,text,Any apparent motive?,เเรงจูงใจอะไรที่ทำไห้เจ้าทำเเบบนั้น?,แรงจูงใจอะไรที่ทำไห้เจ้าทำแบบนั้น?
เ+เ → แ,text,Spiked gloves… black with dried blood.,ถุงมือถูกเเทงด้วยของเหลม...กับเลือดสีดำที่เห้งเเล้ว,ถุงมือถูกแทงด้วยของเหลม...กับเลือดสีดำที่เห้งแล้ว
เ+เ → แ,text,Human scalps… Unusual as decorations go.,หนังศีรษะมนุษย์…ผิดปกติไปเหมือนมีการตกเเต่ง,หนังศีรษะมนุษย์…ผิดปกติไปเหมือนมีการตกแต่ง
เ+เ → แ,text,"Dried mushrooms. Psilocybe, I think.",เห็ดเเห้ง Psilocybe คิดว่างั้นนะ,เห็ดแห้ง Psilocybe คิดว่างั้นนะ
เ+เ → แ,text,"Finally, a chance to frolic a bit… My mind clear, my conscience clear…",สุดท้ายเเล้ว โอกาสที่สนุกเพียงเล็กน้อย...จิตใจของข้านั้นกระจ่าง ความรู้สึกของข้านั้นกระจ่าง,สุดท้ายแล้ว โอกาสที่สนุกเพียงเล็กน้อย...จิตใจของข้านั้นกระจ่าง ความรู้สึกของข้านั้นกระจ่าง
เ+เ → แ,text,When the jarl summons ye. Won't be soon.,เมื่อ Jarl เรียกตัวท่าน ชัยชนะอยู่เเค่เอื้อม,เมื่อ Jarl เรียกตัวท่าน ชัยชนะอยู่แค่เอื้อม
เ+เ → แ,text,"Y'aren't on the Continent. Can't buy me - not with gold, not with honors.",เจ้าไม่ได้อยู่ในเเผ่นดินนี้ เจ้าไม่สามรถซื้อข้าได้ด้วยเงินหรือด้วยเกียรติยศ,เจ้าไม่ได้อยู่ในแผ่นดินนี้ เจ้าไม่สามรถซื้อข้าได้ด้วยเงินหรือด้วยเกียรติยศ
เ+เ → แ,text,"But see, Lugos said my trial'd be today. Don't remember?",เเต่เห็น Lugos พูดเรื่องการทดลองของข้าวันนี้ ยังจำได้ไหม?,แต่เห็น Lugos พูดเรื่องการทดลองของข้าวันนี้ ยังจำได้ไหม?
เ+เ → แ,text,"Go on, sheep. Go frolic. You've earned it.",ไปเลยเเกะน้อยไปเล่นไห้สนุกเลยเจ้าควรได้รับมัน,ไปเลยแกะน้อยไปเล่นไห้สนุกเลยเจ้าควรได้รับมัน
เ+เ → แ,text,"You died for a good cause, sheep. Rest in peace.",เจ้าเสียสละเพื่อสิ่งที่ดี หลับไห้สบายน่ะเเกะน้อย,เจ้าเสียสละเพื่อสิ่งที่ดี หลับไห้สบายน่ะแกะน้อย
เ+เ → แ,text,Escape? Nay. But there's other ways out - I can ensure Lugos'll try you today.,หนี? ไม่เเต่มีทางอื่น ข้าสามารถมั่นใจได้ว่า Lugos พยายามหาเจ้าในวันนี้,หนี? ไม่แต่มีทางอื่น ข้าสามารถมั่นใจได้ว่า Lugos พยายามหาเจ้าในวันนี้
เ+เ → แ,text,You're back. Like I said you'd be.,เจ้ากลับมาเเล้ว เหมือนที่ข้าเคยพูดไว้,เจ้ากลับมาแล้ว เหมือนที่ข้าเคยพูดไว้
เ+เ → แ,text,Four against one - and you came out alive.,สี่ต่อหนึ่ง - และเจ้าออกมาเเบบยังมีชีวิต,สี่ต่อหนึ่ง - และเจ้าออกมาแบบยังมีชีวิต
เ+เ → แ,text,"Geralt of Rivia, I find ye guilty on two counts of murder. Punishment's death by suffocation.",Geralt แห่ง Rivia ข้าพบว่าเจ้ามีความผิดในข้อหาฆาตกรรมสองคดี ลงโทษด้วยการเเขวนคอจนตาย,Geralt แห่ง Rivia ข้าพบว่าเจ้ามีความผิดในข้อหาฆาตกรรมสองคดี ลงโทษด้วยการแขวนคอจนตาย
เ+เ → แ,text,Tis but the start. Real challenge awaits at the cave's end.,เเต่นี่เเค่เริ่มต้น ความท้าทายที่แท้จริงกำลังรอคอยที่ปลายถ้ำ,แต่นี่แค่เริ่มต้น ความท้าทายที่แท้จริงกำลังรอคอยที่ปลายถ้ำ
เ+เ → แ,text,"C'mon, let's go. Time to face our fears.",ไปกันเถอะ ถึงเวลาที่ต้องเผชิญกับความกลัวของเราเเล้ว,ไปกันเถอะ ถึงเวลาที่ต้องเผชิญกับความกลัวของเราแล้ว
เ+เ → แ,text,"Take your gold, go, and keep away from our lands.",เก็บเงินของเจ้าไว้ เเละออกไปจากดินเเดนของเราซะ,เก็บเงินของเจ้าไว้ และออกไปจากดินแดนของเราซะ
เ+เ → แ,text,"Course I will. I've no fear of 'im, right?",เเน่นอนข้าจะบอก ข้าไม่กลัวเขาใช่ไหม?,แน่นอนข้าจะบอก ข้าไม่กลัวเขาใช่ไหม?
เ+เ → แ,text,I was three years old. I've shown a hundred times since then that I--,ข้าอายุได้สามปี ข้าเเสดงเป็นร้อยๆครั้งตั้งเเต่นั้น ข้า--,ข้าอายุได้สามปี ข้าแสดงเป็นร้อยๆครั้งตั้งแต่นั้น ข้า--
เ+เ → แ,text,A blue? With that short a snout? Herbs've robbed you of your senses!,สีน้ำเงินรึ? จมูกสีน้ำเงินเหรอ? สมุนไพรคงทำไห้เจ้าสูญเสียประสาทสัมผัสไปเเล้วล่ะ!,สีน้ำเงินรึ? จมูกสีน้ำเงินเหรอ? สมุนไพรคงทำไห้เจ้าสูญเสียประสาทสัมผัสไปแล้วล่ะ!
เ+เ → แ,text,"Kill one monster, another crawls out… So is this yours, this a witcher's nightmare?",ฆ่าสัตว์ประหลาดตัวหนึ่งเเล้วอีกตัวหนึ่งคลานออกมา ...เเล้วนี่เจ้า นี่วิทเชอร์ ฝันร้ายงั้นรึ?,ฆ่าสัตว์ประหลาดตัวหนึ่งแล้วอีกตัวหนึ่งคลานออกมา ...แล้วนี่เจ้า นี่วิทเชอร์ ฝันร้ายงั้นรึ?
เ+เ → แ,text,"Well, why do ye stand there and stare? You're free. Take your things and piss off.",เเล้วทำไมท่านถึงยืนเเละจ้องมองอยู่ตรงนั้นล่ะ? ท่านเป็นอิสระเเล้ว เอาของของเจ้าไปเเละก็ไปได้เเล้ว,แล้วทำไมท่านถึงยืนและจ้องมองอยู่ตรงนั้นล่ะ? ท่านเป็นอิสระแล้ว เอาของของเจ้าไปและก็ไปได้แล้ว
เ+เ → แ,text,Gladly. But tell me… To what do I owe this act of... mercy?,ยินดี เเต่บอกข้าที...เพื่อข้าจะได้เป็นจะหนี้บุญคุณของ...ความเมตกรุณา?,ยินดี แต่บอกข้าที...เพื่อข้าจะได้เป็นจะหนี้บุญคุณของ...ความเมตกรุณา?
เ+เ → แ,text,"It's over, we leave soon. But first… your gold.",มันจบเเล้ว เราจะออกไปเร็วๆนี้ เเต่อย่างเเรก....นี่ทองของเจ้า,มันจบแล้ว เราจะออกไปเร็วๆนี้ แต่อย่างแรก....นี่ทองของเจ้า
เ+เ → แ,text,Hjalmar is a good warrior. We shall soon see what kind of politician he will make.,Hjalmar เป็นนักรบที่ดี ในไม่ช้าเราจะได้เห็นว่าเขาจะปกครองเมืองเเบบใด,Hjalmar เป็นนักรบที่ดี ในไม่ช้าเราจะได้เห็นว่าเขาจะปกครองเมืองแบบใด
เ+เ → แ,text,What do the druids think of Skellige's new ruler?,เเล้วพวกดรูอิดคิดยังไงกับผู้ปกครองคนใหม่ของ Skellige?,แล้วพวกดรูอิดคิดยังไงกับผู้ปกครองคนใหม่ของ Skellige?
เ+เ → แ,text,"But her leaps on ice skates - why, none of us could rival them. Tried to outdo her once, smashed me mouth on a rock.",แต่การกระโดดไปบนพื้นน้ำแข็งของนางไม่มีใครเทียบได้เลย ข้าเคยพยายามเอาชนะนางเเล้ว ผลคือข้าเอาปากไปฟาดกับหินแทน,แต่การกระโดดไปบนพื้นน้ำแข็งของนางไม่มีใครเทียบได้เลย ข้าเคยพยายามเอาชนะนางแล้ว ผลคือข้าเอาปากไปฟาดกับหินแทน
เ+เ → แ,text,Ye defiled sacred ground! The gods'll never forgive you for this!,เจ้าทำไห้พื้นที่ศักดิ์สิทธ์ต้องเเปดเปื้อน! พระเจ้าจะไม่ยกโทษไห้เจ้าในการนี้!,เจ้าทำไห้พื้นที่ศักดิ์สิทธ์ต้องแปดเปื้อน! พระเจ้าจะไม่ยกโทษไห้เจ้าในการนี้!
เ+เ → แ,text,But whatever cut the basket probably could.,เเต่อะไรก็ตามที่ตัดกระเช้านี้อาจทำได้,แต่อะไรก็ตามที่ตัดกระเช้านี้อาจทำได้
เ+เ → แ,text,An ambush… average nekker's too dumb to set one… maybe this is no average nekker.,ซุ่มโจมตีหรอ....ส่วนใหญ่ Nekker ไม่ได้ฉลาดขนาดนั้น...บางทีอาจจะไม่ใช่ Nekker เเบบทั่วไป,ซุ่มโจมตีหรอ....ส่วนใหญ่ Nekker ไม่ได้ฉลาดขนาดนั้น...บางทีอาจจะไม่ใช่ Nekker แบบทั่วไป
เ+เ → แ,text,Pops mold. Can't go in without an antidote.,Pops mold (เชื้อราหรือพิษ) เข้าไปไม่ได้เเน่ถ้าไม่มียาเเเก้พิษ,Pops mold (เชื้อราหรือพิษ) เข้าไปไม่ได้แน่ถ้าไม่มียาแเก้พิษ
เ+เ → แ,text,"More important, she showed great cunning and courage. Qualities the Isles need now more than ever.",สำคัญกว่านั้นคือ นางแสดงออกถึงความฉลาดหลักแหลมและกล้าหาญ คุณสมบัติแบบนั้นเเหละที่ชาวเกาะเราต้องการที่สุด,สำคัญกว่านั้นคือ นางแสดงออกถึงความฉลาดหลักแหลมและกล้าหาญ คุณสมบัติแบบนั้นแหละที่ชาวเกาะเราต้องการที่สุด
เ+เ → แ,text,Kerack. Sevald went there to sell furs. Said they've not got a full garrison.,Kerack. Sevald ไปขายขนสัตว์ที่นั่น พวกเขาบอกว่าที่นั่นไม่ได้จัดทหารเเบบเต็มรูปเเบบ,Kerack. Sevald ไปขายขนสัตว์ที่นั่น พวกเขาบอกว่าที่นั่นไม่ได้จัดทหารแบบเต็มรูปแบบ
เ+เ → แ,text,Then they're in for a surprise. And we're in for glory and riches!,ถ้าอย่างนั้นพวกเขาคงจะประหลาดใจ เเละเรากำลังจะมีชื่อเสียงเเละร่ำรวย,ถ้าอย่างนั้นพวกเขาคงจะประหลาดใจ และเรากำลังจะมีชื่อเสียงและร่ำรวย
เ+เ → แ,text,"Think it might be time to get a new stud bull… Ours, well… he's not exactly frisky round the cows.",คิดว่าคงถึงเวลาที่จะได้พ่อพันธ์วัวตัวใหม่...ของเราเอง สุดท้าย...เขาคงไม่สนุกเเน่นอนเมื่อมีวัวตัวเมียรอบๆ,คิดว่าคงถึงเวลาที่จะได้พ่อพันธ์วัวตัวใหม่...ของเราเอง สุดท้าย...เขาคงไม่สนุกแน่นอนเมื่อมีวัวตัวเมียรอบๆ
เ+เ → แ,text,"Ye surprised? He's been at it for years, even ploughin' can get old.",ท่านเเปลกใจไหม? เขาอยู่ที่นี่มาเป็นปีๆเเล้วเเม้เเต่ ploughin ยังอายุเพิ่มขึ้นเลย,ท่านแปลกใจไหม? เขาอยู่ที่นี่มาเป็นปีๆแล้วแม้แต่ ploughin ยังอายุเพิ่มขึ้นเลย
เ+เ → แ,text,"Ye put it here, hold it, and chop. Like this.",ท่านวางมันไว้ตรงนี้ จับวันไว้เเละสับมันเเบบนี้,ท่านวางมันไว้ตรงนี้ จับวันไว้และสับมันแบบนี้
เ+เ → แ,text,I sure ain't gonna sail with 'im.,ข้าไม่เเน่ใจ ที่จะออกเรือไปกับเขา,ข้าไม่แน่ใจ ที่จะออกเรือไปกับเขา
เ+เ → แ,text,"We're back, fresh from a raid and laden with loot! Time to celebrate!",พวกเรากลับมาเเล้ว พึ่งกลับมาจากการจู่โจมเเละปล้นเลย! ได้เวลาฉลองเเล้วล่ะ!,พวกเรากลับมาแล้ว พึ่งกลับมาจากการจู่โจมและปล้นเลย! ได้เวลาฉลองแล้วล่ะ!
เ+เ → แ,text,"And now we'll see Lugos at the gates of Kaer Trolde, just you wait… He'll not let this go.",เเละตอนนี้เราจะเห็น Lugos ที่ประตูของ Kaer Trolde เจ้าเเค่รอ...เขาจะไม่ยอมปล่อยไห้เรื่องนี้ผ่านไป,และตอนนี้เราจะเห็น Lugos ที่ประตูของ Kaer Trolde เจ้าแค่รอ...เขาจะไม่ยอมปล่อยไห้เรื่องนี้ผ่านไป
เ+เ → แ,text,"Cause… 'Cause… 'Cause I didn't like me uncle, Gretter. He was fat and stank.",เพราะ...เพราะ...ข้าไม่ชอบลุง Gretter เขาอ้วนเเละก็กลิ่นเหม็น,เพราะ...เพราะ...ข้าไม่ชอบลุง Gretter เขาอ้วนและก็กลิ่นเหม็น
เ+เ → แ,text,"Once, I told me brother that uncle… did bad things to me. Yorg flew in a rage and killed him. Then they caught 'im and tied 'im to the rocks.",ครั้งนึงข้าบอกพี่ชายข้าว่าลุงนั่น...ทำสิ่งไม่ดีใส่ข้า เเล้ว Yorg ไปด้วยความโกรธเเละฆ่าเขาเเล้วจากพวกเขาก็จับข้าผูกไว้กับก้อนหิน,ครั้งนึงข้าบอกพี่ชายข้าว่าลุงนั่น...ทำสิ่งไม่ดีใส่ข้า แล้ว Yorg ไปด้วยความโกรธและฆ่าเขาแล้วจากพวกเขาก็จับข้าผูกไว้กับก้อนหิน
เ+เ → แ,text,"Human bones. Unbroken, but the marrow's been sucked out. Need a long, thin tongue for that.",กระดูกมนุษย์ที่ยังไม่หัก เเต่ไขกระดูกถูกดูดออกมาลิ้นนั้นต้องยาวเเละเบาเเน่ๆ,กระดูกมนุษย์ที่ยังไม่หัก แต่ไขกระดูกถูกดูดออกมาลิ้นนั้นต้องยาวและเบาแน่ๆ
เ+เ → แ,text,Rusty piece of armor. Falling apart in my hands…,เกราะขึ้นสนิมเเตกเป็นเสี่ยงๆในมือของข้า,เกราะขึ้นสนิมแตกเป็นเสี่ยงๆในมือของข้า
เ+เ → แ,text,"Did it already. Here for my reward. Happened on a few drowners, true, but a water hag was the real problem. Her head get me anything?",จัดการมันเเล้ว ทีนี้รางวัลของข้า บังเอิญไปเจอพวก Drowner มานิดหน่อยน่ะเเต่ Water Hag นี่คือตัวปัญหาที่เเท้จริง ข้าได้บางสิ่งมาหัวของมันน่ะ,จัดการมันแล้ว ทีนี้รางวัลของข้า บังเอิญไปเจอพวก Drowner มานิดหน่อยน่ะแต่ Water Hag นี่คือตัวปัญหาที่แท้จริง ข้าได้บางสิ่งมาหัวของมันน่ะ
เ+เ → แ,text,Aye. Same sum I was ready to pay for the seafiends.,ใช่ เเน่นอนเรื่องเงินข้าจะจ่ายไห้เจ้าสำหรับ Seafiends,ใช่ แน่นอนเรื่องเงินข้าจะจ่ายไห้เจ้าสำหรับ Seafiends
เ+เ → แ,text,"Very well, out with your deck. Win, and I'll give you my best card.",ดีมากๆ ถ้าสำรับของเจ้าชนะ เข้าจะไห้ไพ่ที่ดีที่สุดของข้าเเก่เจ้า,ดีมากๆ ถ้าสำรับของเจ้าชนะ เข้าจะไห้ไพ่ที่ดีที่สุดของข้าแก่เจ้า
เ+เ → แ,text,Ye don't even fear the dark god Svalblod. That I didn't expect…,เจ้าไม่ต้องเกรงกลัวพระเจ้าเเห่งความมืด Svalblod ข้าหวังว่าอย่างนั้น...,เจ้าไม่ต้องเกรงกลัวพระเจ้าแห่งความมืด Svalblod ข้าหวังว่าอย่างนั้น...
เ+เ → แ,text,Whoa… Lars must've been furious… He answer the jarl?,ว้าว...Lars ต้องโกรธเเน่ๆ...เขาจะตอบ Jarl ไหมน่ะ?,ว้าว...Lars ต้องโกรธแน่ๆ...เขาจะตอบ Jarl ไหมน่ะ?
เ+เ → แ,text,Our jarl's no spring chicken. He's more than a match for Crach in battle.,Jarl ของเรานั้นไม่ใช่ไก่เด้งน่ะ เขาเป็นมากกว่านั้นในการเเข่งขัน Crach in battle,Jarl ของเรานั้นไม่ใช่ไก่เด้งน่ะ เขาเป็นมากกว่านั้นในการแข่งขัน Crach in battle
เ+เ → แ,text,"He's back, back indeed. Tomorrow we sail to pay tribute to the new king.",เขาจะกลับมา กลับมาเเน่นอน พรุ่งนี้เราจะเเล่นเรือออกไปเเสดงความยินดีกับกษัตริย์องค์ใหม่,เขาจะกลับมา กลับมาแน่นอน พรุ่งนี้เราจะแล่นเรือออกไปแสดงความยินดีกับกษัตริย์องค์ใหม่
เ+เ → แ,text,Might have fleet enough for raidin' a nunnery or a village… But not for war.,อาจจะมีกองเรือเพียงพอสำหรับ Raidin ที่พักหรือหมู่บ้าน...เเต่ไม่สำหรับสงคราม,อาจจะมีกองเรือเพียงพอสำหรับ Raidin ที่พักหรือหมู่บ้าน...แต่ไม่สำหรับสงคราม
เ+เ → แ,text,"Old castle's haunted, methinks…",ปราสาทเก่าเเก่ที่มีผีสิงอยู่ ข้าคิดว่างั้น...,ปราสาทเก่าแก่ที่มีผีสิงอยู่ ข้าคิดว่างั้น...
เ+เ → แ,text,Saw flashes 'midst the ruins th'other day!,เห็นเเสงสว่างท่ามกลางซากปรักหักพังนั่นของวันอื่นๆด้วย!,เห็นแสงสว่างท่ามกลางซากปรักหักพังนั่นของวันอื่นๆด้วย!
เ+เ → แ,text,And heard screams and poundin'!,เเละได้ยินเสียงกรีดร้องเเละเคาะ!,และได้ยินเสียงกรีดร้องและเคาะ!
เ+เ → แ,text,Come back when ye beat a real foe.,กลับมาเมื่อท่านเอาชนะศัตรูที่เเท้จริง,กลับมาเมื่อท่านเอาชนะศัตรูที่แท้จริง
เ+เ → แ,text,Show the daft bugger his place! 'Neath the table!,เเสดงความบ้าให้เขาเห็นที่นี่เลย! ที่ใต้โต๊ะ!,แสดงความบ้าให้เขาเห็นที่นี่เลย! ที่ใต้โต๊ะ!
เ+เ → แ,text,"This here's my chance, don't you see?! This one ballad could make me Clan Tuirseach's court skald.",นี่เป็นโอกาสข้อข้าเจ้าไม่เห็นงั้นรึ? นี่เป็นหนึ่งในบทกวีที่ตระกูลของข้า Tuirseach เเต่งขึ้นมา court skald,นี่เป็นโอกาสข้อข้าเจ้าไม่เห็นงั้นรึ? นี่เป็นหนึ่งในบทกวีที่ตระกูลของข้า Tuirseach แต่งขึ้นมา court skald
เ+เ → แ,text,Put on the Mask. We don't have time.,ใส่หน้ากากซะ. เราไม่มีเวลาเเล้ว,ใส่หน้ากากซะ. เราไม่มีเวลาแล้ว
เ+เ → แ,text,Yet you almost killed 'im!,เเต่เจ้าเกือบจะฆ่าข้าเเล้ว!,แต่เจ้าเกือบจะฆ่าข้าแล้ว!
เ+เ → แ,text,No. Just opted to do it my way.,ไม่ เเค่เลือกที่จะทำมันในเเบบของข้า,ไม่ แค่เลือกที่จะทำมันในแบบของข้า
เ+เ → แ,text,On the shore at Larvik. His fierce gaze to protect us from the Black Ones!,บนชายฝั่งที่ Larvik ความโหดร้ายรุนเเรงของเขาจะปกป้องเราจากพวก Black Ones!,บนชายฝั่งที่ Larvik ความโหดร้ายรุนแรงของเขาจะปกป้องเราจากพวก Black Ones!
เ+เ → แ,text,We've hewn the post.,เราได้ติดประกาศไปเเล้ว,เราได้ติดประกาศไปแล้ว
เ+เ → แ,text,All must see the change your demise has wrought!,ทุกคนจะต้องได้เห็นการเปลี่ยนเเปลง หลังจากการตายของเจ้า!,ทุกคนจะต้องได้เห็นการเปลี่ยนแปลง หลังจากการตายของเจ้า!
เ+เ → แ,text,"Silence, Birna! And you, Cerys… How do you aim to prove your accusation?",เงียบซะ Birna! เเละเจ้าด้วย Cerys...เจ้าต้องการที่จะพิสูจน์ข้อกล่าวหาของเจ้าหรือไม่?,เงียบซะ Birna! และเจ้าด้วย Cerys...เจ้าต้องการที่จะพิสูจน์ข้อกล่าวหาของเจ้าหรือไม่?
เ+เ → แ,text,As we'll all meet King Bran. And feast at his table. And sing his praise.,ในฐานะเราทุกคนจะทำตาม King Bran เเละเข้าร่วมโต๊ะเฉลิมฉลองของเขาเเละร้องเพลงสรรเสริญเพื่อเขา,ในฐานะเราทุกคนจะทำตาม King Bran และเข้าร่วมโต๊ะเฉลิมฉลองของเขาและร้องเพลงสรรเสริญเพื่อเขา
เ+เ → แ,text,Couldn't give a sheep's arse. Grab a pickaxe and get workin'.,ยังให้สะโพกเเกะไม่ได้หรอก หยิบพลั่วเเละทำงานให้เสร็จก่อน,ยังให้สะโพกแกะไม่ได้หรอก หยิบพลั่วและทำงานให้เสร็จก่อน
เ+เ → แ,text,"Lucky I got 'ere on time… Me legs, they just ain't what they used to be…",โชคดีที่ข้าได้มาทันเวลา...ขาข้าพวกเขาเเค่ไม่ได้ทำในสิ่งที่พวกเขาเคยเป็น . . . . . . .,โชคดีที่ข้าได้มาทันเวลา...ขาข้าพวกเขาแค่ไม่ได้ทำในสิ่งที่พวกเขาเคยเป็น . . . . . . .
เ+เ → แ,text,Fine… What do I do?,ก็ได้ เเล้วข้าต้องทำอะไรบ้าง?,ก็ได้ แล้วข้าต้องทำอะไรบ้าง?
เ+เ → แ,text,We can soak it in later.,ไว้ค่อยชมความสวยภายหลังก็เเล้วกัน,ไว้ค่อยชมความสวยภายหลังก็แล้วกัน
เ+เ → แ,text,Fuck yeah! Summon the bitches!,ใช่เเล้ว! เรียกพวกนางมา!,ใช่แล้ว! เรียกพวกนางมา!
เ+เ → แ,text,Don't have a choice.,ไม่มีทางเลือกอื่นเเล้ว,ไม่มีทางเลือกอื่นแล้ว
เ+เ → แ,text,"Looking for a young woman - ashen hair, scar on her face. Will you let me in?",ข้ากำลังมองหาหญิงสาวที่มีผมสีขาว มีรอยเเผลเป็นบนหน้า จะให้ข้าเข้าไปได้ใหม?,ข้ากำลังมองหาหญิงสาวที่มีผมสีขาว มีรอยแผลเป็นบนหน้า จะให้ข้าเข้าไปได้ใหม?
เ+เ → แ,text,Starting to lose my patience.,ข้าเริ่มหมดความอดทนเเล้วนะ,ข้าเริ่มหมดความอดทนแล้วนะ
เ+เ → แ,text,I'm starting to get angry.,ข้าเริ่มโกรธเเล้วนะ,ข้าเริ่มโกรธแล้วนะ
เ+เ → แ,text,"And I'll behave, I promise.",เเละ ข้าจะทำตัวดีๆ ข้าสัญญา...,และ ข้าจะทำตัวดีๆ ข้าสัญญา...
เ+เ → แ,text,Thank Yennefer. She's the one who invited me.,ต้องขอบคุณ Yennefer จริงๆ นางเป็นคนเรียกข้ามาที่นี่เองเเหละ,ต้องขอบคุณ Yennefer จริงๆ นางเป็นคนเรียกข้ามาที่นี่เองแหละ
เ+เ → แ,text,I'm ready!,ข้าพร้อมเเล้ว!,ข้าพร้อมแล้ว!
เ+เ → แ,text,"She's one of us, Geralt. No way we'll let 'em take her.",นางเป็นพรรคพวกของเรา Geralt ไม่มีทางที่เราจะปล่อยให้พวกมันพานางไปเเน่นอน,นางเป็นพรรคพวกของเรา Geralt ไม่มีทางที่เราจะปล่อยให้พวกมันพานางไปแน่นอน
เ+เ → แ,text,Just finished hunting down the Crones of Velen and a general of the Wild Hunt.,เพิ่งไปจัดการพวก Crones เเห่ง Velen กับ นายพลแห่ง Wild Hunt มาน่ะสิ,เพิ่งไปจัดการพวก Crones แห่ง Velen กับ นายพลแห่ง Wild Hunt มาน่ะสิ
เ+เ → แ,text,Thanks. Looks like I'll have my hands full…,ขอบคุณ  เหมือนข้าจะมีงานล้นมือเเล้วล่ะ...,ขอบคุณ  เหมือนข้าจะมีงานล้นมือแล้วล่ะ...
เ+เ → แ,text,"They choose the guards from among witch hunters - the worst dregs, rabid fanatics! if you only knew what they do to folk…",พวกมันเลือกทหารยามมาจากพวกนักล่าเเม่มด พวกที่เลวร้ายที่สุด บ้าคลั่งที่สุด ถ้าเจ้ารู้ว่าพวกมันทำอะไรกับนักโทษไว้บ้าง...,พวกมันเลือกทหารยามมาจากพวกนักล่าแม่มด พวกที่เลวร้ายที่สุด บ้าคลั่งที่สุด ถ้าเจ้ารู้ว่าพวกมันทำอะไรกับนักโทษไว้บ้าง...
เ+เ → แ,text,"Welcome, Child of the Elder Blood.",ยินดีต้อนรับ บุตรเเห่ง Elder Blood,ยินดีต้อนรับ บุตรแห่ง Elder Blood
เ+เ → แ,text,Yup. That's Zoltan for you…,ช่าย นั้นเเหละ Zoltan ของเรา...,ช่าย นั้นแหละ Zoltan ของเรา...
เ+เ → แ,text,Because Zoltan lost her in a card game a few days ago.,ก็เพราะว่า Zoltan เล่นเกมส์ไพ่แพ้ เลยเสียนางไปเเล้วน่ะสิ เมื่อไม่กี่วันมานี้เอง,ก็เพราะว่า Zoltan เล่นเกมส์ไพ่แพ้ เลยเสียนางไปแล้วน่ะสิ เมื่อไม่กี่วันมานี้เอง
เ+เ → แ,text,The peasant folk of Velen call this night the Feast of Gifts. I've no idea why.,"พวกชาวบ้านใน Velen เรียกค่ำคืนนี้ว่า ""การเลี้ยงฉลองเเห่งของขวัญ"" ข้าก็ไม่เข้าใจว่าทำไม","พวกชาวบ้านใน Velen เรียกค่ำคืนนี้ว่า ""การเลี้ยงฉลองแห่งของขวัญ"" ข้าก็ไม่เข้าใจว่าทำไม"
เ+เ → แ,text,Only a fool would refuse.,มีแต่คนโง่เท่านั้นเเหละ ที่จะปฏิเสธ,มีแต่คนโง่เท่านั้นแหละ ที่จะปฏิเสธ
เ+เ → แ,text,"This place is a maze, witch! You'll never get out!",ที่นี่เป็นเขาวงกต นังเเม่มด! เจ้าออกไปไม่ได้หรอก!,ที่นี่เป็นเขาวงกต นังแม่มด! เจ้าออกไปไม่ได้หรอก!
เ+เ → แ,text,Damn rubble. Loud as a herd of rabid trolls.,ไอ้กองอิฐบ้าเอ๊ย เสียงดังอย่างกับ Troll บ้าคลั่งเเน่ะ,ไอ้กองอิฐบ้าเอ๊ย เสียงดังอย่างกับ Troll บ้าคลั่งแน่ะ
เ+เ → แ,text,There'll come a day when Avallac'h will ask you for a favor.,มันต้องมีสักวันที่ Avallac'h กลับมาขอให้เจ้าช่วยเขาเเน่ๆ,มันต้องมีสักวันที่ Avallac'h กลับมาขอให้เจ้าช่วยเขาแน่ๆ
เ+เ → แ,text,We'll manage on our own.,เราคงต้องจัดการเรื่องนี้ด้วยตัวเองเเล้วล่ะ,เราคงต้องจัดการเรื่องนี้ด้วยตัวเองแล้วล่ะ
เ+เ → แ,text,"Purer than yours, that's certain.",เจ้าช่างบริสุทธิ์ นั่นเเหละเจ้า,เจ้าช่างบริสุทธิ์ นั่นแหละเจ้า
เ+เ → แ,text,Pacing's making me nervous.,เจ้าเดินไปเดินมา ทำข้าเป็นกังวลเเล้วนะ,เจ้าเดินไปเดินมา ทำข้าเป็นกังวลแล้วนะ
เ+เ → แ,text,I don't like this…,ข้าไม่ชอบเเบบนี้เลย...,ข้าไม่ชอบแบบนี้เลย...
เ+เ → แ,text,I'll do a number on you…,ข้าจะจับเจ้าต้มแทนนี่เเหละ,ข้าจะจับเจ้าต้มแทนนี่แหละ
เ+เ → แ,text,"He craves the pleasures of the flesh - wine, sex… The Crones indulge him, flatter his ego. I'm certain he'd not let this opportunity pass, and will be on Bald Mountain for the Sabbath.",มันเป็นคนชอบดื่มด่ำกับเลือดเนื้อ ไวน์ sex... พวก Crones พยายามเอาใจมัน เยินยอสารพัด<br>ข้ามั่นใจว่ามันไม่พลาดโอกาสมาร่วมงานแน่ และจะอยู่บน Bald Mountain ในวัน Sabbath เเน่นอน,มันเป็นคนชอบดื่มด่ำกับเลือดเนื้อ ไวน์ sex... พวก Crones พยายามเอาใจมัน เยินยอสารพัด<br>ข้ามั่นใจว่ามันไม่พลาดโอกาสมาร่วมงานแน่ และจะอยู่บน Bald Mountain ในวัน Sabbath แน่นอน
เ+เ → แ,text,Allow me to introduce Geralt of Rivia.,ให้ข้าได้แนะนำให้รู้จัก Geralt เเห่ง Rivia,ให้ข้าได้แนะนำให้รู้จัก Geralt แห่ง Rivia
เ+เ → แ,text,From here to the old willow!,จากตรงนี้จนถึงต้นวิลโลว์เเก่!,จากตรงนี้จนถึงต้นวิลโลว์แก่!
เ+เ → แ,text,"We found him bound in one of the wagons. He was fine, but we could never perform in the town again.",เราพบว่าเขาถูกมัดกับเกวียน เขาเป็นคนดี แต่เราไม่สามารถทำอะไรในเมืองนี้ได้อีกเเล้ว,เราพบว่าเขาถูกมัดกับเกวียน เขาเป็นคนดี แต่เราไม่สามารถทำอะไรในเมืองนี้ได้อีกแล้ว
เ+เ → แ,text,One tough son of a bitch.,ไอ้หมูสองขานี่เก่งกว่าที่คิดเเฮะ,ไอ้หมูสองขานี่เก่งกว่าที่คิดแฮะ
เ+เ → แ,text,"We'll manage somehow! We don't leave till tomorrow, so naught to worry about today!",ไม่ต้องห่วงหรอกเดี๋ยวเราก็หาทางได้เองเเหละ เราจะยังไม่ไปไหนจนกว่าจะถึงวันพรุ่งนี้<br>ดังนั้นจะมาคิดมากตอนนี้ทำไมกันล่ะ?,ไม่ต้องห่วงหรอกเดี๋ยวเราก็หาทางได้เองแหละ เราจะยังไม่ไปไหนจนกว่าจะถึงวันพรุ่งนี้<br>ดังนั้นจะมาคิดมากตอนนี้ทำไมกันล่ะ?
เ+เ → แ,text,Don't like this idea.,ไม่ชอบความคิดนี้เลยเเฮะ,ไม่ชอบความคิดนี้เลยแฮะ
เ+เ → แ,text,Pretty damned good at finding lost voices.,ด่าซะเจ็บเลยนะ เเต่ข้าก็หาเสียงเจ้ากลับมาได้ละกัน,ด่าซะเจ็บเลยนะ แต่ข้าก็หาเสียงเจ้ากลับมาได้ละกัน
เ+เ → แ,text,Loads of footprints. Crowd of peasants came through here.,รอยเท้าเต็มไปหมด ชาวบ้านต้องเดินผ่านทางนี้เป็นประจำเเน่ๆ,รอยเท้าเต็มไปหมด ชาวบ้านต้องเดินผ่านทางนี้เป็นประจำแน่ๆ
เ+เ → แ,text,"Ach, oldest trick in the book. Posed as a merchant conveyin' some wine. Soon as they eyed me, they decided an inspection was in order.",อ่า เทคนิคเก่าแก่จากหนังสือเลยล่ะ ข้าก็จะปลอมตัวเป็นพ่อค้าขนไวน์ผ่านมาพอพวกมันเห็นข้าล่ะก็ พวกมันจะต้องขอตรวจสอบเเน่นอน,อ่า เทคนิคเก่าแก่จากหนังสือเลยล่ะ ข้าก็จะปลอมตัวเป็นพ่อค้าขนไวน์ผ่านมาพอพวกมันเห็นข้าล่ะก็ พวกมันจะต้องขอตรวจสอบแน่นอน
เ+เ → แ,text,That went smoothly.,ง่ายกว่าที่คิดเเฮะ,ง่ายกว่าที่คิดแฮะ
เ+เ → แ,text,Through a world whose sun had just died. I barely reached the next passage in time.,ผ่านไปยังโลกซึ่งดวงอาทิตย์พึ่งจะแตกดับไป ข้าเกือบจะหาประตูมิติไม่ทันเวลาเเน่ะ,ผ่านไปยังโลกซึ่งดวงอาทิตย์พึ่งจะแตกดับไป ข้าเกือบจะหาประตูมิติไม่ทันเวลาแน่ะ
เ+เ → แ,text,"Her height, perhaps. Nothing more.",จะคล้ายคลึงก็แค่ ความสูงของนางเท่านั้นเเหละ,จะคล้ายคลึงก็แค่ ความสูงของนางเท่านั้นแหละ
เ+เ → แ,text,"If you can't believe it, don't. I don't need you to.",ถ้ามันยากนัก ก็ไม่ต้องเชื่อ ข้าก็ไม่ได้จำเป็นต้องให้ท่านเชื่ออยู่เเล้ว,ถ้ามันยากนัก ก็ไม่ต้องเชื่อ ข้าก็ไม่ได้จำเป็นต้องให้ท่านเชื่ออยู่แล้ว
เ+เ → แ,text,How's Rita know? Barely got out of prison herself.,Rita รู้ได้ยังไง? ตัวนางเองเพิ่งออกจากคุกได้เเท้ๆ,Rita รู้ได้ยังไง? ตัวนางเองเพิ่งออกจากคุกได้แท้ๆ
เ+เ → แ,text,"Snow's up to the rooftops, wonder how long this blizzard's been blowing.",หิมะสูงถึงหลังคาเลยเเฮะ สงสัยจังว่าพายุหิมะพัดมานานแค่ไหนกัน,หิมะสูงถึงหลังคาเลยแฮะ สงสัยจังว่าพายุหิมะพัดมานานแค่ไหนกัน
เ+เ → แ,text,You know me. Nothing I like more than breaking rules.,ท่านรู้จักข้าดี ไม่มีอะไรที่ข้าโปรดปรานไปกว่าการแหกกฏเเล้วนี่,ท่านรู้จักข้าดี ไม่มีอะไรที่ข้าโปรดปรานไปกว่าการแหกกฏแล้วนี่
เ+เ → แ,text,Get to work.,ถึงเวลาไปทำงานของข้าเเล้ว,ถึงเวลาไปทำงานของข้าแล้ว
เ+เ → แ,text,And I despise teleports. But have it your way. Let's go.,และข้าก็เกลียดการเคลื่อนย้ายมิติ แต่ช่างเถอะ เอาตามวิธีของเจ้าก็เเล้วกัน ไปกันเถอะ,และข้าก็เกลียดการเคลื่อนย้ายมิติ แต่ช่างเถอะ เอาตามวิธีของเจ้าก็แล้วกัน ไปกันเถอะ
เ+เ → แ,text,Look at 'em. You think their ever-lovin' mums and wifeys wanna see 'em in this state?,ดูพวกเขาสิ เจ้าคิดว่าพวกคนรักของพวกเขาจะอยากเห็นพวกเขาในสภาพเเบบนี้งั้นรึ?,ดูพวกเขาสิ เจ้าคิดว่าพวกคนรักของพวกเขาจะอยากเห็นพวกเขาในสภาพแบบนี้งั้นรึ?
เ+เ → แ,text,"Listen, Ermion. Know anything about the Sunstone? Legends place it somewhere in Skellige.","ฟังนะ Ermoin ท่านรู้อะไรเกี่ยวกับ ""ศิลาพระอาทิตย์"" บ้างไหม? ตำนานกล่าวไว้ว่ามันอยู่ที่ไหนสักแห่งในหมู่เกาะ Skellige เนี่ยเเหละ","ฟังนะ Ermoin ท่านรู้อะไรเกี่ยวกับ ""ศิลาพระอาทิตย์"" บ้างไหม? ตำนานกล่าวไว้ว่ามันอยู่ที่ไหนสักแห่งในหมู่เกาะ Skellige เนี่ยแหละ"
เ+เ → แ,text,"All very romantic, but perhaps instead of destroying the girl's life, you could take Yennefer with you. And go.",ฟังดูโรเเมนติคมากแต่บางที แทนที่เจ้าจะทำลายอนาคตของนาง บางทีเจ้าอาจจะพา Yennefer ไปแทน แล้วไปซะ,ฟังดูโรแมนติคมากแต่บางที แทนที่เจ้าจะทำลายอนาคตของนาง บางทีเจ้าอาจจะพา Yennefer ไปแทน แล้วไปซะ
เ+เ → แ,text,Keep looking. It must be here.,หาต่อไป มันต้องอยู่ที่นี่เเน่,หาต่อไป มันต้องอยู่ที่นี่แน่
เ+เ → แ,text,"It's definitely you. Hm, really captured you.",นี่เจ้าเเน่ๆ หือ เหมือนเป๊ะเลยนะ,นี่เจ้าแน่ๆ หือ เหมือนเป๊ะเลยนะ
เ+เ → แ,text,Never been to a cemetery to visit someone's grave. Always hunting some ghoul or rotfiend.,ไม่เคยไปที่สุสานเพื่อเยี่ยมหลุมศพของใครมาก่อนเลยเเฮะ มัวแต่ล่า Ghoul กับ Rotfiend,ไม่เคยไปที่สุสานเพื่อเยี่ยมหลุมศพของใครมาก่อนเลยแฮะ มัวแต่ล่า Ghoul กับ Rotfiend
เ+เ → แ,text,"The Wild Hunt was after me. Had Skjall not led me away then… Why, they would've reduced Lofoten to ash.",พวก Wild Hunt กำลังตามล่าข้า ถ้า Skjall ไม่พาข้าหนีออกมา พวกมันคงพังหมู่บ้าน Lofoten จนไม่เหลือซากไปเเล้ว,พวก Wild Hunt กำลังตามล่าข้า ถ้า Skjall ไม่พาข้าหนีออกมา พวกมันคงพังหมู่บ้าน Lofoten จนไม่เหลือซากไปแล้ว
เ+เ → แ,text,Time to start anew.,ได้เวลาเริ่มใหม่เเล้วล่ะ,ได้เวลาเริ่มใหม่แล้วล่ะ
เ+เ → แ,text,"Go, Geralt, Avallac'h awaits.",ไปได้เเล้ว Geralt Avallac'h รอเจ้าอยู่,ไปได้แล้ว Geralt Avallac'h รอเจ้าอยู่
เ+เ → แ,text,They approach.,พวกมันใกล้เข้ามาเเล้ว,พวกมันใกล้เข้ามาแล้ว
เ+เ → แ,text,"Hah! Why should I tell you, Wolf? You might've come. All others did.",ฮ่า! ทำไมข้าถึงต้องบอกเจ้าล่ะ หมาป่า? เจ้ามาได้อยู่เเล้ว คนอื่นก็มาได้,ฮ่า! ทำไมข้าถึงต้องบอกเจ้าล่ะ หมาป่า? เจ้ามาได้อยู่แล้ว คนอื่นก็มาได้
เ+เ → แ,text,"When I was a boy, my parents brought me to Skellige once.",ตอนที่ข้ายังเป็นเด็ก ครอบครัวข้าเคยพาข้าไปยัง Skellige ครั้งนึงด้วยเเหละ,ตอนที่ข้ายังเป็นเด็ก ครอบครัวข้าเคยพาข้าไปยัง Skellige ครั้งนึงด้วยแหละ
เ+เ → แ,text,Damn the dogs. He's hidden somewhere!,ไอ้หมาบ้าเอ๊ย เขาต้องซ่อนอยู่ที่ไหนสักแห่งเเน่!,ไอ้หมาบ้าเอ๊ย เขาต้องซ่อนอยู่ที่ไหนสักแห่งแน่!
เ+เ → แ,text,Only I can stop the destruction. I've given it much thought and made my decision.,มีเพียงข้าทีสามารถหยุดการทำลายนี้   ข้าคิดถึงสิ่งทีข้าตัดสินใจทำลงไปเเล้ว,มีเพียงข้าทีสามารถหยุดการทำลายนี้   ข้าคิดถึงสิ่งทีข้าตัดสินใจทำลงไปแล้ว
เ+เ → แ,text,Aha! Blasphemy! Been some time since we've had someone pulled behind the horses.,อะห๊า! ดูถูกกันเกินไปเเล้ว! เป็นเวลาตั้งแต่ที่เรามีคนลากหลังม้า,อะห๊า! ดูถูกกันเกินไปแล้ว! เป็นเวลาตั้งแต่ที่เรามีคนลากหลังม้า
เ+เ → แ,text,"They're smart, grow attached - bit like people. Saw officers weep for their fallen mounts…",พวกมันฉลาดแล้วก็ผูกพันกับเจ้าของ เหมือนกับคนนี่เเหละ ข้าเคยเห็นพวกนายทหารร้องไห้ให้กับม้าของเขาที่ตายไป,พวกมันฉลาดแล้วก็ผูกพันกับเจ้าของ เหมือนกับคนนี่แหละ ข้าเคยเห็นพวกนายทหารร้องไห้ให้กับม้าของเขาที่ตายไป
เ+เ → แ,text,She's close. Somewhere here…,นางใกล้เข้ามาแล้ว ที่ไหนสักแห่งที่นี่เเหละ...,นางใกล้เข้ามาแล้ว ที่ไหนสักแห่งที่นี่แหละ...
เ+เ → แ,text,Anyone aiding criminals will be subject to punishment by the Holy Tribunal of the Eternal Fire.,ใครก็ตามที่ให้ความช่วยเหลือจะต้องถูกลงโทษโดยคำพิพากษาอันศักดิ์สิทธิ์เเห่ง Eternal Fire,ใครก็ตามที่ให้ความช่วยเหลือจะต้องถูกลงโทษโดยคำพิพากษาอันศักดิ์สิทธิ์แห่ง Eternal Fire
เ+เ → แ,text,"The chalice must be found. Tell us what you know, or you will force us to extract it.",ถ้วยจะต้องถูกหาเจอเเน่ บอกสิ่งที่เจ้ารู้มาซะ หรือจะให้พวกเราใช้กำลัง,ถ้วยจะต้องถูกหาเจอแน่ บอกสิ่งที่เจ้ารู้มาซะ หรือจะให้พวกเราใช้กำลัง
เ+เ → แ,text,"Nilfgaardians, Redanians… Same shite.",Nilfgaardian Redanian…เลวเหมือนกันหมดนั่นเเหละ,Nilfgaardian Redanian…เลวเหมือนกันหมดนั่นแหละ
เ+เ → แ,text,I did. I did! Hahahaha!,ข้าทำ ข้าทำเองเเหละ ฮ่าๆๆๆ,ข้าทำ ข้าทำเองแหละ ฮ่าๆๆๆ
เ+เ → แ,text,"But as I said, she's getting better. Even started performing again. Thank the gods.",อย่างที่ข้าพูดไว้นั่นเเหละ อาการของนางกำลังดีขึ้นเรื่อยๆ ในไม่ช้านางจะกลับมาแสดงได้อีกครั้ง ต้องขอบคุณพระเจ้าจริงๆ,อย่างที่ข้าพูดไว้นั่นแหละ อาการของนางกำลังดีขึ้นเรื่อยๆ ในไม่ช้านางจะกลับมาแสดงได้อีกครั้ง ต้องขอบคุณพระเจ้าจริงๆ
สระ/วรรณยุกต์ซ้อน,strings,178067,กระดููก,กระดูก
สระ/วรรณยุกต์ซ้อน,strings,184514,ขอบคุุณ ขอให้โชคดี,ขอบคุณ ขอให้โชคดี
สระ/วรรณยุกต์ซ้อน,strings,382559,พวกเด็กๆ อยู่ทีี่ไหน,พวกเด็กๆ อยู่ที่ไหน
สระ/วรรณยุกต์ซ้อน,strings,383982,ข้าต้องการข้อมููลมากกว่านั้น ขอดูห้องของพวกเขาได้มั้ย,ข้าต้องการข้อมูลมากกว่านั้น ขอดูห้องของพวกเขาได้มั้ย
สระ/วรรณยุกต์ซ้อน,strings,393913,ข้ายังตัดสินใจไม่ได้เลยระหว่าง 2 คนนีี้คือ Abelard Rizza ที่น่าจะเป็นตัวเลือกที่ปลอดภัยกว่า เขาทำงานอยู่กับเรามาหลายปี มีเทคนิคการแสดงที่ยอดเยี่ยม แต่เขาไม่ค่อยเป็นที่ชื่นชอบของคนดูสักเท่าไร,ข้ายังตัดสินใจไม่ได้เลยระหว่าง 2 คนนี้คือ Abelard Rizza ที่น่าจะเป็นตัวเลือกที่ปลอดภัยกว่า เขาทำงานอยู่กับเรามาหลายปี มีเทคนิคการแสดงที่ยอดเยี่ยม แต่เขาไม่ค่อยเป็นที่ชื่นชอบของคนดูสักเท่าไร
สระ/วรรณยุกต์ซ้อน,strings,394072,ฝููงชนไม่ชอบหัวเราะเยาะ แต่จะมีกี่คนที่กล้าสู้กับวิทเชอร์,ฝูงชนไม่ชอบหัวเราะเยาะ แต่จะมีกี่คนที่กล้าสู้กับวิทเชอร์
สระ/วรรณยุกต์ซ้อน,strings,403760,ตอนนี้้ข้ารู้แล้ว ว่าชื่อเล่นของท่านมาจากไหน,ตอนนี้ข้ารู้แล้ว ว่าชื่อเล่นของท่านมาจากไหน
สระ/วรรณยุกต์ซ้อน,strings,410246,เมื่่อพวกเราเริ่มหิวโหยมากขึ้นเรื่อยๆ พวกชาวบ้านที่เป็นโรคฝี พยายามว่ายน้ำหนีเข้าไป แต่พวก Redaninans ไล่พวกเขากลับมา หรือไม่ก็ปล่อยให้จมน้ำตายในแม่น้ำนั้นแหละ,เมื่อพวกเราเริ่มหิวโหยมากขึ้นเรื่อยๆ พวกชาวบ้านที่เป็นโรคฝี พยายามว่ายน้ำหนีเข้าไป แต่พวก Redaninans ไล่พวกเขากลับมา หรือไม่ก็ปล่อยให้จมน้ำตายในแม่น้ำนั้นแหละ
สระ/วรรณยุกต์ซ้อน,strings,414899,รัับมันไป ในระหว่างที่ข้ายังใจดีอยู่,รับมันไป ในระหว่างที่ข้ายังใจดีอยู่
สระ/วรรณยุกต์ซ้อน,strings,426910,ข้าไม่่ไปไหนทั้งนั้นแหละ,ข้าไม่ไปไหนทั้งนั้นแหละ
สระ/วรรณยุกต์ซ้อน,strings,427482,นั่่นไง - เจ้าเห็นข้าโบกมันอยู่มั้ย ดูนี่สิ ดู!,นั่นไง - เจ้าเห็นข้าโบกมันอยู่มั้ย ดูนี่สิ ดู!
สระ/วรรณยุกต์ซ้อน,strings,433692,นี่่เจ้าไปมีเรื่องบาดหมางกับตระกูล var Emreis มางั้นรึ? คงไม่ เพราะถ้าเป็นดังนั้นจริงเจ้าคงตายไปนานแล้ว<br>ดูเหมือนว่า เจ้ากับเขาจะมีจุดประสงค์ร่วมกันแฮะ,นี่เจ้าไปมีเรื่องบาดหมางกับตระกูล var Emreis มางั้นรึ? คงไม่ เพราะถ้าเป็นดังนั้นจริงเจ้าคงตายไปนานแล้ว<br>ดูเหมือนว่า เจ้ากับเขาจะมีจุดประสงค์ร่วมกันแฮะ
สระ/วรรณยุกต์ซ้อน,strings,451659,นั่่นมันหลายขวดเลยนะ คืนนี้ของพวกเราจะต้องเงียบเหงาแน่ๆ,นั่นมันหลายขวดเลยนะ คืนนี้ของพวกเราจะต้องเงียบเหงาแน่ๆ
สระ/วรรณยุกต์ซ้อน,strings,453513,ดููไม่เหมือนฝีมือของพวก Necrophagess…,ดูไม่เหมือนฝีมือของพวก Necrophagess…
สระ/วรรณยุกต์ซ้อน,strings,464333,เจ้าจะไปงานกัับข้ามั้ย,เจ้าจะไปงานกับข้ามั้ย
สระ/วรรณยุกต์ซ้อน,strings,473047,มัันแย่ขึ้น และแย่ขึ้นเรื่อยๆ ใกล้ถึงเวลาที่ต้องจากไปแล้ว,มันแย่ขึ้น และแย่ขึ้นเรื่อยๆ ใกล้ถึงเวลาที่ต้องจากไปแล้ว
สระ/วรรณยุกต์ซ้อน,strings,475536,มีข่าวอะไรใหม่ๆ จากพี่น้อง The Lodge บ้างมัั้ย,มีข่าวอะไรใหม่ๆ จากพี่น้อง The Lodge บ้างมั้ย
สระ/วรรณยุกต์ซ้อน,strings,478808,เจ้้าช่วยข้าตามรอยเขาไม่ได้หรอก ดังนั้น ก็ไม่มีเหตุผลที่จะให้เจ้าไปกับข้า,เจ้าช่วยข้าตามรอยเขาไม่ได้หรอก ดังนั้น ก็ไม่มีเหตุผลที่จะให้เจ้าไปกับข้า
สระ/วรรณยุกต์ซ้อน,strings,478903,[หยุุดเถอะ ข้าเจ็บปวดเหลือเกิน],[หยุดเถอะ ข้าเจ็บปวดเหลือเกิน]
สระ/วรรณยุกต์ซ้อน,strings,479324,ก็มี Dandelion กับคณะละครของ Irina Renard แค่ 2 คนนี้เท่านั้นแหละ - ข้าไม่แน่ใจว่าเขามีเพื่อนคนอื่่นอีกมั้ย เขาใช้เวลาตั้งแต่เช้าถึงเย็นอยู่กับพวกคณะละครทั้งบนเวทีและท่ามกลางคนดู,ก็มี Dandelion กับคณะละครของ Irina Renard แค่ 2 คนนี้เท่านั้นแหละ - ข้าไม่แน่ใจว่าเขามีเพื่อนคนอื่นอีกมั้ย เขาใช้เวลาตั้งแต่เช้าถึงเย็นอยู่กับพวกคณะละครทั้งบนเวทีและท่ามกลางคนดู
สระ/วรรณยุกต์ซ้อน,strings,480181,ดููไม่ออกเหรอ,ดูไม่ออกเหรอ
สระ/วรรณยุกต์ซ้อน,strings,481285,หยิบอาวุุธของเจ้าขึ้นมา,หยิบอาวุธของเจ้าขึ้นมา
สระ/วรรณยุกต์ซ้อน,strings,482365,ลาก่่อน,ลาก่อน
สระ/วรรณยุกต์ซ้อน,strings,482385,ไม่ใช่่กับข้า,ไม่ใช่กับข้า
สระ/วรรณยุกต์ซ้อน,strings,484189,โธ่่ววว เขาแย่ขนาดนั้นเลย,โธ่ววว เขาแย่ขนาดนั้นเลย
สระ/วรรณยุกต์ซ้อน,strings,490567,เอาล่ะ เจ้ารู้เรื่องพื้นฐานแล้ว นั่่นชัดเจนดี ตอนนี้ก็แสดงจริงได้ล่ะ,เอาล่ะ เจ้ารู้เรื่องพื้นฐานแล้ว นั่นชัดเจนดี ตอนนี้ก็แสดงจริงได้ล่ะ
สระ/วรรณยุกต์ซ้อน,strings,496962,งั้้นเหรอ ผู้ชายที่แท้จริงต้องมีพลังมากกว่านี้!,งั้นเหรอ ผู้ชายที่แท้จริงต้องมีพลังมากกว่านี้!
สระ/วรรณยุกต์ซ้อน,strings,497586,ข้้าขอโทษ,ข้าขอโทษ
สระ/วรรณยุกต์ซ้อน,strings,499107,ในการประมูลน่ะ ที่ดินนักเวทบางที่ถููกประมูลขายไปได้ นักล่าแม่มดและ Eternal Fire เข้ามายึดที่เป็นของตัวเอง,ในการประมูลน่ะ ที่ดินนักเวทบางที่ถูกประมูลขายไปได้ นักล่าแม่มดและ Eternal Fire เข้ามายึดที่เป็นของตัวเอง
สระ/วรรณยุกต์ซ้อน,strings,513658,ข้้าต้องจ่ายเท่าไรถึงจะเช่าเรือลำนี้ได้,ข้าต้องจ่ายเท่าไรถึงจะเช่าเรือลำนี้ได้
สระ/วรรณยุกต์ซ้อน,strings,524192,มีีคนอื่นอีกมั้ยที่ข้าสู้ด้วยได้,มีคนอื่นอีกมั้ยที่ข้าสู้ด้วยได้
สระ/วรรณยุกต์ซ้อน,strings,525485,ข้าจะหาเจ้าเจอได้ยัังไง ถ้าข้าต้องการเจ้า,ข้าจะหาเจ้าเจอได้ยังไง ถ้าข้าต้องการเจ้า
สระ/วรรณยุกต์ซ้อน,strings,526726,ใช่สุุสานมั้ย?,ใช่สุสานมั้ย?
สระ/วรรณยุกต์ซ้อน,strings,535884,เจ้้าตัวประหลาดนี้อาจจะเป็นลูกสาวท่าน,เจ้าตัวประหลาดนี้อาจจะเป็นลูกสาวท่าน
สระ/วรรณยุกต์ซ้อน,strings,537442,คิดว่่าเราทิ้งโต้ะนั้นไปตั้งแต่สมัยนู้นแล้วซะอีก,คิดว่าเราทิ้งโต้ะนั้นไปตั้งแต่สมัยนู้นแล้วซะอีก
สระ/วรรณยุกต์ซ้อน,strings,538468,ข้าทำอาหารไม่่เก่งน่ะ,ข้าทำอาหารไม่เก่งน่ะ
สระ/วรรณยุกต์ซ้อน,strings,539039,สวัสดีี,สวัสดี
สระ/วรรณยุกต์ซ้อน,strings,539924,ดููเหมือนว่ามีใครบางคนพึ่งออกไปได้ไม่นาน,ดูเหมือนว่ามีใครบางคนพึ่งออกไปได้ไม่นาน
สระ/วรรณยุกต์ซ้อน,strings,541562,คุุยกับ Ciri,คุยกับ Ciri
สระ/วรรณยุกต์ซ้อน,strings,543937,นี่่อธิบายได้ว่าทำไมตัวผู้ที่ข้าเจอเข้าถึงได้ดุร้ายนัก,นี่อธิบายได้ว่าทำไมตัวผู้ที่ข้าเจอเข้าถึงได้ดุร้ายนัก
สระ/วรรณยุกต์ซ้อน,strings,551469,จริงหรือเนี่ย นี่พวกเจ้าไม่เคยได้ยินเรื่่องของ Gealbhan กับ Dillian แห่งกองเรือสีขาวเลยงั้นเหรอ?,จริงหรือเนี่ย นี่พวกเจ้าไม่เคยได้ยินเรื่องของ Gealbhan กับ Dillian แห่งกองเรือสีขาวเลยงั้นเหรอ?
สระ/วรรณยุกต์ซ้อน,strings,551861,ถึงเวลาไปทำงานของข้าเเล้้ว,ถึงเวลาไปทำงานของข้าเเล้ว
สระ/วรรณยุกต์ซ้อน,strings,559508,ฟังดููไม่น่าเชื่อเท่าไรนะ,ฟังดูไม่น่าเชื่อเท่าไรนะ
สระ/วรรณยุกต์ซ้อน,strings,561812,ดููเหมือนว่า Avallac'h จะวิเคราะห์ทุกเชื้อสายที่มาจาก Lara เลยนะเนี่ย แม้แต่บางสายพันธ์ุที่เราคิดว่าสูญพันธุ์ไปแล้วก็ตาม,ดูเหมือนว่า Avallac'h จะวิเคราะห์ทุกเชื้อสายที่มาจาก Lara เลยนะเนี่ย แม้แต่บางสายพันธ์ุที่เราคิดว่าสูญพันธุ์ไปแล้วก็ตาม
สระ/วรรณยุกต์ซ้อน,strings,563713,สุุดท้าย เจ้าก็ทนไม่ไหว,สุดท้าย เจ้าก็ทนไม่ไหว
สระ/วรรณยุกต์ซ้อน,strings,564171,เจ้าดููน่ากลัวชะมัด,เจ้าดูน่ากลัวชะมัด
สระ/วรรณยุกต์ซ้อน,strings,573061,สำนักหมาป่่า,สำนักหมาป่า
สระ/วรรณยุกต์ซ้อน,strings,573477,เจ้้าจะไปไหน! ไอหน้าโง่!,เจ้าจะไปไหน! ไอหน้าโง่!
สระ/วรรณยุกต์ซ้อน,strings,573757,นึกว่าเจ้าจะมาถึงก่่อนหน้านี้,นึกว่าเจ้าจะมาถึงก่อนหน้านี้
สระ/วรรณยุกต์ซ้อน,strings,577218,ก็ได้้,ก็ได้
สระ/วรรณยุกต์ซ้อน,strings,579141,นางเสีียใจที่ไม่ได้กล่าวอำลาท่าน,นางเสียใจที่ไม่ได้กล่าวอำลาท่าน
สระ/วรรณยุกต์ซ้อน,strings,580298,ขึึ้นเรือมันไปเลย เราต้องการจับเป็นพวกมัน!,ขึ้นเรือมันไปเลย เราต้องการจับเป็นพวกมัน!
สระ/วรรณยุกต์ซ้อน,strings,581797,ท่านแม่ นีี่ข้าเอง ท่านจำข้าได้มั้ย,ท่านแม่ นี่ข้าเอง ท่านจำข้าได้มั้ย
สระ/วรรณยุกต์ซ้อน,strings,587374,ไม่นะ ข้าไม่คิดแบบนัั้น ข้าหมายถึง นางดูไม่เหมือนถูกคำสาปเลย,ไม่นะ ข้าไม่คิดแบบนั้น ข้าหมายถึง นางดูไม่เหมือนถูกคำสาปเลย
สระ/วรรณยุกต์ซ้อน,strings,588014,พวกนัั้นมาก่อจลาจลใน Deireadh,พวกนั้นมาก่อจลาจลใน Deireadh
สระ/วรรณยุกต์ซ้อน,strings,590696,ทั้งเนื้อในการพลูกัับอบเชย ไก่ย่างอบกับ Capon ทั้งหมดคุ้มค่ากับการรอคอยจริงๆ,ทั้งเนื้อในการพลูกับอบเชย ไก่ย่างอบกับ Capon ทั้งหมดคุ้มค่ากับการรอคอยจริงๆ
สระ/วรรณยุกต์ซ้อน,strings,593765,บางทีเจ้าพวกที่อยู่ข้างล่างนั่นอาจจะมาทีี่นี่โดยบังเอิญก็ได้นะ,บางทีเจ้าพวกที่อยู่ข้างล่างนั่นอาจจะมาที่นี่โดยบังเอิญก็ได้นะ
สระ/วรรณยุกต์ซ้อน,strings,594067,ข้าไม่่ให้ทองแดงแก่เจ้า,ข้าไม่ให้ทองแดงแก่เจ้า
สระ/วรรณยุกต์ซ้อน,strings,1002492,มัันคืออะไรนะ,มันคืออะไรนะ
สระ/วรรณยุกต์ซ้อน,strings,1002511,มัันคืออะไรนะ,มันคืออะไรนะ
สระ/วรรณยุกต์ซ้อน,strings,1006264,ดุม ดี ดุุม วิทเชอร์,ดุม ดี ดุม วิทเชอร์
สระ/วรรณยุกต์ซ้อน,strings,1008649,มีีคนฝังเขาไว้ ไม่ดีเท่าไร แต่ดูแลเป็นอย่างดี,มีคนฝังเขาไว้ ไม่ดีเท่าไร แต่ดูแลเป็นอย่างดี
สระ/วรรณยุกต์ซ้อน,strings,1008893,ยินดีีรับใช้,ยินดีรับใช้
สระ/วรรณยุกต์ซ้อน,strings,1009854,ฮึ่่บ  เฟรอออ,ฮึ่บ  เฟรอออ
สระ/วรรณยุกต์ซ้อน,strings,1012838,ยัังไง-โอ๊ย-โอ๊ย-อุ๊บ !,ยังไง-โอ๊ย-โอ๊ย-อุ๊บ !
สระ/วรรณยุกต์ซ้อน,strings,1019018,ไอ้ลููกกระหรี่! ช่วยด้วย! ขโมยย!,ไอ้ลูกกระหรี่! ช่วยด้วย! ขโมยย!
สระ/วรรณยุกต์ซ้อน,strings,1020604,เจ้าเชื่อว่าสัตว์ร้ายฆ่าพวกเขางั้นเหรอ? ข้าไม่เชื่อแบบนัั้น ศพถูกดูดน้ำออกจากร่าง แต่บางทีพวกเขาอาจจะพยายามจับกุมนักเวทหลบหนีแล้วโดนร่ายเวทมนตร์ใส่?,เจ้าเชื่อว่าสัตว์ร้ายฆ่าพวกเขางั้นเหรอ? ข้าไม่เชื่อแบบนั้น ศพถูกดูดน้ำออกจากร่าง แต่บางทีพวกเขาอาจจะพยายามจับกุมนักเวทหลบหนีแล้วโดนร่ายเวทมนตร์ใส่?
สระ/วรรณยุกต์ซ้อน,strings,1020894,อย่่างน้อยผลก็ออกมาดีละนะ,อย่างน้อยผลก็ออกมาดีละนะ
สระ/วรรณยุกต์ซ้อน,strings,1021323,นี่่อะไรนะ,นี่อะไรนะ
สระ/วรรณยุกต์ซ้อน,strings,1022395,เจ้าเคยได้ยิินมั้ย คนแปลกหน้าเฆี่ยน Einar เขาไม่สามารถยืนตรงได้แม้ผ่านไปแล้วสามวัน,เจ้าเคยได้ยินมั้ย คนแปลกหน้าเฆี่ยน Einar เขาไม่สามารถยืนตรงได้แม้ผ่านไปแล้วสามวัน
สระ/วรรณยุกต์ซ้อน,strings,1022723,ใจเย็น ข้าอยากพููดคุย,ใจเย็น ข้าอยากพูดคุย
สระ/วรรณยุกต์ซ้อน,strings,1024965,ข้้าถามเอลซ่าว่าเธอได้เงินนั้นมาจากไหน นางบอกว่าจากการนอนกับพวก Black ข้าบอกเจ้าแล้ว!,ข้าถามเอลซ่าว่าเธอได้เงินนั้นมาจากไหน นางบอกว่าจากการนอนกับพวก Black ข้าบอกเจ้าแล้ว!
สระ/วรรณยุกต์ซ้อน,strings,1029254,โอ้ หรือว่าเจ้าจะเปลี่่ยนใจแล้ว?,โอ้ หรือว่าเจ้าจะเปลี่ยนใจแล้ว?
สระ/วรรณยุกต์ซ้อน,strings,1030836,หืืม ฟังดูเหมือนปริศนาจริงๆ นั่นแหละ,หืม ฟังดูเหมือนปริศนาจริงๆ นั่นแหละ
สระ/วรรณยุกต์ซ้อน,strings,1033708,มีีอะไรขายมั่ง ขอดูหน่อย,มีอะไรขายมั่ง ขอดูหน่อย
สระ/วรรณยุกต์ซ้อน,strings,1036780,ข้าหวังว่าพวกผีที่ไม่ได้ถูกฝังพวกนี้คงไม่ลุกขึ้นมาทำร้ายเราหมดทุกตัวหรอกนะ ไม่เช่นนั้นสนามรบนั้นคงมีปัญหาผีลุุกขึ้นมามากมายนับไม่ถ้วนเลยล่ะ,ข้าหวังว่าพวกผีที่ไม่ได้ถูกฝังพวกนี้คงไม่ลุกขึ้นมาทำร้ายเราหมดทุกตัวหรอกนะ ไม่เช่นนั้นสนามรบนั้นคงมีปัญหาผีลุกขึ้นมามากมายนับไม่ถ้วนเลยล่ะ
สระ/วรรณยุกต์ซ้อน,strings,1039536,ลองดููสิ เจ้าชาวนา ข้าจะเป็นคู่ซ้อมให้,ลองดูสิ เจ้าชาวนา ข้าจะเป็นคู่ซ้อมให้
สระ/วรรณยุกต์ซ้อน,strings,1039905,ข้้ามีงานให้เจ้าทำ อย่ามายืนตากฝนกันแบบนี้เลย ไปที่บ้านข้าเถอะ เราจะคุยกันที่นั่น,ข้ามีงานให้เจ้าทำ อย่ามายืนตากฝนกันแบบนี้เลย ไปที่บ้านข้าเถอะ เราจะคุยกันที่นั่น
สระ/วรรณยุกต์ซ้อน,strings,1041673,ปัญหางั้นเหรอ? เรามีปัญหากันที่นี่มั้ย? ท่านทััั้งหลาย? ไม่ ไม่มีหรอก ข้าแค่อยากจะแนะนำให้เจ้ารู้จักเพื่อนใหม่ของข้าหน่อยนะ ก่อนที่บอกให้พวกมันไสหัวไปซะ เพราะเราคุยกันจบแล้ว ถูกมั้ย?,ปัญหางั้นเหรอ? เรามีปัญหากันที่นี่มั้ย? ท่านทั้งหลาย? ไม่ ไม่มีหรอก ข้าแค่อยากจะแนะนำให้เจ้ารู้จักเพื่อนใหม่ของข้าหน่อยนะ ก่อนที่บอกให้พวกมันไสหัวไปซะ เพราะเราคุยกันจบแล้ว ถูกมั้ย?
สระ/วรรณยุกต์ซ้อน,strings,1041733,มีีผู้บุกรุกในหอคอย การตอบโต้ด้วยน้ำทำงาน,มีผู้บุกรุกในหอคอย การตอบโต้ด้วยน้ำทำงาน
สระ/วรรณยุกต์ซ้อน,strings,1041895,ไม่มีีทาง,ไม่มีทาง
สระ/วรรณยุกต์ซ้อน,strings,1042454,ได้้ ข้าจะไปบอกนางเอง อย่างน้อยนางก็ควรจะได้รู้,ได้ ข้าจะไปบอกนางเอง อย่างน้อยนางก็ควรจะได้รู้
สระ/วรรณยุกต์ซ้อน,strings,1045374,ดููเหมือนว่าพวกเขาไม่สามารถตัดสินใจเรื่องสีได้,ดูเหมือนว่าพวกเขาไม่สามารถตัดสินใจเรื่องสีได้
สระ/วรรณยุกต์ซ้อน,strings,1046084,ดังเช่นนักขุดค้นที่พบหลักฐานในซากโบราณของเอลฟ์ Geralt ก็ค่อยค้นพบแผนการอันแยบยลของข้า เขาพบว่าข้าไม่ได้เข้าไปจากทางระบายน้ำแบบพวกไร้สมอง แต่ทลายเข้าไปจากด้านใน โดยหย่อนระเบิดลงทางท่อน้ำทิ้งของอ่างอาบน้ำ หลังจากรู้เรื่อง Dijkstra ได้สั่งให้เสมียนคนสนิท Happen ตรวจค้นรายชื่อแขกทุกคน จากจุดนั้น พวกเขารู้ว่าอ่างเจ้าปัญหานั่นถูกใช้โดย Margrave Henckel ในวันนั้น ก็ไม่มีอะไรแปลกถ้า Margrave จะมาหาที่เอาตูดแช่น้ำ แต่ไอ้ Margrave นี่มันตายไปก่อนวันที่ตูดมันมาแช่น้ำตั้งหลายเดือนมาแล้ว Dijkstra จึงจ้างให้้ Geralt ไปสำรวจบ้านของ Margrave โดยหวังว่า วิทเชอร์ จะพบเบาะแสเกี่ยวกับสมบัติที่ถูกขโมยไป<br>,ดังเช่นนักขุดค้นที่พบหลักฐานในซากโบราณของเอลฟ์ Geralt ก็ค่อยค้นพบแผนการอันแยบยลของข้า เขาพบว่าข้าไม่ได้เข้าไปจากทางระบายน้ำแบบพวกไร้สมอง แต่ทลายเข้าไปจากด้านใน โดยหย่อนระเบิดลงทางท่อน้ำทิ้งของอ่างอาบน้ำ หลังจากรู้เรื่อง Dijkstra ได้สั่งให้เสมียนคนสนิท Happen ตรวจค้นรายชื่อแขกทุกคน จากจุดนั้น พวกเขารู้ว่าอ่างเจ้าปัญหานั่นถูกใช้โดย Margrave Henckel ในวันนั้น ก็ไม่มีอะไรแปลกถ้า Margrave จะมาหาที่เอาตูดแช่น้ำ แต่ไอ้ Margrave นี่มันตายไปก่อนวันที่ตูดมันมาแช่น้ำตั้งหลายเดือนมาแล้ว Dijkstra จึงจ้างให้ Geralt ไปสำรวจบ้านของ Margrave โดยหวังว่า วิทเชอร์ จะพบเบาะแสเกี่ยวกับสมบัติที่ถูกขโมยไป<br>
สระ/วรรณยุกต์ซ้อน,strings,1046247,มัันไม่ชนะข้าหรอก,มันไม่ชนะข้าหรอก
สระ/วรรณยุกต์ซ้อน,strings,1046907,เสียใจที่ทำไม่ได้ มีคนรอเจ้าอยู่ Geralt บุุคคลผู้ซึ่งเกลียดการรอคอย,เสียใจที่ทำไม่ได้ มีคนรอเจ้าอยู่ Geralt บุคคลผู้ซึ่งเกลียดการรอคอย
สระ/วรรณยุกต์ซ้อน,strings,1047080,ลููกชายของเขา,ลูกชายของเขา
สระ/วรรณยุกต์ซ้อน,strings,1047953,ต้องขอบคุณความเจ้าเลห์ของ Zoltan ที่ทำให้ Geralt ได้การ์ดที่ Ceasar Blizen ครองอยู่มาได้ และเขาก็ยังได้การ์ดจาก Ravik มาด้วย เดี๋ยวข้าจะเล่่าเกี่ยวกับเหตุพิลึกพิลั่นนี้ให้ฟัง แต่จะเล่าเรื่องนองเลือดมันต้องตามด้วยเหยือกนองเหล้า คงจะมีบันทึกเรื่องสะเทือนขวัญสั่นประสาทออกมาให้ท่านทราบความจริงในอนาคต ฉนั้นข้าจะขอสนองตนเองโดยเล่าว่า เมื่อได้การ์ดมาครบทั้งสามใบแล้ว Zoltan และ Geralt จึงได้ไปพบผู้ที่ต้องการซื้อ แต่กลายเป็นว่า จะขาดสิ่งสำคัญในการซื้อขายไป ชีวิตผู้ซื้อนั่นเอง เพราะ Duke และสมุนยืนอยู่เหนือซากแข็งทื่อของเขาอยู่,ต้องขอบคุณความเจ้าเลห์ของ Zoltan ที่ทำให้ Geralt ได้การ์ดที่ Ceasar Blizen ครองอยู่มาได้ และเขาก็ยังได้การ์ดจาก Ravik มาด้วย เดี๋ยวข้าจะเล่าเกี่ยวกับเหตุพิลึกพิลั่นนี้ให้ฟัง แต่จะเล่าเรื่องนองเลือดมันต้องตามด้วยเหยือกนองเหล้า คงจะมีบันทึกเรื่องสะเทือนขวัญสั่นประสาทออกมาให้ท่านทราบความจริงในอนาคต ฉนั้นข้าจะขอสนองตนเองโดยเล่าว่า เมื่อได้การ์ดมาครบทั้งสามใบแล้ว Zoltan และ Geralt จึงได้ไปพบผู้ที่ต้องการซื้อ แต่กลายเป็นว่า จะขาดสิ่งสำคัญในการซื้อขายไป ชีวิตผู้ซื้อนั่นเอง เพราะ Duke และสมุนยืนอยู่เหนือซากแข็งทื่อของเขาอยู่
สระ/วรรณยุกต์ซ้อน,strings,1047966,ไม่่ว่าในเกมไหน ต้องคิดเผื่อความพ่ายแพ้ที่อาจเกิดขึ้นเสมอ และในเกมที่อันตรายเช่นที่ Duke เล่นกับ Geralt และ Zoltan ความพ่ายแพ้หมายถึงการที่จะไม่ได้ลงเล่นอีกเลย Duke พ่ายแก่ วิทเชอร์ เงินและการ์ดทั้งหมดตกเป็นของ Zoltan ผู้ซึ่งมีหน้าที่ต้องแบ่งรางวัลให้กับ Geralt <br>,ไม่ว่าในเกมไหน ต้องคิดเผื่อความพ่ายแพ้ที่อาจเกิดขึ้นเสมอ และในเกมที่อันตรายเช่นที่ Duke เล่นกับ Geralt และ Zoltan ความพ่ายแพ้หมายถึงการที่จะไม่ได้ลงเล่นอีกเลย Duke พ่ายแก่ วิทเชอร์ เงินและการ์ดทั้งหมดตกเป็นของ Zoltan ผู้ซึ่งมีหน้าที่ต้องแบ่งรางวัลให้กับ Geralt <br>
สระ/วรรณยุกต์ซ้อน,strings,1048580,สิ่่งที่ Letho ทำต่อไปนั้นแสดงให้เห็นว่าเขานั้นทั้งฉลาดและไร้ซึ่งความหวาดกลัว การที่จะทำให้พวกนักล่าค่าหัวเลิกสนใจในตัวเขานั้น เขาแกล้งตายโดยทำทีเป็นโดนหน้าไม้ยิงที่หน้าอก มันทำให้ Geralt แปลกใจ แต่เขาก็แกล้งตายได้อย่างแนบเนียน หลังจากโดน Letto หลอก Vester และพรรคพวกได้แยกย้ายเพื่อกระจายข่าวการตายของเขา ตอนนี้ Letto สามารถซ่อนตัวและรอให้เรื่องของเขาถูกลืมไป <br>,สิ่งที่ Letho ทำต่อไปนั้นแสดงให้เห็นว่าเขานั้นทั้งฉลาดและไร้ซึ่งความหวาดกลัว การที่จะทำให้พวกนักล่าค่าหัวเลิกสนใจในตัวเขานั้น เขาแกล้งตายโดยทำทีเป็นโดนหน้าไม้ยิงที่หน้าอก มันทำให้ Geralt แปลกใจ แต่เขาก็แกล้งตายได้อย่างแนบเนียน หลังจากโดน Letto หลอก Vester และพรรคพวกได้แยกย้ายเพื่อกระจายข่าวการตายของเขา ตอนนี้ Letto สามารถซ่อนตัวและรอให้เรื่องของเขาถูกลืมไป <br>
สระ/วรรณยุกต์ซ้อน,strings,1048581,สิ่่งที่ Letho ทำต่อไปนั้นแสดงให้เห็นว่าเขานั้นทั้งฉลาดและไร้ซึ่งความหวาดกลัว การที่จะทำให้พวกนักล่าค่าหัวเลิกสนใจในตัวเขานั้น เขาแกล้งตายโดยทำทีเป็นโดนหน้าไม้ยิงที่หน้าอก มันทำให้ Geralt แปลกใจ แต่่น่าเสียดาย วิทเชอร์ไม่รับมือกับเรื่องแปลกๆ แบบที่คนปกติทำกัน ตรงกันข้ามเขากลับทำในสิ่งที่ทำเป็นประจำคือใช้ดาบจัดการทุกอย่างและสังหารเหล่านักล่าทั้งหมด จะไม่มีข่าวลือเรื่องการตายของ Letho และชายผู้ถูกหมายหัวจะยังถูกตามล่าต่อไป.<br>,สิ่งที่ Letho ทำต่อไปนั้นแสดงให้เห็นว่าเขานั้นทั้งฉลาดและไร้ซึ่งความหวาดกลัว การที่จะทำให้พวกนักล่าค่าหัวเลิกสนใจในตัวเขานั้น เขาแกล้งตายโดยทำทีเป็นโดนหน้าไม้ยิงที่หน้าอก มันทำให้ Geralt แปลกใจ แต่น่าเสียดาย วิทเชอร์ไม่รับมือกับเรื่องแปลกๆ แบบที่คนปกติทำกัน ตรงกันข้ามเขากลับทำในสิ่งที่ทำเป็นประจำคือใช้ดาบจัดการทุกอย่างและสังหารเหล่านักล่าทั้งหมด จะไม่มีข่าวลือเรื่องการตายของ Letho และชายผู้ถูกหมายหัวจะยังถูกตามล่าต่อไป.<br>
สระ/วรรณยุกต์ซ้อน,strings,1048790,การบุุกโจมตีแบบสายฟ้าแลบทำให้ Kaedwen ไม่ทันได้ตั้งตัว ราชา Henselt ออกรบแนวหน้าเหมือนเช่นเคย และในแนวหน้านั้นเองพระองค์สิ้นพระชนม์ ทหารของพระองค์สิ้นกำลังใจจะสู้รบ พวกเขาจึงเข้าร่วมกับกองทัพ Radovid,การบุกโจมตีแบบสายฟ้าแลบทำให้ Kaedwen ไม่ทันได้ตั้งตัว ราชา Henselt ออกรบแนวหน้าเหมือนเช่นเคย และในแนวหน้านั้นเองพระองค์สิ้นพระชนม์ ทหารของพระองค์สิ้นกำลังใจจะสู้รบ พวกเขาจึงเข้าร่วมกับกองทัพ Radovid
สระ/วรรณยุกต์ซ้อน,strings,1049718,Keira Metz ได้ช่วย Geralt ในการตามหา Ciri ดังน้้น วิทเชอร์ จึงตัดสินใจที่จะตอบแทน โดยช่วยสาวจอมเวทหาตะเกียงเวทมนตร์ที่เจ้านักเวทเอลฟ์ลึกลับนั่นสัญญาว่าจะมอบให้นาง เนื่องจากว่าหาที่ไหนก็ไม่เจอ พระเอกของเราจึงคิดขึ้นมาว่า มันจะต้องซ่อนอยู่ที่ไหนสักแห่งในถ้ำใต้ดินนั่น<br>,Keira Metz ได้ช่วย Geralt ในการตามหา Ciri ดังน้น วิทเชอร์ จึงตัดสินใจที่จะตอบแทน โดยช่วยสาวจอมเวทหาตะเกียงเวทมนตร์ที่เจ้านักเวทเอลฟ์ลึกลับนั่นสัญญาว่าจะมอบให้นาง เนื่องจากว่าหาที่ไหนก็ไม่เจอ พระเอกของเราจึงคิดขึ้นมาว่า มันจะต้องซ่อนอยู่ที่ไหนสักแห่งในถ้ำใต้ดินนั่น<br>
สระ/วรรณยุกต์ซ้อน,strings,1049777,เรื่องราวการหายไปของ Hanna ได้จบลงอย่างอนาถ ถูกเปิดเผยออกมาว่านางถูกฆ่าโดยสามีของนางเอง เขาไม่ได้เจตนาฆ่าเธอ อย่างไรก็ตาม การถูกสาบให้เป็น Werewolf นั้นทำให้เขาต้องทุกข์ทรมาน เขาจะต้องซ่อนตัวในป่าระหว่างที่เขากลายร่างเพื่อที่จะปกป้องเพื่อนและคนที่เขารัก<br><br>น้องสาวของ Hanna ชื่อ Magaret รู้เรื่องเกี่ยวกับความลับนี้ และมีเรื่องหนึ่งเกี่ยวกับนาง นางหลงรัก Niellen และอิจฉาริษยาอย่างรุนแรงกับการใช้ชีวิตร่วมกันของ Hanna และ Niellen นางตัดสินใจพา Hanna เข้าไปในป่าเพื่อให้ Hanna เห็นการกลายร่างของสามีของนางเอง และหวังจะให้ ้้Hanna ทอดทิ้งเขาด้วยความรังเกียจ น่าเศร้า Hanna ประมาท ทำให้นางดึงความสนใจ Werewolf Margaret สามารถหลบหนีออกมาได้ แต่พี่สาวนั้นโชคไม่ดี Niellen ที่ตอนนี้กลายร่างเป็นอสูรผู้กระหายเลือด ได้ฉีกร่างคนที่เขารักเป็นชิ้นๆด้วยมือของเขาเอง,เรื่องราวการหายไปของ Hanna ได้จบลงอย่างอนาถ ถูกเปิดเผยออกมาว่านางถูกฆ่าโดยสามีของนางเอง เขาไม่ได้เจตนาฆ่าเธอ อย่างไรก็ตาม การถูกสาบให้เป็น Werewolf นั้นทำให้เขาต้องทุกข์ทรมาน เขาจะต้องซ่อนตัวในป่าระหว่างที่เขากลายร่างเพื่อที่จะปกป้องเพื่อนและคนที่เขารัก<br><br>น้องสาวของ Hanna ชื่อ Magaret รู้เรื่องเกี่ยวกับความลับนี้ และมีเรื่องหนึ่งเกี่ยวกับนาง นางหลงรัก Niellen และอิจฉาริษยาอย่างรุนแรงกับการใช้ชีวิตร่วมกันของ Hanna และ Niellen นางตัดสินใจพา Hanna เข้าไปในป่าเพื่อให้ Hanna เห็นการกลายร่างของสามีของนางเอง และหวังจะให้ ้Hanna ทอดทิ้งเขาด้วยความรังเกียจ น่าเศร้า Hanna ประมาท ทำให้นางดึงความสนใจ Werewolf Margaret สามารถหลบหนีออกมาได้ แต่พี่สาวนั้นโชคไม่ดี Niellen ที่ตอนนี้กลายร่างเป็นอสูรผู้กระหายเลือด ได้ฉีกร่างคนที่เขารักเป็นชิ้นๆด้วยมือของเขาเอง
สระ/วรรณยุกต์ซ้อน,strings,1050787,ถุุงมือ Kaer Morhen,ถุงมือ Kaer Morhen
สระ/วรรณยุกต์ซ้อน,strings,1050795,เหล่า วิทเชอร์ ปกติจะต้องวางตัวเป็นกลาง ดังนั้น Geralt รู้สึกว่าเขาไม่ควรมายุ่งกับเรื่องนี้ซึ่งท้ายที่สุดก็คือความขัดแย้งระหว่างมนุษย์สองกลุุ่ม เขาจึงไม่ทำอะไร ปล่อยให้พวกนักล่าแม่มดขับไล่ชาวบ้านไป พิธีกรรมจึงยุติไปก่อนจะเสร็จ<br>,เหล่า วิทเชอร์ ปกติจะต้องวางตัวเป็นกลาง ดังนั้น Geralt รู้สึกว่าเขาไม่ควรมายุ่งกับเรื่องนี้ซึ่งท้ายที่สุดก็คือความขัดแย้งระหว่างมนุษย์สองกลุ่ม เขาจึงไม่ทำอะไร ปล่อยให้พวกนักล่าแม่มดขับไล่ชาวบ้านไป พิธีกรรมจึงยุติไปก่อนจะเสร็จ<br>
สระ/วรรณยุกต์ซ้อน,strings,1050960,Geralt ยืินขึ้นต่อหน้า Madman Lugos ที่รู้สึกเหนื่อย jarl พบว่าเขานั้นมีความผิด แต่ทันใดนั้นเขาจะชำระการกระทำผิดนั้นด้วยเลือด เพื่อที่จะให้ Geralt นั้นได้้รับอิสระภาพ อย่างไรก็ตาม สิ่งใดที่จะให้สิ่งนั้นจะย่อมต้องมีการตอบแทน สิ่งที่ต้องการมากที่สุด เพื่อเป็นการช่วยชีวิตเขา และมอบอิสระภาพให้กับเขา นั่นคือ Lugos ต้องการให้ Geralt ช่วยเหลือบุตรชายของเขาและทายาท Blueboy Lugos โดยการมุ่งผ่านไปถ้ำแห่งนิมิตพิศวง,Geralt ยืินขึ้นต่อหน้า Madman Lugos ที่รู้สึกเหนื่อย jarl พบว่าเขานั้นมีความผิด แต่ทันใดนั้นเขาจะชำระการกระทำผิดนั้นด้วยเลือด เพื่อที่จะให้ Geralt นั้นได้รับอิสระภาพ อย่างไรก็ตาม สิ่งใดที่จะให้สิ่งนั้นจะย่อมต้องมีการตอบแทน สิ่งที่ต้องการมากที่สุด เพื่อเป็นการช่วยชีวิตเขา และมอบอิสระภาพให้กับเขา นั่นคือ Lugos ต้องการให้ Geralt ช่วยเหลือบุตรชายของเขาและทายาท Blueboy Lugos โดยการมุ่งผ่านไปถ้ำแห่งนิมิตพิศวง
สระ/วรรณยุกต์ซ้อน,strings,1053411,ในห้องนอนห้องหนึ่งที่ไม่มีีใครใช้แล้วภายใน Kaer Morhen Geralt ได้พบบันทึกที่ Berengar ทิ้งไว้ witcher ผู้ซึ่งครั้งหนึ่งเคยเป็นสหายและเพื่อนร่วมงานของเขา บันทึกชี้ว่า Berengar เคยพยายามที่จะตีดาบพิเศษขึ้นมาเล่มหนึ่งชื่อว่า Tor'haerne แต่บันทึกก็ไม่บอกอะไรไปมากกว่านั้น Geralt จึงตัดสินใจไปถาม Vesemir ว่าเขาพอจะรู้อะไรเกี่ยวกับเรื่องนี้บ้างไหม,ในห้องนอนห้องหนึ่งที่ไม่มีใครใช้แล้วภายใน Kaer Morhen Geralt ได้พบบันทึกที่ Berengar ทิ้งไว้ witcher ผู้ซึ่งครั้งหนึ่งเคยเป็นสหายและเพื่อนร่วมงานของเขา บันทึกชี้ว่า Berengar เคยพยายามที่จะตีดาบพิเศษขึ้นมาเล่มหนึ่งชื่อว่า Tor'haerne แต่บันทึกก็ไม่บอกอะไรไปมากกว่านั้น Geralt จึงตัดสินใจไปถาม Vesemir ว่าเขาพอจะรู้อะไรเกี่ยวกับเรื่องนี้บ้างไหม
สระ/วรรณยุกต์ซ้อน,strings,1053510,ข้้ารู้สึกเหมือนคนโง่เลยที่ไม่ยอมเชื่อคำพูดของน้องสาวตัวเอง,ข้ารู้สึกเหมือนคนโง่เลยที่ไม่ยอมเชื่อคำพูดของน้องสาวตัวเอง
สระ/วรรณยุกต์ซ้อน,strings,1054207,เยี่่ยม,เยี่ยม
สระ/วรรณยุกต์ซ้อน,strings,1054653,"อย่างที่ท่านจำได้ Geralt รู้ว่า Ciri อยู่ที่ Novigrad นางได้ติดต่อกับ Dudu กับข้า หลังจากนั้นพวกเราทั้งสามคนดิ่งลงที่หลุมงูบิดเบี้ยวเมื่อเกิดปัญหา บุุคคลสุดท้ายผู้ได้พบ Ciri คือ ท่านอย่างแน่นอน, แต่ข้า, เช่นกัน, ได้หายไปโดยไม่ทิ้งร่องรอย Geralt คาดการณ์ได้อย่างแม่นยำว่า Dudu จะง่ายที่สุดในสามคนผู้โชคร้ายที่จะค้นหา เขาไปหาใครคนหนึ่งที่จะสามารถช่วยเขาตามหาได้ - Priscilla<br>","อย่างที่ท่านจำได้ Geralt รู้ว่า Ciri อยู่ที่ Novigrad นางได้ติดต่อกับ Dudu กับข้า หลังจากนั้นพวกเราทั้งสามคนดิ่งลงที่หลุมงูบิดเบี้ยวเมื่อเกิดปัญหา บุคคลสุดท้ายผู้ได้พบ Ciri คือ ท่านอย่างแน่นอน, แต่ข้า, เช่นกัน, ได้หายไปโดยไม่ทิ้งร่องรอย Geralt คาดการณ์ได้อย่างแม่นยำว่า Dudu จะง่ายที่สุดในสามคนผู้โชคร้ายที่จะค้นหา เขาไปหาใครคนหนึ่งที่จะสามารถช่วยเขาตามหาได้ - Priscilla<br>"
สระ/วรรณยุกต์ซ้อน,strings,1055067,ขอบคุุณ เอาที่สบายใจเลย,ขอบคุณ เอาที่สบายใจเลย
สระ/วรรณยุกต์ซ้อน,strings,1055812,Arnvald <br> ช่วงเวลาดีๆใกล้เข้ามาแล้ว อย่าทำให้ข้าผิดหวังและข้าจะอาบทองคำและคำขอบคุณให้แก่เจ้า <br> เจ้าต้องทำสิ่งต่อไปนี้ ก่อนงานเลี้ยงเจ้าจะต้องใส่เห็ดมะเฟืองที่รวมอยู่ในจดหมายฉบับนี้ผสมลงในถังเหล้าน้ำผึ้งถังหนึ่งจากนั้นเทเลือดมนุษย์ลงไป เจ้าต้องให้เครื่องดื่มที่ปรุงรสแก่ Vildkaarls - มันจะทำให้พวกเขาเปลี่ยนร่าง จำเอาไว้ว่าพวกเขาไม่รู้ถึงแผนการของเราซึ่งมันควรจะเป็นแบบนั้นไปจนถึงที่สุด คิดเสียว่า Vildkaarls ไม่ใช่พันธมิตร แต่เป็นเพียงเครื่องมือ <br> เมื่อดำเนินการเสร็จแล้วให้ออกจาก Kaer Trolde โดยเร็วที่สุด คนของข้าจะรอเจ้าอยู่ที่ชายหาดตามที่สัญญาไว้และจะซ่อนตัวเจ้าไว้จนกว่าเรื่องจะสงบ <br> บางคนจะเรียกเจ้าว่าคนทรยศ ความอัปยศ อย่าได้ฟังคนโง่เขลาเหล่านั้น เจ้าได้แสดงความกล้าหาญอย่างยิ่งใหญ่ด้วยการยืนอยู่ฝั่งที่ถููกต้องของประวัติศาสตร์ <br> Glory to Skellige <br> ราชาแห่งอนาคต,Arnvald <br> ช่วงเวลาดีๆใกล้เข้ามาแล้ว อย่าทำให้ข้าผิดหวังและข้าจะอาบทองคำและคำขอบคุณให้แก่เจ้า <br> เจ้าต้องทำสิ่งต่อไปนี้ ก่อนงานเลี้ยงเจ้าจะต้องใส่เห็ดมะเฟืองที่รวมอยู่ในจดหมายฉบับนี้ผสมลงในถังเหล้าน้ำผึ้งถังหนึ่งจากนั้นเทเลือดมนุษย์ลงไป เจ้าต้องให้เครื่องดื่มที่ปรุงรสแก่ Vildkaarls - มันจะทำให้พวกเขาเปลี่ยนร่าง จำเอาไว้ว่าพวกเขาไม่รู้ถึงแผนการของเราซึ่งมันควรจะเป็นแบบนั้นไปจนถึงที่สุด คิดเสียว่า Vildkaarls ไม่ใช่พันธมิตร แต่เป็นเพียงเครื่องมือ <br> เมื่อดำเนินการเสร็จแล้วให้ออกจาก Kaer Trolde โดยเร็วที่สุด คนของข้าจะรอเจ้าอยู่ที่ชายหาดตามที่สัญญาไว้และจะซ่อนตัวเจ้าไว้จนกว่าเรื่องจะสงบ <br> บางคนจะเรียกเจ้าว่าคนทรยศ ความอัปยศ อย่าได้ฟังคนโง่เขลาเหล่านั้น เจ้าได้แสดงความกล้าหาญอย่างยิ่งใหญ่ด้วยการยืนอยู่ฝั่งที่ถูกต้องของประวัติศาสตร์ <br> Glory to Skellige <br> ราชาแห่งอนาคต
สระ/วรรณยุกต์ซ้อน,strings,1057791,เช่นเดียวกับอาณาจักรส่วนใหญ่ ศาสนาที่โดดเด่นในเกาะ Skellige มีรากฐานมาจากลัทธิก่อนประวัติศาสตร์ของ พระแม่ผู้ยิ่งใหญ่ ผู้อุปถัมถ์ธรรมชาติ บนทวีปการบูชาดังกล่าวได้ยึดถือเป็นวัตถุและมีชื่อเดียวกับ Melitele ใน Skellige คู่หูของเธอคือ Freya เช่นเดียวกันกับ Melitele Freya เป็นตัวแทนของสามด้าน คือ สาวพรหมจารี มารดา และ หญิงชรา ปกติของพระแม่ ช่างแกะสลักมักจะพรรณนาถึงเธอในสถานศักดิ์สิทธิ์ที่ยิ่งใหญ่ที่สุดในเกาะ นางอยู่ที่นั่น เป็นหญิงตั้งครรภ์ นุ่งผ้าหลวมๆ ศรีษะของเธอก้มและมือของเธอจะพับหนับหน้าอกของเธอ เธอมีสร้อยคอทองคำห้อยรอบคอของเธอและบนนั้นมีเพรชบริสุทธิ์ขนาดใหญ่ ส่องประกายราวท้องฟ้าในฤดูร้อนอันสดใส Freyja Modron หรือ Freya the Great Mother เป็นเทพีแห่งความอุดมสมบูรณ์ ความรัก ความงาม และความอุดมสมบูรณ์ เธอยังเป็นผู้อุปถัมภ์ของ Oracles Soothsayers และ Telepaths เหล่านักรบจะสวดอ้อนวอนให้เธอก่อนออกปฏิบัติการทางทะเล และบรรดาภรรยาที่พวกเขาทิ้งไว้เบื้องหลังก็สวดอ้อนวอนให้เธอขอให้สามีกลับมาโดยสวัสดิภาพ มีเพียงนักบวชหญิงเท่านั้นที่รับใช้เทพธิดา – ผู้ชายก็สามารถบูชาFreyaได้ แต่ผู้หญิงเท่านั้นถึงจะดีที่สุด นักบวชของ Freya เช่นเดียวกับนักบวชของลัทธิอื่น ๆ จะปฏิบัติต่อนักเวทย์และพ่อมด แม่มด ด้วยเงินที่ดีมาก ศูนย์กลางของการนมัสการของ Freya คือวิหารของเธอบนเกาะ Hindarsfjall ในป่าศักดิ์สิทธิ์ที่เรียกว่า Hindar ผู้บูชาจะถวายเครื่องบูชาแก่เทพธิดาก่อนรูปปั้นของเธอ บนแท่นบูชาที่มีอ่างหินขนาดใหญ่ล้อมรอบด้วยรูปปั้นแมวและเหยี่ยว ซึ่งเป็นสัตว์ศักดิ์สิทธิ์ของเธอ นอกจากวัดนี้แล้ว ยังมีสถานที่อื่นๆ อีกหลายแห่งที่โปรยไปทั่วเกาะ ซึ่งเป็นสถานที่เล็กๆ ที่สามารถสักการะเทพธิดาและถวายเครื่องบููชาเธอ,เช่นเดียวกับอาณาจักรส่วนใหญ่ ศาสนาที่โดดเด่นในเกาะ Skellige มีรากฐานมาจากลัทธิก่อนประวัติศาสตร์ของ พระแม่ผู้ยิ่งใหญ่ ผู้อุปถัมถ์ธรรมชาติ บนทวีปการบูชาดังกล่าวได้ยึดถือเป็นวัตถุและมีชื่อเดียวกับ Melitele ใน Skellige คู่หูของเธอคือ Freya เช่นเดียวกันกับ Melitele Freya เป็นตัวแทนของสามด้าน คือ สาวพรหมจารี มารดา และ หญิงชรา ปกติของพระแม่ ช่างแกะสลักมักจะพรรณนาถึงเธอในสถานศักดิ์สิทธิ์ที่ยิ่งใหญ่ที่สุดในเกาะ นางอยู่ที่นั่น เป็นหญิงตั้งครรภ์ นุ่งผ้าหลวมๆ ศรีษะของเธอก้มและมือของเธอจะพับหนับหน้าอกของเธอ เธอมีสร้อยคอทองคำห้อยรอบคอของเธอและบนนั้นมีเพรชบริสุทธิ์ขนาดใหญ่ ส่องประกายราวท้องฟ้าในฤดูร้อนอันสดใส Freyja Modron หรือ Freya the Great Mother เป็นเทพีแห่งความอุดมสมบูรณ์ ความรัก ความงาม และความอุดมสมบูรณ์ เธอยังเป็นผู้อุปถัมภ์ของ Oracles Soothsayers และ Telepaths เหล่านักรบจะสวดอ้อนวอนให้เธอก่อนออกปฏิบัติการทางทะเล และบรรดาภรรยาที่พวกเขาทิ้งไว้เบื้องหลังก็สวดอ้อนวอนให้เธอขอให้สามีกลับมาโดยสวัสดิภาพ มีเพียงนักบวชหญิงเท่านั้นที่รับใช้เทพธิดา – ผู้ชายก็สามารถบูชาFreyaได้ แต่ผู้หญิงเท่านั้นถึงจะดีที่สุด นักบวชของ Freya เช่นเดียวกับนักบวชของลัทธิอื่น ๆ จะปฏิบัติต่อนักเวทย์และพ่อมด แม่มด ด้วยเงินที่ดีมาก ศูนย์กลางของการนมัสการของ Freya คือวิหารของเธอบนเกาะ Hindarsfjall ในป่าศักดิ์สิทธิ์ที่เรียกว่า Hindar ผู้บูชาจะถวายเครื่องบูชาแก่เทพธิดาก่อนรูปปั้นของเธอ บนแท่นบูชาที่มีอ่างหินขนาดใหญ่ล้อมรอบด้วยรูปปั้นแมวและเหยี่ยว ซึ่งเป็นสัตว์ศักดิ์สิทธิ์ของเธอ นอกจากวัดนี้แล้ว ยังมีสถานที่อื่นๆ อีกหลายแห่งที่โปรยไปทั่วเกาะ ซึ่งเป็นสถานที่เล็กๆ ที่สามารถสักการะเทพธิดาและถวายเครื่องบูชาเธอ
สระ/วรรณยุกต์ซ้อน,strings,1060555,กองทัพ Redania ต้องการคุณ!<br>เข้าร่วมตอนนี้ เพื่อเป็นวีรบุรุษแห่่งแดนเหนือ!,กองทัพ Redania ต้องการคุณ!<br>เข้าร่วมตอนนี้ เพื่อเป็นวีรบุรุษแห่งแดนเหนือ!
สระ/วรรณยุกต์ซ้อน,strings,1062542,"คำคาดการของ Avallac'h ที่ว่าพวก Wild Hunt จะบุกมาประชิดปราการ Kaer Mohen เมื่อ Ciri มาถึงได้เป็นความจริง. ผู้คนที่อยู่ที่นี้ไม่ละทิ้งความพยายามที่จะปกป้องตัวเธอ. แต่ในท้ายที่สุดกลับเป็นตัวเธออีกที่ต้องปกป้องพวกเขา - ด้วยพลังระเบิดจากพลังที่่เหนือการควบคุมของเธอ, พละกำลังบริสุทธิ์จากสายเลือดโบราณโดยตรง, ทำให้เธอปกป้องผู้ป้องกันปราการ Kaer Mohen จากความตายตรงหน้าได้.","คำคาดการของ Avallac'h ที่ว่าพวก Wild Hunt จะบุกมาประชิดปราการ Kaer Mohen เมื่อ Ciri มาถึงได้เป็นความจริง. ผู้คนที่อยู่ที่นี้ไม่ละทิ้งความพยายามที่จะปกป้องตัวเธอ. แต่ในท้ายที่สุดกลับเป็นตัวเธออีกที่ต้องปกป้องพวกเขา - ด้วยพลังระเบิดจากพลังที่เหนือการควบคุมของเธอ, พละกำลังบริสุทธิ์จากสายเลือดโบราณโดยตรง, ทำให้เธอปกป้องผู้ป้องกันปราการ Kaer Mohen จากความตายตรงหน้าได้."
สระ/วรรณยุกต์ซ้อน,strings,1063226,ตะปููขึ้นสนิม,ตะปูขึ้นสนิม
สระ/วรรณยุกต์ซ้อน,strings,1063257,กุญแจท่อน้้ำเสียเมือง Oxenfurt,กุญแจท่อน้ำเสียเมือง Oxenfurt
สระ/วรรณยุกต์ซ้อน,strings,1063673,หัวเอลฟ์์,หัวเอลฟ์
สระ/วรรณยุกต์ซ้อน,strings,1063749,กุุญแจขนาดเล็กพบใกล้กับศพนักรบ Skellige,กุญแจขนาดเล็กพบใกล้กับศพนักรบ Skellige
สระ/วรรณยุกต์ซ้อน,strings,1064295,เอาล่ะ ข้าได้ของครบทุกอย่างแล้ว ตอนนี้้ต้องหาที่ปลอดภัย สำหรับก่อไฟแล้วปรุงน้ำมัน,เอาล่ะ ข้าได้ของครบทุกอย่างแล้ว ตอนนี้ต้องหาที่ปลอดภัย สำหรับก่อไฟแล้วปรุงน้ำมัน
สระ/วรรณยุกต์ซ้อน,strings,1065009,แน่่นอน,แน่นอน
สระ/วรรณยุกต์ซ้อน,strings,1068459,"นั่นคือการภารกิจของข้า - การตระเวนไปในหมู่บ้านของแห่งดินแดนที่สวยงามแห่ง Velen เพื่อยกย่องท่านหญิง Bilberry ข้าจะนำชื่อเสียงมาสู่ความงามที่ไม่มีใครเทียบและเสน่ห์ที่หาตัวจับยากของนาง ท่านหญิง Bilberry ฉลาดเฉลียวอย่างไม่มีข้อกังขา ความเข้าใจและมีความเห็นอกเห็นใจของบรรดาสิ่งมีชีวิตจะขับเคลื่อนโลกที่ไม่สมบูรณ์ของเรา ข้าจะแก้ไขอคติของคนที่กล้าที่จะเรียกร้องอย่างอื่นโดยทันที สิ่งที่ดื้อรั้นและโง่เขลาที่สุดของคนโง่เหล่านัั้นจักได้ลิ้มรสคมดาบของตระกูลข้า มีครั้งหนึ่งข้าพบสุภาพบุรุษคนหนึ่งกำลังแล้วโลมกับผู้หญิงขายตัวและบังอาจเรียกนางว่า ""ดอกไม้เล็กๆ ที่งดงามที่สุดของข้า"" เรื่องนี้ทำให้ข้าเดือดดาลเป็นอย่างมาก ข้าตัดสินใจที่จะชี้แจงเจ้าคนโง่นั่นถึงสิ่งสำคัญที่เขาทำผิดพลาด แต่เขาปฏิเสธที่จะฟัง และเมื่อข้ายังยืนกรานเขาก็หนีไป นี่คือดินแดนของคนขี้ขลาดอย่างแท้จริง ข้าจะไม่พักจนกว่าข้าจะโน้มน้าวพวกเขาทุกคนว่ามอบความเคารพของพวกเขาแก่ท่านหญิง Bilberry - และเพียงท่านหญิง Maid เท่านั้น","นั่นคือการภารกิจของข้า - การตระเวนไปในหมู่บ้านของแห่งดินแดนที่สวยงามแห่ง Velen เพื่อยกย่องท่านหญิง Bilberry ข้าจะนำชื่อเสียงมาสู่ความงามที่ไม่มีใครเทียบและเสน่ห์ที่หาตัวจับยากของนาง ท่านหญิง Bilberry ฉลาดเฉลียวอย่างไม่มีข้อกังขา ความเข้าใจและมีความเห็นอกเห็นใจของบรรดาสิ่งมีชีวิตจะขับเคลื่อนโลกที่ไม่สมบูรณ์ของเรา ข้าจะแก้ไขอคติของคนที่กล้าที่จะเรียกร้องอย่างอื่นโดยทันที สิ่งที่ดื้อรั้นและโง่เขลาที่สุดของคนโง่เหล่านั้นจักได้ลิ้มรสคมดาบของตระกูลข้า มีครั้งหนึ่งข้าพบสุภาพบุรุษคนหนึ่งกำลังแล้วโลมกับผู้หญิงขายตัวและบังอาจเรียกนางว่า ""ดอกไม้เล็กๆ ที่งดงามที่สุดของข้า"" เรื่องนี้ทำให้ข้าเดือดดาลเป็นอย่างมาก ข้าตัดสินใจที่จะชี้แจงเจ้าคนโง่นั่นถึงสิ่งสำคัญที่เขาทำผิดพลาด แต่เขาปฏิเสธที่จะฟัง และเมื่อข้ายังยืนกรานเขาก็หนีไป นี่คือดินแดนของคนขี้ขลาดอย่างแท้จริง ข้าจะไม่พักจนกว่าข้าจะโน้มน้าวพวกเขาทุกคนว่ามอบความเคารพของพวกเขาแก่ท่านหญิง Bilberry - และเพียงท่านหญิง Maid เท่านั้น"
สระ/วรรณยุกต์ซ้อน,strings,1069128,เราไม่่มีเวลาที่จะเสียอีกแล้ว,เราไม่มีเวลาที่จะเสียอีกแล้ว
สระ/วรรณยุกต์ซ้อน,strings,1071246,คุุณจะสามารถสร้างสิ่งนี้ได้หลังจากอ่านสิ่งนี้,คุณจะสามารถสร้างสิ่งนี้ได้หลังจากอ่านสิ่งนี้
สระ/วรรณยุกต์ซ้อน,strings,1072321,ปีีกขวาไม่ได้ถูกโจมตี และแม่มดคือ Lytta Neyd รู้จักกันในนาม Coral ข้าอยู่ที่นั่นเช่นกัน เรื่องนี้เกิดขึ้นเมื่อนานมาแล้ว,ปีกขวาไม่ได้ถูกโจมตี และแม่มดคือ Lytta Neyd รู้จักกันในนาม Coral ข้าอยู่ที่นั่นเช่นกัน เรื่องนี้เกิดขึ้นเมื่อนานมาแล้ว
สระ/วรรณยุกต์ซ้อน,strings,1072860,ขอให้โชคดีีนะ ไอ้เวร!,ขอให้โชคดีนะ ไอ้เวร!
สระ/วรรณยุกต์ซ้อน,strings,1072992,เพื่่อราชา Radovid เพลิงสีชาด เริงระบำบนหลุมศพแห่ง Nilfgaard,เพื่อราชา Radovid เพลิงสีชาด เริงระบำบนหลุมศพแห่ง Nilfgaard
สระ/วรรณยุกต์ซ้อน,strings,1073025,งั้นเราจะนำพวกนัั้นมาให้เจ้าจัดการอีกครั้ง พวกเขาจะออกไปขจัดมัน!,งั้นเราจะนำพวกนั้นมาให้เจ้าจัดการอีกครั้ง พวกเขาจะออกไปขจัดมัน!
สระ/วรรณยุกต์ซ้อน,strings,1073339,นี่่ข้าได้ฆ่า Steingrim ใน 201 หรือเปล่า,นี่ข้าได้ฆ่า Steingrim ใน 201 หรือเปล่า
สระ/วรรณยุกต์ซ้อน,strings,1073548,บ้าเอ๊ย เราไม่ควรแยกกัันไป ปล่อยพวกมันออกไป Wyvern …เจ้าตัดมันออกแล้วเหรอ? ท่านทุกคนเลยเหรอ?,บ้าเอ๊ย เราไม่ควรแยกกันไป ปล่อยพวกมันออกไป Wyvern …เจ้าตัดมันออกแล้วเหรอ? ท่านทุกคนเลยเหรอ?
สระ/วรรณยุกต์ซ้อน,strings,1073614,ตรวจพบ เมาส์และคีย์บอร์์ด,ตรวจพบ เมาส์และคีย์บอร์ด
สระ/วรรณยุกต์ซ้อน,strings,1074060,"ถึงแม่,<br><br>ทุกอย่างเป็นไปได้ด้วยดี ข้าคิดไว้ว่าจะเดินทางไปที่เมืองจ่าหน้าซองจดหมายแล้วเขียนอีกฉบับ<br><br>ข้าคิดถึงท่านกับพ่อมาก ข้าใช้เงินที่ท่านให้อย่างระมัดระวัง ข้าไม่ซื้อของอะไรเลย ถ้าข้าได้งาน ข้าจะแบ่งงานไว้ส่วนหนึ่่งเพื่อส่งให้ท่านใช้สม่ำเสมอทุกอาทิตย์.<br><br>ฝากบอก Yolanda ว่าข้ารักเธอมากและจะไปหาเร็วๆ นี้ เพื่อไปสู่ขอ แน่นอน ข้าคุยกับชาว Temeria ว่า ที่นั่นมีพ่อค้าเยอะเหมือนรังมดในต้นไม้ แล้วงานเสมียนเป็นที่ต้องการมาก ถ้าเขาพูดความจริงอ่ะนะ.<br><br>Toben ของท่าน<br><br>ฝากกอด Fido ด้วยล่ะ","ถึงแม่,<br><br>ทุกอย่างเป็นไปได้ด้วยดี ข้าคิดไว้ว่าจะเดินทางไปที่เมืองจ่าหน้าซองจดหมายแล้วเขียนอีกฉบับ<br><br>ข้าคิดถึงท่านกับพ่อมาก ข้าใช้เงินที่ท่านให้อย่างระมัดระวัง ข้าไม่ซื้อของอะไรเลย ถ้าข้าได้งาน ข้าจะแบ่งงานไว้ส่วนหนึ่งเพื่อส่งให้ท่านใช้สม่ำเสมอทุกอาทิตย์.<br><br>ฝากบอก Yolanda ว่าข้ารักเธอมากและจะไปหาเร็วๆ นี้ เพื่อไปสู่ขอ แน่นอน ข้าคุยกับชาว Temeria ว่า ที่นั่นมีพ่อค้าเยอะเหมือนรังมดในต้นไม้ แล้วงานเสมียนเป็นที่ต้องการมาก ถ้าเขาพูดความจริงอ่ะนะ.<br><br>Toben ของท่าน<br><br>ฝากกอด Fido ด้วยล่ะ"
สระ/วรรณยุกต์ซ้อน,strings,1075227,โอ ไม่ล่ะ - ถ้าอยากจะยุ่งเรื่องของคนอื่นก็เอาเลย แต่ไปคนเดียวนะ ข้ารอนี่่ล่ะ,โอ ไม่ล่ะ - ถ้าอยากจะยุ่งเรื่องของคนอื่นก็เอาเลย แต่ไปคนเดียวนะ ข้ารอนี่ล่ะ
สระ/วรรณยุกต์ซ้อน,strings,1076694,การสร้างไอเท็็ม,การสร้างไอเท็ม
สระ/วรรณยุกต์ซ้อน,strings,1076762,การสร้างไอเท็็ม,การสร้างไอเท็ม
สระ/วรรณยุกต์ซ้อน,strings,1078129,สููตร: เหล้าคนเคราะ,สูตร: เหล้าคนเคราะ
สระ/วรรณยุกต์ซ้อน,strings,1078130,สููตร: แอลกอฮอล์,สูตร: แอลกอฮอล์
สระ/วรรณยุกต์ซ้อน,strings,1078197,"รายละเอีียดของสัตว์ประหลาด,ตัวละคร และ สูตรต่างๆ","รายละเอียดของสัตว์ประหลาด,ตัวละคร และ สูตรต่างๆ"
สระ/วรรณยุกต์ซ้อน,strings,1078675,คุุณชอบความยากขึ้นมาหน่อย,คุณชอบความยากขึ้นมาหน่อย
สระ/วรรณยุกต์ซ้อน,strings,1080268,หนึ่งในหมู่บ้านของ Velen ทีี่ยากจน การมาถึงของ Nilfgaard ได้นำพาสงครามและโรคระบาด,หนึ่งในหมู่บ้านของ Velen ที่ยากจน การมาถึงของ Nilfgaard ได้นำพาสงครามและโรคระบาด
สระ/วรรณยุกต์ซ้อน,strings,1080628,สมาคมเกราะต้องการเตือนคุณเกี่ยวกับสิ่่งต่อไปนี้: ไม่มีใครที่จะสร้างหรือขายเสื้อเกราะหรือหมวกเหล็กใน Novigrad เว้นแต่เขาจะเข้าร่วมกับกิลด์ของเราก่อนและพิสูจน์หนังสือรับรองของเขาในฐานะผู้เชี่ยวชาญ - สมาชิกกิลด์จะต้องจ่ายเงินสองเปอร์เซ็นจากทุก ๆ ร้อยคราวน์ที่ได้รับเข้ากองทุนชุมชน - สมาชิกทุกคนที่รับหน้าที่ฝึกหัดของสมาชิกคนอื่นอย่างรู้เท่าทันจะจ่ายผลกำไรครึ่งหนึ่งที่เขาได้รับให้กับสมาคม - สมาชิกคนใดที่ขายหมวกเหล็กและเกราะหุ้มหน้าอกที่อ้างว่าสิ่งที่ขายนั้นเป็นเหล็กจะเสียใจจากการรายงานความผิดของกิลด์ -สมาชิกใดที่นำอาวุธเข้าร่วมการประชุมกิลด์จะจ่ายเงินรายวันให้กับกองทุนชุมชนโดยเป็นการลงโทษ,สมาคมเกราะต้องการเตือนคุณเกี่ยวกับสิ่งต่อไปนี้: ไม่มีใครที่จะสร้างหรือขายเสื้อเกราะหรือหมวกเหล็กใน Novigrad เว้นแต่เขาจะเข้าร่วมกับกิลด์ของเราก่อนและพิสูจน์หนังสือรับรองของเขาในฐานะผู้เชี่ยวชาญ - สมาชิกกิลด์จะต้องจ่ายเงินสองเปอร์เซ็นจากทุก ๆ ร้อยคราวน์ที่ได้รับเข้ากองทุนชุมชน - สมาชิกทุกคนที่รับหน้าที่ฝึกหัดของสมาชิกคนอื่นอย่างรู้เท่าทันจะจ่ายผลกำไรครึ่งหนึ่งที่เขาได้รับให้กับสมาคม - สมาชิกคนใดที่ขายหมวกเหล็กและเกราะหุ้มหน้าอกที่อ้างว่าสิ่งที่ขายนั้นเป็นเหล็กจะเสียใจจากการรายงานความผิดของกิลด์ -สมาชิกใดที่นำอาวุธเข้าร่วมการประชุมกิลด์จะจ่ายเงินรายวันให้กับกองทุนชุมชนโดยเป็นการลงโทษ
สระ/วรรณยุกต์ซ้อน,strings,1080883,"ประกาศ ท่านทั้้งหลาย! เทศกาล Belleteyn กำลังจะมาถึงแล้ว เว้นเสียแต่พระผู้เป็นเจ้าจะทรงห้าม หรือสงครามมาถึงพวกเราก่อนกำหนด ดังเช่นทุกๆ ปี เราจะจัดงานเฉลิมฉลองในลานสาธารณะใกล้กับหมู่บ้าน จะมีกองไฟขนาดใหญ่และการเต้นรำจนถึงเช้า แต่เราจะรอคอยการเต้นรำและร้องเพลงเฉยๆ ไม่ได้ เพราะเราต้องเตรียมการหลายๆ อย่าง ดังนี้:<br>–เหล้าแอปเปิ้ลสามถัง<br>–เหล้าขาวสองถัง<br>–ลูกแกะสามตัวและหมูขุนสำหรับย่าง<br>–ไส้กรอก, ไส้อั่ว และหม่ำ เท่ากับจำนวนคน<br>–ข้าวโอ๊ตต้มสามหม้อใหญ่, มันฝรั่งสองกระสอบและหัวไชเท้าอีกหนึ่งกระสอบ<br><br>ประมาณปลายเดือนข้าจะออกรับบริจาครอบหมู่บ้าน ใครมีอะไรก็เอามาบริจาค หรือผู้ใดจะสมทบเป็นเงินทองแทนก็ไม่ขัดศรัทธา<br><br>– ผู้นำหมู่บ้าน Neddy","ประกาศ ท่านทั้งหลาย! เทศกาล Belleteyn กำลังจะมาถึงแล้ว เว้นเสียแต่พระผู้เป็นเจ้าจะทรงห้าม หรือสงครามมาถึงพวกเราก่อนกำหนด ดังเช่นทุกๆ ปี เราจะจัดงานเฉลิมฉลองในลานสาธารณะใกล้กับหมู่บ้าน จะมีกองไฟขนาดใหญ่และการเต้นรำจนถึงเช้า แต่เราจะรอคอยการเต้นรำและร้องเพลงเฉยๆ ไม่ได้ เพราะเราต้องเตรียมการหลายๆ อย่าง ดังนี้:<br>–เหล้าแอปเปิ้ลสามถัง<br>–เหล้าขาวสองถัง<br>–ลูกแกะสามตัวและหมูขุนสำหรับย่าง<br>–ไส้กรอก, ไส้อั่ว และหม่ำ เท่ากับจำนวนคน<br>–ข้าวโอ๊ตต้มสามหม้อใหญ่, มันฝรั่งสองกระสอบและหัวไชเท้าอีกหนึ่งกระสอบ<br><br>ประมาณปลายเดือนข้าจะออกรับบริจาครอบหมู่บ้าน ใครมีอะไรก็เอามาบริจาค หรือผู้ใดจะสมทบเป็นเงินทองแทนก็ไม่ขัดศรัทธา<br><br>– ผู้นำหมู่บ้าน Neddy"
สระ/วรรณยุกต์ซ้อน,strings,1082261,สููตรสำหรับสร้างระเบิด,สูตรสำหรับสร้างระเบิด
สระ/วรรณยุกต์ซ้อน,strings,1082282,[DEBUG] ข้าช่่วย Hjalmar เพื่อลงโทษพวก Berserkers,[DEBUG] ข้าช่วย Hjalmar เพื่อลงโทษพวก Berserkers
สระ/วรรณยุกต์ซ้อน,strings,1084446,ยืนตรงจุุดที่แสดงใน Minimap,ยืนตรงจุดที่แสดงใน Minimap
สระ/วรรณยุกต์ซ้อน,strings,1086400,นี่่คือ <<Color_Gwint>>สัญลักษณ์ของแถวไพ่<<End_Color>><br><br>เป็นสัญลักษณ์บอกแถวที่ไพ่สามารถวางลงได้บนกระดาน,นี่คือ <<Color_Gwint>>สัญลักษณ์ของแถวไพ่<<End_Color>><br><br>เป็นสัญลักษณ์บอกแถวที่ไพ่สามารถวางลงได้บนกระดาน
สระ/วรรณยุกต์ซ้อน,strings,1086570,หนัังสือและเอกสาร,หนังสือและเอกสาร
สระ/วรรณยุกต์ซ้อน,strings,1102493,ไม่่สามารถบันทึกเกมได้,ไม่สามารถบันทึกเกมได้
สระ/วรรณยุกต์ซ้อน,strings,1102891,Geralt มิติมีทั้้งหมด 4 อย่าง - ความยาว ความกว้าง ความสูง และเวลา เจ้าคิดว่าข้าจะตกหลุมรักอะไรล่ะ - ความกว้างงั้นเหรอ? ไม่เอาน่า ทีนี้ - ติ๊ก ติ๊ก ติ๊ก,Geralt มิติมีทั้งหมด 4 อย่าง - ความยาว ความกว้าง ความสูง และเวลา เจ้าคิดว่าข้าจะตกหลุมรักอะไรล่ะ - ความกว้างงั้นเหรอ? ไม่เอาน่า ทีนี้ - ติ๊ก ติ๊ก ติ๊ก
สระ/วรรณยุกต์ซ้อน,strings,1105658,แล้้วใครจะเป็นคนจ่ายให้ข้าไปตามหาไอ้ช่างตัดผมคนนี้ล่ะ,แล้วใครจะเป็นคนจ่ายให้ข้าไปตามหาไอ้ช่างตัดผมคนนี้ล่ะ
สระ/วรรณยุกต์ซ้อน,strings,1107820,ทั้้งหมดด้วยกัน - ที่เขา! การทำงานเป็นทีมเพื่อประโยชน์!,ทั้งหมดด้วยกัน - ที่เขา! การทำงานเป็นทีมเพื่อประโยชน์!
สระ/วรรณยุกต์ซ้อน,strings,1119052,Geralt!! เจ้าเป็็นอะไรมั้ย?,Geralt!! เจ้าเป็นอะไรมั้ย?
สระ/วรรณยุกต์ซ้อน,strings,1135482,ใบอนุุญาติ A38 เนี่ย คือข้ากำลังรีบ เห็นมั้ย พอจะมีทางไหนที่จะช่วยเร่งให้เร็วกว่านี้ได้มั้ย,ใบอนุญาติ A38 เนี่ย คือข้ากำลังรีบ เห็นมั้ย พอจะมีทางไหนที่จะช่วยเร่งให้เร็วกว่านี้ได้มั้ย
สระ/วรรณยุกต์ซ้อน,strings,1144345,ดููก็รู้แต่แรกแล้วว่าเจ้ามันกระจอก!,ดูก็รู้แต่แรกแล้วว่าเจ้ามันกระจอก!
สระ/วรรณยุกต์ซ้อน,strings,1147943,คุุณได้ครอบครองพิธีกรรมแห่งความกล้า,คุณได้ครอบครองพิธีกรรมแห่งความกล้า
สระ/วรรณยุกต์ซ้อน,strings,1151962,ถั่วสีเหลือง เจ้าคงไม่รู้เรื่่องอะไรเลยใช่มั้ย,ถั่วสีเหลือง เจ้าคงไม่รู้เรื่องอะไรเลยใช่มั้ย
สระ/วรรณยุกต์ซ้อน,strings,1153547,ที่แห่งนี้ เล่าให้ข้าฟังหน่่อยสิ มันคือโลกมายาใช่มั้ย,ที่แห่งนี้ เล่าให้ข้าฟังหน่อยสิ มันคือโลกมายาใช่มั้ย
สระ/วรรณยุกต์ซ้อน,strings,1153721,บันทึึกของ Marten,บันทึกของ Marten
สระ/วรรณยุกต์ซ้อน,strings,1155548,งั้้นก็คงเป็นความหมายเดียวกับพวกมนุษย์ - เจ้าติดหนี้ชีวิตเขา,งั้นก็คงเป็นความหมายเดียวกับพวกมนุษย์ - เจ้าติดหนี้ชีวิตเขา
สระ/วรรณยุกต์ซ้อน,strings,1155759,ทุุกคน!!! หมาป่--,ทุกคน!!! หมาป่--
สระ/วรรณยุกต์ซ้อน,strings,1164418,ในตอนแรกข้าก็ชอบอยู่นะ แต่เราก็เบื่อมันเร็วมาก แม้แต่งานเลี้ยงน้ำชาที่เชิญเจ้าหญิงมาเต็มโต๊ะยังดูน่าเบื่่อไปตามกาลเวลา,ในตอนแรกข้าก็ชอบอยู่นะ แต่เราก็เบื่อมันเร็วมาก แม้แต่งานเลี้ยงน้ำชาที่เชิญเจ้าหญิงมาเต็มโต๊ะยังดูน่าเบื่อไปตามกาลเวลา
สระ/วรรณยุกต์ซ้อน,strings,1164583,ถั่่วสีเหลือง - บอกข้าอีกครั้งซิ มันอยู่ที่ไหน,ถั่วสีเหลือง - บอกข้าอีกครั้งซิ มันอยู่ที่ไหน
สระ/วรรณยุกต์ซ้อน,strings,1167757,ขอบคุุณ ท่านเคาท์ แล้วก็ท่านด้วย,ขอบคุณ ท่านเคาท์ แล้วก็ท่านด้วย
สระ/วรรณยุกต์ซ้อน,strings,1173379,จริงหรือ เจ้าแค่ระลึกไว้เสมอว่าสิ่งที่เขาพูดมาเป็นเรื่่องโกหก หรือจะพูดอีกอย่างคือ ตรงข้ามกับความจริง,จริงหรือ เจ้าแค่ระลึกไว้เสมอว่าสิ่งที่เขาพูดมาเป็นเรื่องโกหก หรือจะพูดอีกอย่างคือ ตรงข้ามกับความจริง
สระ/วรรณยุกต์ซ้อน,strings,1173718,ไม่ใช่เรื่่องที่ข้าอยากนึกถึงนักหรอกนะ แต่ ข้าคิดว่าเจ้าสมควรจะได้รู้เหตุผล,ไม่ใช่เรื่องที่ข้าอยากนึกถึงนักหรอกนะ แต่ ข้าคิดว่าเจ้าสมควรจะได้รู้เหตุผล
สระ/วรรณยุกต์ซ้อน,strings,1173986,ใช่ เขายืนอยู่หน้าโต๊ะเครื่องแป้ง กำลังคุ้ยเครื่่องประดับของข้าอยู่,ใช่ เขายืนอยู่หน้าโต๊ะเครื่องแป้ง กำลังคุ้ยเครื่องประดับของข้าอยู่
สระ/วรรณยุกต์ซ้อน,strings,1174230,รูปวาดนั่น มันเป็นกระดาษชนิดเดียวกับที่ใช้เขียนชื่อของเหยื่่อที่ถูกสังหาร แถมยังเป็นหมึกชนิดเดียวกันอีก ดูเหมือนว่าจะเป็นงานของนักแบล็คเมล์ของเรานะ,รูปวาดนั่น มันเป็นกระดาษชนิดเดียวกับที่ใช้เขียนชื่อของเหยื่อที่ถูกสังหาร แถมยังเป็นหมึกชนิดเดียวกันอีก ดูเหมือนว่าจะเป็นงานของนักแบล็คเมล์ของเรานะ
สระ/วรรณยุกต์ซ้อน,strings,1174806,เจ้าเข้าใจเรื่องนี้ นี่คงเป็นเหตุผลที่เจ้ากับ Regis เป็นเพื่่อนกันได้,เจ้าเข้าใจเรื่องนี้ นี่คงเป็นเหตุผลที่เจ้ากับ Regis เป็นเพื่อนกันได้
สระ/วรรณยุกต์ซ้อน,strings,1174818,มันน่าอยู่มาก ข้าตื่นตาตื่นใจกับแฟชั่่นของชาวเมืองที่นั่นมาก โดยเฉพาะชุดเกรสคอลึกที่ข้าเห็นว่ามีเสน่ห์ที่สุด,มันน่าอยู่มาก ข้าตื่นตาตื่นใจกับแฟชั่นของชาวเมืองที่นั่นมาก โดยเฉพาะชุดเกรสคอลึกที่ข้าเห็นว่ามีเสน่ห์ที่สุด
สระ/วรรณยุกต์ซ้อน,strings,1174897,อ่อนไหว ปนเศร้า เหมือนเขาแบกรับน้ำหนักของเรื่่องเศร้าที่เกิดขึ้นในชีวิตไว้ แต่จริงๆ เขาเป็นคนดีนะ เพียงแต่หลงทางไป นั่นเป็นเหตุผลให้เขาดูหม่นๆ ยังไงล่ะ,อ่อนไหว ปนเศร้า เหมือนเขาแบกรับน้ำหนักของเรื่องเศร้าที่เกิดขึ้นในชีวิตไว้ แต่จริงๆ เขาเป็นคนดีนะ เพียงแต่หลงทางไป นั่นเป็นเหตุผลให้เขาดูหม่นๆ ยังไงล่ะ
สระ/วรรณยุกต์ซ้อน,strings,1175334,ใช่ อัศวินชั้้นสูงของ Toussaint และข้าเดินทางไม่หยุดจนมาถึงป่า Caed Dhu พวกเขาทิ้งข้าในชุดขาดๆ ให้อยู่ที่นั่นคนเดียว ไม่ให้เงินสักแดง ทิ้งข้าไว้ในตอนที่หยดน้ำค้างกำลังเริ่มแข็งตัว,ใช่ อัศวินชั้นสูงของ Toussaint และข้าเดินทางไม่หยุดจนมาถึงป่า Caed Dhu พวกเขาทิ้งข้าในชุดขาดๆ ให้อยู่ที่นั่นคนเดียว ไม่ให้เงินสักแดง ทิ้งข้าไว้ในตอนที่หยดน้ำค้างกำลังเริ่มแข็งตัว
สระ/วรรณยุกต์ซ้อน,strings,1176034,การพบกันครั้งนี้ ถ้ามันไม่เป็นไปตามที่เจ้าพูดล่่ะ ถ้าเกิดมีการต่อสู้เกิดขึ้น เจ้ารับประกันได้มั้ยว่านางจะไม่เป็นอันตราย,การพบกันครั้งนี้ ถ้ามันไม่เป็นไปตามที่เจ้าพูดล่ะ ถ้าเกิดมีการต่อสู้เกิดขึ้น เจ้ารับประกันได้มั้ยว่านางจะไม่เป็นอันตราย
สระ/วรรณยุกต์ซ้อน,strings,1176112,มัันก็มีทางที่เสี่ยงมากๆ เลยอยู่อย่างหนึ่ง เป็นวิธีที่บังคับให้ Dettlaff มาปรากฏตัวและก็ยั่วให้เขามาสู้,มันก็มีทางที่เสี่ยงมากๆ เลยอยู่อย่างหนึ่ง เป็นวิธีที่บังคับให้ Dettlaff มาปรากฏตัวและก็ยั่วให้เขามาสู้
สระ/วรรณยุกต์ซ้อน,strings,1178068,งั้นเจ้้าก็รู้ว่านี่ไม่ใช่สถานสงเคราะห์เด็กกำพร้า,งั้นเจ้าก็รู้ว่านี่ไม่ใช่สถานสงเคราะห์เด็กกำพร้า
สระ/วรรณยุกต์ซ้อน,strings,1178098,นี่มัันอะไร นี่มันเรื่องตลกเหรอ,นี่มันอะไร นี่มันเรื่องตลกเหรอ
สระ/วรรณยุกต์ซ้อน,strings,1182376,มันเป็นความอัปยศทีี่เกี่ยวกับท่านหญิงแห่งนั้นใช่มั้ย สาวน้อยแสนน่ารัก เจ้าเป็น,มันเป็นความอัปยศที่เกี่ยวกับท่านหญิงแห่งนั้นใช่มั้ย สาวน้อยแสนน่ารัก เจ้าเป็น
สระ/วรรณยุกต์ซ้อน,strings,1185038,ฟังนะ ทั้งไวน์ ทั้งเครื่องประดับ ต่างเกี่ยวข้องกับท่านทั้งนั้น เรื่่องบังเอิญงั้นหรือ ข้าคิดว่าไม่ใช่นะ,ฟังนะ ทั้งไวน์ ทั้งเครื่องประดับ ต่างเกี่ยวข้องกับท่านทั้งนั้น เรื่องบังเอิญงั้นหรือ ข้าคิดว่าไม่ใช่นะ
สระ/วรรณยุกต์ซ้อน,strings,1185138,อู้ว ถ้าอย่างนั้น ท่านปล่อยเรื่องทุกอย่างให้ข้าจัดการได้เลย! ข้าจะจัดระเบียบ ดูแลทุกอย่าง และตบแต่งบ้านให้เป็นระเบียบเรียบร้อย ข้ากล้าพูดเลยว่าอีกไม่นานที่แห่งนี้้จะเป็นไร่องุ่นที่รุ่งเรืองที่สุดในระแวกนี้!,อู้ว ถ้าอย่างนั้น ท่านปล่อยเรื่องทุกอย่างให้ข้าจัดการได้เลย! ข้าจะจัดระเบียบ ดูแลทุกอย่าง และตบแต่งบ้านให้เป็นระเบียบเรียบร้อย ข้ากล้าพูดเลยว่าอีกไม่นานที่แห่งนี้จะเป็นไร่องุ่นที่รุ่งเรืองที่สุดในระแวกนี้!
สระ/วรรณยุกต์ซ้อน,strings,1185301,"วิทเชอร์ที่ข้าเรียกไปถึง Ussar ในวันที่ 12 กันยายน เขาสร้างความประทับใจได้ดีทีเดียว ข้าคิดว่าน่าจะเป็นฆาตกรเลือดเย็นเสียอีก แต่ก็พบว่าตัวเองกำลังพูดกับคนธรรมดาเสียอีก - ถ้าไม่ใช่เพราะความรู้ที่เยอะของเขาเกี่ยวกับนิสัยหรือพฤติกรรมของอสูรกายดาบสองเล่มที่ด้านหลังของเขาและเหรียญตราสัญลักษณ์ Griffin บนอก Jerome ชื่อของเขา ในขณะที่เขาถามคำถามเกี่ยวกับสัตว์ร้ายที่อยู่ใกล้กับปราสาท Mont Crane จากการพูดคุยของกับข้า เขาได้สรุปว่าสัตว์ร้ายที่เป็นปัญหานั้นเป็น Leshen<br><br>ในระหว่างการสนทนาของพวกเรา วิทเชอร์รู้สึกประหลาดใจที่่ได้รับค่าจ้างในราคาที่สูงและได้รับค่าจ้างล่วงหน้าก่อนที่เขาจะมาถึง Toussaint ข้าชื่นชอบเขามากและอยากจะซื่อสัตย์กับเขาด้วย แม้จะผิดคำสัตย์ที่ข้าสาบานไว้ ข้าเปิดเผยว่าเงินค่าจ้างของเขามาจาก นักเวทย์ Moreau  ผู้ตัดสินใจใช้ของขวัญนี้เพื่อขอบคุณชุมชนของเราเพื่อการต้อนรับที่อบอุ่น<br><br>เมื่อ Jerome ได้ยินชื่อของนักเวทย์เขาหน้าซีดไปก่อนแล้วจึงหนีไปด้วยความโกรธ เขาตะโกนและพูดว่า: ""จะไม่ให้ไอ้แก่สารเลวนั่นชดใช้!"" จากนั้นก็วิ่งไปที่คอกม้าและขี่ม้าออกไปทิ้งของส่วนใหญ่ของเขาไว้ที่นี่ เขามุ่งบนถนนสู่ Mont Crane แต่แล้วก็หายตัวไปเหมือนก้อนหินที่โยนลงไปในน้ำลึก ศาสตราจารย์ Moreau อ้างว่าเขาไม่เคยเจอวิทเชอร์","วิทเชอร์ที่ข้าเรียกไปถึง Ussar ในวันที่ 12 กันยายน เขาสร้างความประทับใจได้ดีทีเดียว ข้าคิดว่าน่าจะเป็นฆาตกรเลือดเย็นเสียอีก แต่ก็พบว่าตัวเองกำลังพูดกับคนธรรมดาเสียอีก - ถ้าไม่ใช่เพราะความรู้ที่เยอะของเขาเกี่ยวกับนิสัยหรือพฤติกรรมของอสูรกายดาบสองเล่มที่ด้านหลังของเขาและเหรียญตราสัญลักษณ์ Griffin บนอก Jerome ชื่อของเขา ในขณะที่เขาถามคำถามเกี่ยวกับสัตว์ร้ายที่อยู่ใกล้กับปราสาท Mont Crane จากการพูดคุยของกับข้า เขาได้สรุปว่าสัตว์ร้ายที่เป็นปัญหานั้นเป็น Leshen<br><br>ในระหว่างการสนทนาของพวกเรา วิทเชอร์รู้สึกประหลาดใจที่ได้รับค่าจ้างในราคาที่สูงและได้รับค่าจ้างล่วงหน้าก่อนที่เขาจะมาถึง Toussaint ข้าชื่นชอบเขามากและอยากจะซื่อสัตย์กับเขาด้วย แม้จะผิดคำสัตย์ที่ข้าสาบานไว้ ข้าเปิดเผยว่าเงินค่าจ้างของเขามาจาก นักเวทย์ Moreau  ผู้ตัดสินใจใช้ของขวัญนี้เพื่อขอบคุณชุมชนของเราเพื่อการต้อนรับที่อบอุ่น<br><br>เมื่อ Jerome ได้ยินชื่อของนักเวทย์เขาหน้าซีดไปก่อนแล้วจึงหนีไปด้วยความโกรธ เขาตะโกนและพูดว่า: ""จะไม่ให้ไอ้แก่สารเลวนั่นชดใช้!"" จากนั้นก็วิ่งไปที่คอกม้าและขี่ม้าออกไปทิ้งของส่วนใหญ่ของเขาไว้ที่นี่ เขามุ่งบนถนนสู่ Mont Crane แต่แล้วก็หายตัวไปเหมือนก้อนหินที่โยนลงไปในน้ำลึก ศาสตราจารย์ Moreau อ้างว่าเขาไม่เคยเจอวิทเชอร์"
สระ/วรรณยุกต์ซ้อน,strings,1186607,สููตรยาสำหรับทำสารกลายพันธ์ุของวิทเชอร์,สูตรยาสำหรับทำสารกลายพันธ์ุของวิทเชอร์
สระ/วรรณยุกต์ซ้อน,strings,1188016,ข้้าเห็นด้วยอย่างยิ่งทั้งกายและใจ,ข้าเห็นด้วยอย่างยิ่งทั้งกายและใจ
สระ/วรรณยุกต์ซ้อน,strings,1194074,เฮ้้,เฮ้
สระ/วรรณยุกต์ซ้อน,strings,1194442,เจ้้าควรทำตัวเองให้มีประโยชน์นะ,เจ้าควรทำตัวเองให้มีประโยชน์นะ
สระ/วรรณยุกต์ซ้อน,strings,1194782,มัันไม่ใช่ความผิดของข้า,มันไม่ใช่ความผิดของข้า
สระ/วรรณยุกต์ซ้อน,strings,1194882,ไม่ใช่ นางเกิดในช่่วงเวลาที่ไม่สมควร ว่ากันว่านางถูกคำสาป Curse of the Black Sun Geralt มันจริงหรือเปล่า ที่คนๆ หนึ่งจะชั่วร้ายเพราะว่าเขาเกิดขึ้นมาผิดรอบของดวงจันทร์,ไม่ใช่ นางเกิดในช่วงเวลาที่ไม่สมควร ว่ากันว่านางถูกคำสาป Curse of the Black Sun Geralt มันจริงหรือเปล่า ที่คนๆ หนึ่งจะชั่วร้ายเพราะว่าเขาเกิดขึ้นมาผิดรอบของดวงจันทร์
สระ/วรรณยุกต์ซ้อน,strings,1199575,"Bogdan,<br><br>พวกเราจะต้องเพิ่มการระมัดระวังมากกว่าปกติ เรายังคงไม่รู้ว่าไอ้ปรสิตยักษ์นี่มากจากไหน, เพราะฉะนัั้นจงเพิ่มกำลังการเฝ้าระวังให้มากขึ้น จุดคบเพลิงทั้งยามฟ้าสางและยามพลบค่ำ อย่าให้ไฟมอดดับได้ – แต่ต้องระวังเพราะพืชพันธุ์เหล่านี้มันเสี่ยงต่อการโดนไฟไหม้ได้<br><br>จงจำเอาไว้ว่า, พืชพันธุ์ที่อยู่ในป่าของเรานั้นสำคัญที่สุด – หากปราศจากการช่วยเหลือจากพวกเจ้า, พวกเราคงจะไม่สามารถจัดการผลิตไวน์spiced ที่เรามุ่งหมายไว้ได้ ข้าเองก็รู้ว่าคนผู้คนต่างก็กลัวและไม่อยากจะทำงานนี้, ต่อจากนี้ไปแทนที่เจ้าจะใช้ไม้ไล่หวดพวกนั้นให้เข้าที่เข้าทาง ซึ่งข้าเองก็ได้ยินมาว่าเจ้าก็ชอบเสียด้วยที่ได้ทำเช่นนั้น, ข้าจะขอประกาศเพิ่มค่าจ้างอีกสองคราวน์แทน, และนอกจากนี้พวกเขายังสามารถแจ้งความประสงค์เข้ารับปาเต(อาหารยุโรปที่เป็นเนื้อบดผสมไขมัน)ได้ที่โรงครัวในทุกสุดสัปดาห์อีกด้วย<br><br>Liam Coronata","Bogdan,<br><br>พวกเราจะต้องเพิ่มการระมัดระวังมากกว่าปกติ เรายังคงไม่รู้ว่าไอ้ปรสิตยักษ์นี่มากจากไหน, เพราะฉะนั้นจงเพิ่มกำลังการเฝ้าระวังให้มากขึ้น จุดคบเพลิงทั้งยามฟ้าสางและยามพลบค่ำ อย่าให้ไฟมอดดับได้ – แต่ต้องระวังเพราะพืชพันธุ์เหล่านี้มันเสี่ยงต่อการโดนไฟไหม้ได้<br><br>จงจำเอาไว้ว่า, พืชพันธุ์ที่อยู่ในป่าของเรานั้นสำคัญที่สุด – หากปราศจากการช่วยเหลือจากพวกเจ้า, พวกเราคงจะไม่สามารถจัดการผลิตไวน์spiced ที่เรามุ่งหมายไว้ได้ ข้าเองก็รู้ว่าคนผู้คนต่างก็กลัวและไม่อยากจะทำงานนี้, ต่อจากนี้ไปแทนที่เจ้าจะใช้ไม้ไล่หวดพวกนั้นให้เข้าที่เข้าทาง ซึ่งข้าเองก็ได้ยินมาว่าเจ้าก็ชอบเสียด้วยที่ได้ทำเช่นนั้น, ข้าจะขอประกาศเพิ่มค่าจ้างอีกสองคราวน์แทน, และนอกจากนี้พวกเขายังสามารถแจ้งความประสงค์เข้ารับปาเต(อาหารยุโรปที่เป็นเนื้อบดผสมไขมัน)ได้ที่โรงครัวในทุกสุดสัปดาห์อีกด้วย<br><br>Liam Coronata"
สระ/วรรณยุกต์ซ้อน,strings,1200956,เอาเถอะ ตอนนี้ คุณนาย นายท่าน เราจะไม่มีทางสำเร็จในวิธีการเเบบนี้้เเน่,เอาเถอะ ตอนนี้ คุณนาย นายท่าน เราจะไม่มีทางสำเร็จในวิธีการเเบบนี้เเน่
สระ/วรรณยุกต์ซ้อน,strings,1201643,ข้ามักจะพยายามเกลี้ยกล่อมให้เขาซึ่งไม่แน่ใจว่าได้ผลมั้ย รับฟังทุกครัั้งที่เขาก่อสงคราม ช่างน่าเศร้าที่เขาไม่ได้รับฟังคำอ้อนวอนของข้าเลย แด่โลกที่มีแต่ความเศร้า ข้ากลัว,ข้ามักจะพยายามเกลี้ยกล่อมให้เขาซึ่งไม่แน่ใจว่าได้ผลมั้ย รับฟังทุกครั้งที่เขาก่อสงคราม ช่างน่าเศร้าที่เขาไม่ได้รับฟังคำอ้อนวอนของข้าเลย แด่โลกที่มีแต่ความเศร้า ข้ากลัว
สระ/วรรณยุกต์ซ้อน,strings,1202005,นั่่นมันงี่เง่ามาก มันก็แค่ข้ารู้สึกว่าข้า โดนกดเอาไว้ ภายใต้เงาของท่าน ข้าคงขาดใจถ้าข้าต้องอยู่แบบนั้น,นั่นมันงี่เง่ามาก มันก็แค่ข้ารู้สึกว่าข้า โดนกดเอาไว้ ภายใต้เงาของท่าน ข้าคงขาดใจถ้าข้าต้องอยู่แบบนั้น
สระ/วรรณยุกต์ซ้อน,strings,1206632,Guillaume โน้มน้าวใจให้ Vivienne ยอมที่จะทำพิธีถ่ายโอนคำสาปไปให้เขา ตามที่ Geralt ได้บอกไว้ เมื่อโอนถ่ายคำสาปไปแล้วนั้นจะมีผลกระบทที่เบาลง แต่เขาก็ไม่สามารถรับรองได้ถึงสิ่งที่จะเกิดขึ้นกับโชคชะตาของอัศวินหนุุ่ม<br><br>ในทันใดที่พวกเขาทำประกอบพิธีกรรม Vivienne รู้สึกได้ถึงคำสาปที่ถูกปลดเปลื้องออก ในส่วนของ Guillaumeนั้น เขายังไม่เห็นสัญญาณของผลข้างเคียงอะไรเลย<br>,Guillaume โน้มน้าวใจให้ Vivienne ยอมที่จะทำพิธีถ่ายโอนคำสาปไปให้เขา ตามที่ Geralt ได้บอกไว้ เมื่อโอนถ่ายคำสาปไปแล้วนั้นจะมีผลกระบทที่เบาลง แต่เขาก็ไม่สามารถรับรองได้ถึงสิ่งที่จะเกิดขึ้นกับโชคชะตาของอัศวินหนุ่ม<br><br>ในทันใดที่พวกเขาทำประกอบพิธีกรรม Vivienne รู้สึกได้ถึงคำสาปที่ถูกปลดเปลื้องออก ในส่วนของ Guillaumeนั้น เขายังไม่เห็นสัญญาณของผลข้างเคียงอะไรเลย<br>
สระ/วรรณยุกต์ซ้อน,strings,1210007,ลููกบอลที่ทาด้วยสีม่วง,ลูกบอลที่ทาด้วยสีม่วง
สระ/วรรณยุกต์ซ้อน,strings,1210009,ลููกบอลที่ทาด้วยสีเหลือง,ลูกบอลที่ทาด้วยสีเหลือง
สระ/วรรณยุกต์ซ้อน,strings,1211194,เมนููลัด,เมนูลัด
สระ/วรรณยุกต์ซ้อน,strings,1213516,พงศาวดารขุุนนางชั้นสูง แก้ไขเพิ่มเติม ฉบับที่สอง,พงศาวดารขุนนางชั้นสูง แก้ไขเพิ่มเติม ฉบับที่สอง
สระ/วรรณยุกต์ซ้อน,strings,1223593,คุุณยังขาดส่วนเสริมที่เกมต้องการเพื่อเปิดบันทึกนี้,คุณยังขาดส่วนเสริมที่เกมต้องการเพื่อเปิดบันทึกนี้
สระ/วรรณยุกต์ซ้อน,strings,1225004,คุุณสามารถเปลี่ยนหน้าตาของ Dandelion ได้ในเมนูตั้งค่าของเกม,คุณสามารถเปลี่ยนหน้าตาของ Dandelion ได้ในเมนูตั้งค่าของเกม
สระ/วรรณยุกต์ซ้อน,text,Vigor regenerates on its own as long as you don't get hit and is used to cast signs.,พละกำลังจะฟื้้นใหม่ได้เองตราบใดที่คุณไม่โดนโจมตีและใช้ในการร่าย Sign,พละกำลังจะฟื้นใหม่ได้เองตราบใดที่คุณไม่โดนโจมตีและใช้ในการร่าย Sign
สระ/วรรณยุกต์ซ้อน,text,You will be able to craft this item after reading.,คุุณจะสามารถสร้างสิ่งนี้ได้หลังจากอ่านสิ่งนี้,คุณจะสามารถสร้างสิ่งนี้ได้หลังจากอ่านสิ่งนี้
สระ/วรรณยุกต์ซ้อน,text,"It shan't, never worry! We've but a short distance to journey, into the hills outside of town.",มันไม่่ได้ อย่าห่วงเลย! พวกเราแค่ต้องเดินทางอีกสั้นๆไปยังภูเขานอกเมือง,มันไม่ได้ อย่าห่วงเลย! พวกเราแค่ต้องเดินทางอีกสั้นๆไปยังภูเขานอกเมือง
สระ/วรรณยุกต์ซ้อน,text,Who's gonna pay me to find this barber?,แล้้วใครจะเป็นคนจ่ายให้ข้าไปตามหาไอ้ช่างตัดผมคนนี้ล่ะ?,แล้วใครจะเป็นคนจ่ายให้ข้าไปตามหาไอ้ช่างตัดผมคนนี้ล่ะ?
สระ/วรรณยุกต์ซ้อน,text,"This A38 permit… In a bit of a hurry, see? There any way we could speed this up?",ใบอนุุญาติ A38 เนี่ย...คือข้ากำลังรีบ เห็นไหม? พอจะมีทางไหนที่จะช่วยเร่งให้เร็วกว่านี้ได้ไหม?,ใบอนุญาติ A38 เนี่ย...คือข้ากำลังรีบ เห็นไหม? พอจะมีทางไหนที่จะช่วยเร่งให้เร็วกว่านี้ได้ไหม?
สระ/วรรณยุกต์ซ้อน,text,I knew you for a scallywag from the start!,ดููก็รู้แต่แรกแล้วว่าเจ้ามันกระจอก!,ดูก็รู้แต่แรกแล้วว่าเจ้ามันกระจอก!
สระ/วรรณยุกต์ซ้อน,text,"Yellow bean - don't know a thing about it, right…?",ถั่วสีเหลือง...เจ้าคงไม่รู้เรื่่องอะไรเลยใช่ไหม?,ถั่วสีเหลือง...เจ้าคงไม่รู้เรื่องอะไรเลยใช่ไหม?
สระ/วรรณยุกต์ซ้อน,text,"This place… Tell me something more. It's an illusion, right?",ที่แห่งนี้...เล่าให้ข้าฟังหน่่อยสิ..มันคือโลกมายาใช่ไหม?,ที่แห่งนี้...เล่าให้ข้าฟังหน่อยสิ..มันคือโลกมายาใช่ไหม?
สระ/วรรณยุกต์ซ้อน,text,Probably same thing it means to a human. You owe him your life.,งั้้นก็คงเป็นความหมายเดียวกับพวกมนุษย์ - เจ้าติดหนี้ชีวิตเขา,งั้นก็คงเป็นความหมายเดียวกับพวกมนุษย์ - เจ้าติดหนี้ชีวิตเขา
สระ/วรรณยุกต์ซ้อน,text,Good folk!!! Woooolv--,ทุุกคน!!! หมาป่--,ทุกคน!!! หมาป่--
สระ/วรรณยุกต์ซ้อน,text,"I did, at first. But children get bored quickly. Even tea parties with a whole cackle of princesses eventually turn dull and routine.",ในตอนแรกข้าก็ชอบอยู่นะ...แต่เราก็เบื่อมันเร็วมาก..แม้แต่งานเลี้ยงน้ำชาที่เชิญเจ้าหญิงมาเต็มโต๊ะยังดูน่าเบื่่อไปตามกาลเวลา,ในตอนแรกข้าก็ชอบอยู่นะ...แต่เราก็เบื่อมันเร็วมาก..แม้แต่งานเลี้ยงน้ำชาที่เชิญเจ้าหญิงมาเต็มโต๊ะยังดูน่าเบื่อไปตามกาลเวลา
สระ/วรรณยุกต์ซ้อน,text,"The yellow bean - one more time, where is it?",ถั่่วสีเหลือง - บอกข้าอีกครั้งซิ มันอยู่ที่ไหน?,ถั่วสีเหลือง - บอกข้าอีกครั้งซิ มันอยู่ที่ไหน?
สระ/วรรณยุกต์ซ้อน,text,"Thank you, count. And you, sir.",ขอบคุุณ ท่านเคาท์ แล้วก็ท่านด้วย,ขอบคุณ ท่านเคาท์ แล้วก็ท่านด้วย
สระ/วรรณยุกต์ซ้อน,text,"The last of this subspecies. Their population was much larger at one time, see, before the beech forests were felled.",มันเป็นตัวสุดท้ายของสายพันธุ์สายย่อย ช่วงหนึ่งจำนวนของพวกมันมีอยู่มากเลยล่ะ ก่อนที่่จะป่าต้นบีชจะถูกโค่นลง,มันเป็นตัวสุดท้ายของสายพันธุ์สายย่อย ช่วงหนึ่งจำนวนของพวกมันมีอยู่มากเลยล่ะ ก่อนที่จะป่าต้นบีชจะถูกโค่นลง
สระ/วรรณยุกต์ซ้อน,text,"Wandering about the primeval forest that covered the duchy's frontier, the witcher made a discovery most macabre. Deep in the forest, a small hut. Alongside the hut, a tree. Upon the tree, a hanged man. On the ground directly beneath the corpse lay a journal.<br>",จากการตระเวณไปในป่าโบราณที่ครอบคลุมอาณาจักร duchy วิทเชอร์ได้พบเรื่องที่น่ากลัวที่สุดเรื่องหนึ่ง ลึกเข้าไปในป่ามีกระท่อมเล็กๆ ที่ต้นไม้ข้างๆกระท่อม บนต้นไม้มีชายหนุ่มแขวนคออยู่ โดยที่่บนพื้นใต้ศพมีบันทึกวางอยู่<br>,จากการตระเวณไปในป่าโบราณที่ครอบคลุมอาณาจักร duchy วิทเชอร์ได้พบเรื่องที่น่ากลัวที่สุดเรื่องหนึ่ง ลึกเข้าไปในป่ามีกระท่อมเล็กๆ ที่ต้นไม้ข้างๆกระท่อม บนต้นไม้มีชายหนุ่มแขวนคออยู่ โดยที่บนพื้นใต้ศพมีบันทึกวางอยู่<br>
สระ/วรรณยุกต์ซ้อน,text,"Was it, though? You need merely remember he always lies… Or, more precisely, reverses the truth.",จริงหรือ เจ้าแค่ระลึกไว้เสมอว่าสิ่งที่เขาพูดมาเป็นเรื่่องโกหก หรือจะพูดอีกอย่างคือ ตรงข้ามกับความจริง,จริงหรือ เจ้าแค่ระลึกไว้เสมอว่าสิ่งที่เขาพูดมาเป็นเรื่องโกหก หรือจะพูดอีกอย่างคือ ตรงข้ามกับความจริง
สระ/วรรณยุกต์ซ้อน,text,"Not a memory I enjoy revisiting, but… I suppose you deserve to know.",ไม่ใช่เรื่่องที่ข้าอยากนึกถึงนักหรอกนะ แต่...ข้าคิดว่าเจ้าสมควรจะได้รู้เหตุผล,ไม่ใช่เรื่องที่ข้าอยากนึกถึงนักหรอกนะ แต่...ข้าคิดว่าเจ้าสมควรจะได้รู้เหตุผล
สระ/วรรณยุกต์ซ้อน,text,"Yes, he stood over my dressing table, pawing through my jewelry…",ใช่...เขายืนอยู่หน้าโต๊ะเครื่องแป้ง กำลังคุ้ยเครื่่องประดับของข้าอยู่,ใช่...เขายืนอยู่หน้าโต๊ะเครื่องแป้ง กำลังคุ้ยเครื่องประดับของข้าอยู่
สระ/วรรณยุกต์ซ้อน,text,"The drawing - it's on the same type of paper the victims' names were written on. Drawn with the same ink, too. Seems the work of our blackmailers.",รูปวาดนั่น มันเป็นกระดาษชนิดเดียวกับที่ใช้เขียนชื่อของเหยื่่อที่ถูกสังหาร แถมยังเป็นหมึกชนิดเดียวกันอีก ดูเหมือนว่าจะเป็นงานของนักแบล็คเมล์ของเรานะ,รูปวาดนั่น มันเป็นกระดาษชนิดเดียวกับที่ใช้เขียนชื่อของเหยื่อที่ถูกสังหาร แถมยังเป็นหมึกชนิดเดียวกันอีก ดูเหมือนว่าจะเป็นงานของนักแบล็คเมล์ของเรานะ
สระ/วรรณยุกต์ซ้อน,text,"You see… I recall her always being rather… possessive, throwing jealous fits if I had something she didn't.",คือ...ข้าจำได้ว่านางเป็นคนที่่...ขี้อิจฉาเสมอๆ ถ้าข้ามีอะไรที่นางไม่มีแล้วล่ะก็...,คือ...ข้าจำได้ว่านางเป็นคนที่...ขี้อิจฉาเสมอๆ ถ้าข้ามีอะไรที่นางไม่มีแล้วล่ะก็...
สระ/วรรณยุกต์ซ้อน,text,You understand this… It must be why you and Regis are friends.,เจ้าเข้าใจเรื่องนี้...นี่คงเป็นเหตุผลที่เจ้ากับ Regis เป็นเพื่่อนกันได้,เจ้าเข้าใจเรื่องนี้...นี่คงเป็นเหตุผลที่เจ้ากับ Regis เป็นเพื่อนกันได้
สระ/วรรณยุกต์ซ้อน,text,It was wonderful. I was positively entranced by the land's fashions. Deep cut dresses I found most fascinating…,มันน่าอยู่มาก ข้าตื่นตาตื่นใจกับแฟชั่่นของชาวเมืองที่นั่นมาก โดยเฉพาะชุดเกรสคอลึกที่ข้าเห็นว่ามีเสน่ห์ที่สุด...,มันน่าอยู่มาก ข้าตื่นตาตื่นใจกับแฟชั่นของชาวเมืองที่นั่นมาก โดยเฉพาะชุดเกรสคอลึกที่ข้าเห็นว่ามีเสน่ห์ที่สุด...
สระ/วรรณยุกต์ซ้อน,text,"No, Regis. Can't risk it. Gotta keep Dettlaff here while I go to Dun Tynne.",ไม่ Regis ครั้งนี้ข้าเสี่ยงไม่ได้ เจ้าต้องดึง Dettlaff ไว้ที่นี่ ระหว่างที่ข้าไปที่่ Dun Tynne,ไม่ Regis ครั้งนี้ข้าเสี่ยงไม่ได้ เจ้าต้องดึง Dettlaff ไว้ที่นี่ ระหว่างที่ข้าไปที่ Dun Tynne
สระ/วรรณยุกต์ซ้อน,text,"Sensitive. Sad. He carries within him the weight of a terrible tragedy. He is a good man, but lost. Which is why he comes across as grim.",อ่อนไหว...ปนเศร้า...เหมือนเขาแบกรับน้ำหนักของเรื่่องเศร้าที่เกิดขึ้นในชีวิตไว้ แต่จริงๆเขาเป็นคนดีนะ เพียงแต่หลงทางไป นั่นเป็นเหตุผลให้เขาดูหม่นๆยังไงล่ะ,อ่อนไหว...ปนเศร้า...เหมือนเขาแบกรับน้ำหนักของเรื่องเศร้าที่เกิดขึ้นในชีวิตไว้ แต่จริงๆเขาเป็นคนดีนะ เพียงแต่หลงทางไป นั่นเป็นเหตุผลให้เขาดูหม่นๆยังไงล่ะ
สระ/วรรณยุกต์ซ้อน,text,"Yes, and the noble knights of Toussaint and I didn't stop until we reached the Caed Dhu wilderness. They left me there alone, without a copper, in a torn lace dress. Right when the frosts were setting in.",ใช่ อัศวินชั้้นสูงของ Toussaint และข้าเดินทางไม่หยุดจนมาถึงป่า Caed Dhu พวกเขาทิ้งข้าในชุดขาดๆให้อยู่ที่นั่นคนเดียว ไม่ให้เงินสักแดง ทิ้งข้าไว้ในตอนที่หยดน้ำค้างกำลังเริ่มแข็งตัว,ใช่ อัศวินชั้นสูงของ Toussaint และข้าเดินทางไม่หยุดจนมาถึงป่า Caed Dhu พวกเขาทิ้งข้าในชุดขาดๆให้อยู่ที่นั่นคนเดียว ไม่ให้เงินสักแดง ทิ้งข้าไว้ในตอนที่หยดน้ำค้างกำลังเริ่มแข็งตัว
สระ/วรรณยุกต์ซ้อน,text,The meeting - what if it's nothing like you say? What if it goes sour… ends in a fight? Willing to guarantee Syanna won't get hurt?,การพบกันครั้งนี้...ถ้ามันไม่เป็นไปตามที่เจ้าพูดล่่ะ ถ้าเกิดมีการต่อสู้เกิดขึ้น เจ้ารับประกันได้ไหมว่านางจะไม่เป็นอันตราย,การพบกันครั้งนี้...ถ้ามันไม่เป็นไปตามที่เจ้าพูดล่ะ ถ้าเกิดมีการต่อสู้เกิดขึ้น เจ้ารับประกันได้ไหมว่านางจะไม่เป็นอันตราย
สระ/วรรณยุกต์ซ้อน,text,"There is a certain staggeringly dangerous, mind you, way to force Dettlaff to reveal himself… and incite him to fight.",มัันก็มีทางที่เสี่ยงมากๆเลยอยู่อย่างหนึ่ง เป็นวิธีที่บังคับให้ Dettlaff มาปรากฏตัวและก็ยั่วให้เขามาสู้,มันก็มีทางที่เสี่ยงมากๆเลยอยู่อย่างหนึ่ง เป็นวิธีที่บังคับให้ Dettlaff มาปรากฏตัวและก็ยั่วให้เขามาสู้
สระ/วรรณยุกต์ซ้อน,text,So you'd know this is no almshouse for lost orphan boys.,งั้นเจ้้าก็รู้ว่านี่ไม่ใช่สถานสงเคราะห์เด็กกำพร้า,งั้นเจ้าก็รู้ว่านี่ไม่ใช่สถานสงเคราะห์เด็กกำพร้า
สระ/วรรณยุกต์ซ้อน,text,"What is this, these shenanigans?!",นี่มัันอะไร? นี่มันเรื่องตลกเหรอ?,นี่มันอะไร? นี่มันเรื่องตลกเหรอ?
สระ/วรรณยุกต์ซ้อน,text,Completely. Found proof.,แน่่นอนที่สุด พบหลักฐานด้วย,แน่นอนที่สุด พบหลักฐานด้วย
สระ/วรรณยุกต์ซ้อน,text,"Like many here. Tall, dark, masked…",ก็เหมือนๆกับทุกคนในที่่แห่งนี้ ตัวสูง ใส่หน้ากาก...,ก็เหมือนๆกับทุกคนในที่แห่งนี้ ตัวสูง ใส่หน้ากาก...
สระ/วรรณยุกต์ซ้อน,text,"It's a shame about that duchess of theirs, no? A lovely lass, she was…",มันเป็นความอัปยศทีี่เกี่ยวกับท่านหญิงแห่งนั้นใช่ไหม? สาวน้อยแสนน่ารัก เจ้าเป็น...,มันเป็นความอัปยศที่เกี่ยวกับท่านหญิงแห่งนั้นใช่ไหม? สาวน้อยแสนน่ารัก เจ้าเป็น...
สระ/วรรณยุกต์ซ้อน,text,"Dun Tynne is a modest complex - several old buildings, a high wall around them. At the center of the enclosure stands an imposing keep, restored not long past by the elderly knight of the castle, Roderick.",Dun Tynne เป็นปราสาทหลังเล็กๆ มีอาคารเก่าๆอยู่ไม่กี่หลัง มีกำแพงสูงล้อมรอบไว้ ตรงศูนย์กลางมีป้อมปราการที่่ถูกบูรณะใหม่โดย Roderick,Dun Tynne เป็นปราสาทหลังเล็กๆ มีอาคารเก่าๆอยู่ไม่กี่หลัง มีกำแพงสูงล้อมรอบไว้ ตรงศูนย์กลางมีป้อมปราการที่ถูกบูรณะใหม่โดย Roderick
สระ/วรรณยุกต์ซ้อน,text,We must get to the dressing room. Quickly.,เราต้องไปที่่ห้องแต่งตัวให้เร็วที่่สุด,เราต้องไปที่ห้องแต่งตัวให้เร็วที่สุด
สระ/วรรณยุกต์ซ้อน,text,They were put here to protect the Fablesphere from intruders. Meaning you.,พวกมันมีหน้าที่่ปกป้องโลกนี้จากผู้บุกรุก..นั่นก็คือเจ้า,พวกมันมีหน้าที่ปกป้องโลกนี้จากผู้บุกรุก..นั่นก็คือเจ้า
สระ/วรรณยุกต์ซ้อน,text,"Look, the wine, the jewel - both tied to you, intrinsically. Coincidence? Not something I'm willing to believe.",ฟังนะ...ทั้งไวน์ ทั้งเครื่องประดับ ต่างเกี่ยวข้องกับท่านทั้งนั้น เรื่่องบังเอิญงั้นหรือ...ข้าคิดว่าไม่ใช่นะ,ฟังนะ...ทั้งไวน์ ทั้งเครื่องประดับ ต่างเกี่ยวข้องกับท่านทั้งนั้น เรื่องบังเอิญงั้นหรือ...ข้าคิดว่าไม่ใช่นะ
สระ/วรรณยุกต์ซ้อน,text,"Ooh, in that case, you must leave it all to me! I shall organize, see to everything and whip the house into order. I daresay this place will soon be the most prosperous vineyard around!",อู้ว ถ้าอย่างนั้น ท่านปล่อยเรื่องทุกอย่างให้ข้าจัดการได้เลย! ข้าจะจัดระเบียบ ดูแลทุกอย่าง และตบแต่งบ้านให้เป็นระเบียบเรียบร้อย ข้ากล้าพูดเลยว่าอีกไม่นานที่แห่งนี้้จะเป็นไร่องุ่นที่รุ่งเรืองที่สุดในระแวกนี้!,อู้ว ถ้าอย่างนั้น ท่านปล่อยเรื่องทุกอย่างให้ข้าจัดการได้เลย! ข้าจะจัดระเบียบ ดูแลทุกอย่าง และตบแต่งบ้านให้เป็นระเบียบเรียบร้อย ข้ากล้าพูดเลยว่าอีกไม่นานที่แห่งนี้จะเป็นไร่องุ่นที่รุ่งเรืองที่สุดในระแวกนี้!
สระ/วรรณยุกต์ซ้อน,text,"The witcher I summoned reached Ussar on the 12th of September. He made a favorable impression. I had expected a cold killer, yet found myself speaking with someone who could easily be mistaken for a normal man – if not for his expansive knowledge concerning the habits of monsters, the two swords on his back and the griffin-head medallion on his chest. Jerome, as he was called, asked me a great many questions about the beast seen near Mont Crane castle. Based on my responses he concluded the monster in question was a leshen.<br><br>During our next conversation the witcher expressed his astonishment at being offered such a high reward, and one paid in advance, before he even arrived in Toussaint. I had taken a liking to the fellow and wanted to be honest with him. Despite the vow I had sworn, I revealed his pay came entirely from a certain Moreau, a mage, who had decided to use this gift to thank our community for a warm welcome.<br><br>When Jerome heard the mage’s name, he first went pale, then flew into a rage. He shouted, and I quote: “Gonna give that old bastard a piece of my mind!”, then ran to the stables, mounted his steed and rode off, leaving the greater part of his possessions behind. He was seen on the road to Mont Crane, but then disappeared, like a rock thrown in deep water. Master Moreau claims he never saw the witcher.","วิทเชอร์ที่ข้าเรียกไปถึง Ussar ในวันที่ 12 กันยายน เขาสร้างความประทับใจได้ดีทีเดียว ข้าคิดว่าน่าจะเป็นฆาตกรที่เย็นชาเสียอีก แต่ก็พบว่าตัวเองกำลังพูดกับคนที่เข้าใจผิดว่าเป็นคนธรรมดาเสียอีก - ถ้าไม่ใช่เพราะความรู้ที่เยอะของเขาเกี่ยวกับนิสัยของปีศาจดาบสองเล่มที่ด้านหลังของเขาและหัวของ Griffin แล้วก็เหรียญตราบนอกเขา Jerome ในขณะที่เขาถูกเรียกถามคำถามมากมายเกี่ยวกับสัตว์ร้ายที่อยู่ใกล้กับปราสาท Mont Crane จากการตอบกลับของข้าเขาได้สรุปว่าสัตว์ร้ายที่เป็นปัญหานั้นเป็น Leshen<br><br>ในระหว่างการสนทนาครั้งต่อไปของพวกเรา วิทเชอร์ได้แสดงความประหลาดใจที่่ได้รับรางวัลสูงมากและได้รับค่าจ้างล่วงหน้าก่อนที่เขาจะมาถึง Toussaint ข้าชื่นชอบผู้คนมากและอยากจะซื่อสัตย์กับเขาด้วย แม้คำสาบานที่ข้าสาบานไว้ ข้าเปิดเผยว่าเงินของเขามาจาก Moreau นักเวทย์ ผู้ตัดสินใจใช้ของขวัญนี้เพื่อขอบคุณชุมชนของเราเพื่อการต้อนรับที่อบอุ่น<br><br>เมื่อ Jerome ได้ยินชื่อของนักเวทย์เขาหน้าซีดไปก่อนแล้วจึงหนีไปด้วยความโกรธ เขาตะโกนและพูดว่า: ""จะให้ไอ้แก่สารเลวหนึ่งชิ้นที่กวนใจข้า!"" จากนั้นก็วิ่งไปที่คอกม้าและขี่ม้าออกไปทิ้งทรัพย์สินส่วนใหญ่ของเขาไว้ข้างหลัง เขามุ่งบนถนนสู่ Mont Crane แต่แล้วก็หายตัวไปเหมือนก้อนหินที่โยนลงไปในน้ำลึก อาจารย์ Moreau อ้างว่าเขาไม่เคยเห็นวิทเชอร์","วิทเชอร์ที่ข้าเรียกไปถึง Ussar ในวันที่ 12 กันยายน เขาสร้างความประทับใจได้ดีทีเดียว ข้าคิดว่าน่าจะเป็นฆาตกรที่เย็นชาเสียอีก แต่ก็พบว่าตัวเองกำลังพูดกับคนที่เข้าใจผิดว่าเป็นคนธรรมดาเสียอีก - ถ้าไม่ใช่เพราะความรู้ที่เยอะของเขาเกี่ยวกับนิสัยของปีศาจดาบสองเล่มที่ด้านหลังของเขาและหัวของ Griffin แล้วก็เหรียญตราบนอกเขา Jerome ในขณะที่เขาถูกเรียกถามคำถามมากมายเกี่ยวกับสัตว์ร้ายที่อยู่ใกล้กับปราสาท Mont Crane จากการตอบกลับของข้าเขาได้สรุปว่าสัตว์ร้ายที่เป็นปัญหานั้นเป็น Leshen<br><br>ในระหว่างการสนทนาครั้งต่อไปของพวกเรา วิทเชอร์ได้แสดงความประหลาดใจที่ได้รับรางวัลสูงมากและได้รับค่าจ้างล่วงหน้าก่อนที่เขาจะมาถึง Toussaint ข้าชื่นชอบผู้คนมากและอยากจะซื่อสัตย์กับเขาด้วย แม้คำสาบานที่ข้าสาบานไว้ ข้าเปิดเผยว่าเงินของเขามาจาก Moreau นักเวทย์ ผู้ตัดสินใจใช้ของขวัญนี้เพื่อขอบคุณชุมชนของเราเพื่อการต้อนรับที่อบอุ่น<br><br>เมื่อ Jerome ได้ยินชื่อของนักเวทย์เขาหน้าซีดไปก่อนแล้วจึงหนีไปด้วยความโกรธ เขาตะโกนและพูดว่า: ""จะให้ไอ้แก่สารเลวหนึ่งชิ้นที่กวนใจข้า!"" จากนั้นก็วิ่งไปที่คอกม้าและขี่ม้าออกไปทิ้งทรัพย์สินส่วนใหญ่ของเขาไว้ข้างหลัง เขามุ่งบนถนนสู่ Mont Crane แต่แล้วก็หายตัวไปเหมือนก้อนหินที่โยนลงไปในน้ำลึก อาจารย์ Moreau อ้างว่าเขาไม่เคยเห็นวิทเชอร์"
สระ/วรรณยุกต์ซ้อน,text,I agree thoroughly. With every fiber of my being.,ข้้าเห็นด้วยอย่างยิ่งทั้งกายและใจ,ข้าเห็นด้วยอย่างยิ่งทั้งกายและใจ
สระ/วรรณยุกต์ซ้อน,text,Hey… Is that not this cur with the price on his head?,เฮ้้...,เฮ้...
สระ/วรรณยุกต์ซ้อน,text,You could make yourself useful.,เจ้้าควรทำตัวเองให้มีประโยชน์นะ,เจ้าควรทำตัวเองให้มีประโยชน์นะ
สระ/วรรณยุกต์ซ้อน,text,It's not my fault!,มัันไม่ใช่ความผิดของข้า,มันไม่ใช่ความผิดของข้า
สระ/วรรณยุกต์ซ้อน,text,"No. She was born at an inopportune moment. They said she was touched by the Curse of the Black Sun… Geralt, is it true? Can an individual be evil because they were born during the wrong lunar phase?",ไม่ใช่...นางเกิดในช่่วงเวลาที่ไม่สมควร...ว่ากันว่านางถูกคำสาป Curse of the Black Sun (คำสาปสุริยาทมิฬ)... Geralt มันจริงหรือเปล่า? ที่คนๆหนึ่งจะชั่วร้ายเพราะว่าเขาเกิดขึ้นมาผิดรอบของดวงจันทร์?,ไม่ใช่...นางเกิดในช่วงเวลาที่ไม่สมควร...ว่ากันว่านางถูกคำสาป Curse of the Black Sun (คำสาปสุริยาทมิฬ)... Geralt มันจริงหรือเปล่า? ที่คนๆหนึ่งจะชั่วร้ายเพราะว่าเขาเกิดขึ้นมาผิดรอบของดวงจันทร์?
สระ/วรรณยุกต์ซ้อน,text,"Come now, madame, monsieur. We shall never get anywhere in this manner…",เอาเถอะ ตอนนี้ คุณนาย นายท่าน เราจะไม่มีทางสำเร็จในวิธีการเเบบนี้้เเน่...,เอาเถอะ ตอนนี้ คุณนาย นายท่าน เราจะไม่มีทางสำเร็จในวิธีการเเบบนี้เเน่...
สระ/วรรณยุกต์ซ้อน,text,"You have three days to bring me his head. No more secrets, no more helping vampires. I want what I'm paying for. The head of the Beast.",เจ้า...มีเวลาสามวันที่จะนำหัวของเขามาให้ข้า...ไม่มีความลับ ไม่มีการช่วยเหลือแวมไพร์อีกต่อไป ที่่ข้าจ่ายเงินให้เจ้าก็เพื่อจ้างให้เอาหัวของแวมไพร์มาให้ข้า,เจ้า...มีเวลาสามวันที่จะนำหัวของเขามาให้ข้า...ไม่มีความลับ ไม่มีการช่วยเหลือแวมไพร์อีกต่อไป ที่ข้าจ่ายเงินให้เจ้าก็เพื่อจ้างให้เอาหัวของแวมไพร์มาให้ข้า
สระ/วรรณยุกต์ซ้อน,text,"I have oft tried to prevail upon him, in no uncertain terms, to tame his belligerence once and for all. Sadly, he has not heeded my pleas. To the world's great sorrow, I fear.",ข้ามักจะพยายามเกลี้ยกล่อมให้เขาซึ่งไม่แน่ใจว่าได้ผลไหม รับฟังทุกครัั้งที่เขาก่อสงคราม ช่างน่าเศร้าที่เขาไม่ได้รับฟังคำอ้อนวอนของข้าเลย แด่โลกที่มีแต่ความเศร้า ข้ากลัว,ข้ามักจะพยายามเกลี้ยกล่อมให้เขาซึ่งไม่แน่ใจว่าได้ผลไหม รับฟังทุกครั้งที่เขาก่อสงคราม ช่างน่าเศร้าที่เขาไม่ได้รับฟังคำอ้อนวอนของข้าเลย แด่โลกที่มีแต่ความเศร้า ข้ากลัว
สระ/วรรณยุกต์ซ้อน,text,"That was silly. It's just that I felt… stifled, in your shadow, I'd have suffocated had I stayed.",นั่่นมันงี่เง่ามาก มันก็แค่ข้ารู้สึกว่าข้า...โดนกดเอาไว้ ภายใต้เงาของท่าน ข้าคงขาดใจถ้าข้าต้องอยู่แบบนั้น,นั่นมันงี่เง่ามาก มันก็แค่ข้ารู้สึกว่าข้า...โดนกดเอาไว้ ภายใต้เงาของท่าน ข้าคงขาดใจถ้าข้าต้องอยู่แบบนั้น
สระ/วรรณยุกต์ซ้อน,text,"While tending to the problems at Vermentino, Geralt had found proof that a third party was behind the troubles there. He realized this knowledge could be valuable to Matilda and Liam, and decided to share it with them both.<br>Yet again his intuition did not fail him. Coronata's and Vermentino's owners realized they could gain by joining forces and possibly lose much by continuing to quarrel. They resolved from that day forward to cooperate - more, to form a consortium.<br>",ขณะที่กำลังรับมือกับปัญหาที่ Vermentino Geralt ได้พบหลักฐานว่ามีมือที่สามได้เข้ามาอยู่เบื้องหลังปัญหาทั้งหมดนี้ เขาตระหนักได้ว่าสิ่งที่เขารับรู้ว่าอาจจะมีประโยชน์อย่างมากกับทั้ง Matilda และ Liam และตัดสินใจที่จะบอกกับทั้งคู่<br>เป็นอีกครั้งที่่สัญชาตญาณของเขาไม่ทำให้ผิดหวัง Coronata และ Vermentino ตระหนักได้ว่าพวกเขาควรที่จะร่วมมือกันมากกว่าทะเลาะกัน พวกเขาแก้ปัญหาโดยการที่จากวันนี้เป็นต้นไปพวกเขาจะร่วมมือกัน - มากไปกว่านั้น พวกเขาจะเป็นหุ้นส่วนกัน<br>,ขณะที่กำลังรับมือกับปัญหาที่ Vermentino Geralt ได้พบหลักฐานว่ามีมือที่สามได้เข้ามาอยู่เบื้องหลังปัญหาทั้งหมดนี้ เขาตระหนักได้ว่าสิ่งที่เขารับรู้ว่าอาจจะมีประโยชน์อย่างมากกับทั้ง Matilda และ Liam และตัดสินใจที่จะบอกกับทั้งคู่<br>เป็นอีกครั้งที่สัญชาตญาณของเขาไม่ทำให้ผิดหวัง Coronata และ Vermentino ตระหนักได้ว่าพวกเขาควรที่จะร่วมมือกันมากกว่าทะเลาะกัน พวกเขาแก้ปัญหาโดยการที่จากวันนี้เป็นต้นไปพวกเขาจะร่วมมือกัน - มากไปกว่านั้น พวกเขาจะเป็นหุ้นส่วนกัน<br>
สระ/วรรณยุกต์ซ้อน,text,Letter from Count Monnier's brother,จดหมายจากพี่่ชายท่านเคาท์ Monnier,จดหมายจากพี่ชายท่านเคาท์ Monnier
สระ/วรรณยุกต์ซ้อน,text,"Guillaume convinced Vivienne to undergo a ritual which would transfer her curse to him. According to Geralt, once transferred the curse’s effects would be weakened, but he was not able to make any guarantees concerning the young knight’s fate.<br><br>As soon as they had performed the ritual, Vivienne felt the curse had been lifted. As for Guillaume, he did not notice any significant side effects.<br>",Guillaume โน้มน้าวใจให้ Vivienne ยอมที่จะทำพิธีถ่ายโอนคำสาปไปให้เขา ตามที่ Geralt ได้บอกไว้ เมื่อโอนถ่ายคำสาปไปแล้วนั้นจะมีผลกระบทที่เบาลง แต่เขาก็ไม่สามารถรับรองได้ถึงสิ่งที่จะเกิดขึ้นกับโชคชะตาของอัศวินหนุุ่ม<br><br>ในทันใดที่พวกเขาทำประกอบพิธีกรรม Vivienne รู้สึกได้ถึงคำสาปที่ถูกปลดเปลื้องออก ในส่วนของ Guillaumeนั้น เขายังไม่เห็นสัญญาณของผลข้างเคียงอะไรเลย<br>,Guillaume โน้มน้าวใจให้ Vivienne ยอมที่จะทำพิธีถ่ายโอนคำสาปไปให้เขา ตามที่ Geralt ได้บอกไว้ เมื่อโอนถ่ายคำสาปไปแล้วนั้นจะมีผลกระบทที่เบาลง แต่เขาก็ไม่สามารถรับรองได้ถึงสิ่งที่จะเกิดขึ้นกับโชคชะตาของอัศวินหนุ่ม<br><br>ในทันใดที่พวกเขาทำประกอบพิธีกรรม Vivienne รู้สึกได้ถึงคำสาปที่ถูกปลดเปลื้องออก ในส่วนของ Guillaumeนั้น เขายังไม่เห็นสัญญาณของผลข้างเคียงอะไรเลย<br>
สระ/วรรณยุกต์ซ้อน,text,Ball filled with purple paint.,ลููกบอลที่ทาด้วยสีม่วง,ลูกบอลที่ทาด้วยสีม่วง
สระ/วรรณยุกต์ซ้อน,text,"The Ducal Chronicle, 2nd Amended Edition",พงศาวดารขุุนนางชั้นสูง แก้ไขเพิ่มเติม ฉบับที่สอง,พงศาวดารขุนนางชั้นสูง แก้ไขเพิ่มเติม ฉบับที่สอง
สระ/วรรณยุกต์ซ้อน,text,"Geralt, there are four dimensions - length, width, height… and time. What would you have me fall in love with - width? Come, now - tsk tsk, tsk.",Geralt มิติมีทั้้งหมด 4 อย่าง - ความยาว ความกว้าง ความสูง...และเวลา เจ้าคิดว่าข้าจะตกหลุมรักอะไรล่ะ - ความกว้างงั้นเหรอ? ไม่เอาน่า ทีนี้ - ติ๊ก ติ๊ก ติ๊ก,Geralt มิติมีทั้งหมด 4 อย่าง - ความยาว ความกว้าง ความสูง...และเวลา เจ้าคิดว่าข้าจะตกหลุมรักอะไรล่ะ - ความกว้างงั้นเหรอ? ไม่เอาน่า ทีนี้ - ติ๊ก ติ๊ก ติ๊ก
สระ/วรรณยุกต์ซ้อน,text,"All together - at him! Teamwork, for fuck's sake!",ทั้้งหมดด้วยกัน - ที่เขา! การทำงานเป็นทีมเพื่อประโยชน์!,ทั้งหมดด้วยกัน - ที่เขา! การทำงานเป็นทีมเพื่อประโยชน์!
สระ/วรรณยุกต์ซ้อน,text,…to think a whole garrison will be stationed here - in the free city of Novigrad.,...ที่่คิดว่าทหารทั้งหมดจะส่งมาประจำการที่นี้ ในเมืองอิสระ แห่ง Novigrad,...ที่คิดว่าทหารทั้งหมดจะส่งมาประจำการที่นี้ ในเมืองอิสระ แห่ง Novigrad
สระ/วรรณยุกต์ซ้อน,text,Talk to Ciri.,คุุยกับ Ciri,คุยกับ Ciri
สระ/วรรณยุกต์ซ้อน,text,"Awful pale, y'are.",เจ้าดููน่ากลัวชะมัด,เจ้าดูน่ากลัวชะมัด
สระ/วรรณยุกต์ซ้อน,text,Immobilized beings cannot do anything while the effect lasts.,สิ่่งมีชีวิตจะไม่สามารถขยับได้ตราบใดที่ถูกตรึง,สิ่งมีชีวิตจะไม่สามารถขยับได้ตราบใดที่ถูกตรึง
สระ/วรรณยุกต์ซ้อน,text,I shan't give you a copper.,ข้าไม่่ให้ทองแดงแก่เจ้า,ข้าไม่ให้ทองแดงแก่เจ้า
สระ/วรรณยุกต์ซ้อน,text,"Dum, di, dum, witcher.",ดุม ดี ดุุม วิทเชอร์,ดุม ดี ดุม วิทเชอร์
สระ/วรรณยุกต์ซ้อน,text,"Ah, at your service.",ยินดีีรับใช้,ยินดีรับใช้
สระ/วรรณยุกต์ซ้อน,text,Hmp... fmrrrrrrr...,ฮึ่่บ... เฟรอออ,ฮึ่บ... เฟรอออ
สระ/วรรณยุกต์ซ้อน,text,Son of a bitch! Help! Thief!,ไอ้ลููกกระหรี่! ช่วยด้วย! ขโมยย!,ไอ้ลูกกระหรี่! ช่วยด้วย! ขโมยย!
สระ/วรรณยุกต์ซ้อน,text,"So where's Elsa get her coin, I ask. She give tail to Black 'uns, I'm tellin' ye!",ข้้าถามเอลซ่าว่าเธอได้เงินนั้นมาจากใหน นางบอกว่าจากการนอนกับพวก Black ข้าบอกเจ้าแล้ว!,ข้าถามเอลซ่าว่าเธอได้เงินนั้นมาจากใหน นางบอกว่าจากการนอนกับพวก Black ข้าบอกเจ้าแล้ว!
สระ/วรรณยุกต์ซ้อน,text,"Like an excavator uncovering an ancient elven masterpiece, Geralt slowly revealed the hidden brilliance of my plan. He discovered we had not barged in directly from the sewers like brain-dead lugs, but had instead struck from the inside, by placing a bomb in one of the tubs' drainpipes.<br><br>Hearing this, Dijkstra summoned his faithful eunuch, Happen, and had him examine the bathhouse guest registry. From it they learned the tub in question had been used that day by a certain Margrave Henckel. Nothing unusual about a margrave giving his corns a bit of a soak - but this particular margrave had shuffled off his mortal coil, corns and all, a few months prior to the break-in. Dijkstra thus tasked Geralt with examining the margrave's residence, in the hope that the witcher would find some trace of the stolen treasure there.<br>",ดังเช่นนักขุดค้นที่พบหลักฐานในซากโบราณของเอลฟ์ Geralt ก็ค่อยค้นพบแผนการอันแยบยลของข้า เขาพบว่าข้าไม่ได้เข้าไปจากทางระบายน้ำแบบพวกไร้สมอง แต่ทลายเข้าไปจากด้านใน โดยหย่อนระเบิดลงทางท่อน้ำทิ้งของอ่างอาบน้ำ หลังจากรู้เรื่อง Dijkstra ได้สั่งให้เสมียนคนสนิท Happen ตรวจค้นรายชื่อแขกทุกคน จากจุดนั้น พวกเขารู้ว่าอ่างเจ้าปัญหานั่นถูกใช้โดย Margrave Henckel ในวันนั้น ก็ไม่มีอะไรแปลกถ้า Margrave จะมาหาที่เอาตูดแช่น้ำ แต่ไอ้ Margrave นี่มันตายไปก่อนวันที่ตูดมันมาแช่น้ำตั้งหลายเดือนมาแล้ว Dijkstra จึงจ้างให้้ Geralt ไปสำรวจบ้านของ Margrave โดยหวังว่า วิทเชอร์ จะพบเบาะแสเกี่ยวกับสมบัติที่ถูกขโมยไป<br>,ดังเช่นนักขุดค้นที่พบหลักฐานในซากโบราณของเอลฟ์ Geralt ก็ค่อยค้นพบแผนการอันแยบยลของข้า เขาพบว่าข้าไม่ได้เข้าไปจากทางระบายน้ำแบบพวกไร้สมอง แต่ทลายเข้าไปจากด้านใน โดยหย่อนระเบิดลงทางท่อน้ำทิ้งของอ่างอาบน้ำ หลังจากรู้เรื่อง Dijkstra ได้สั่งให้เสมียนคนสนิท Happen ตรวจค้นรายชื่อแขกทุกคน จากจุดนั้น พวกเขารู้ว่าอ่างเจ้าปัญหานั่นถูกใช้โดย Margrave Henckel ในวันนั้น ก็ไม่มีอะไรแปลกถ้า Margrave จะมาหาที่เอาตูดแช่น้ำ แต่ไอ้ Margrave นี่มันตายไปก่อนวันที่ตูดมันมาแช่น้ำตั้งหลายเดือนมาแล้ว Dijkstra จึงจ้างให้ Geralt ไปสำรวจบ้านของ Margrave โดยหวังว่า วิทเชอร์ จะพบเบาะแสเกี่ยวกับสมบัติที่ถูกขโมยไป<br>
สระ/วรรณยุกต์ซ้อน,text,"Thanks some clever misdirection by Zoltan, Geralt acquired the card held by Caesar Bilzen. He also managed to get the card from Ravik. I'll spare you the details of that unfortunate incident, during which gushers of blood chased down pitchers of alcohol. Perhaps some future chronicler of the lurid and ghastly will fill you in on them. I will satisfy myself with telling you that, having acquired all three cards, Zoltan and Geralt met with their prospective buyer. This individual, it turned out, lacked something essential for the transaction to be completed - namely, his life. Standing over his stiffening corpse: Duke and his henchmen.<br>",ต้องขอบคุณความเจ้าเลห์ของ Zoltan ที่ทำให้ Geralt ได้การ์ดที่ Ceasar Blizen ครองอยู่มาได้ และเขาก็ยังได้การ์ดจาก Ravik มาด้วย เดี๋ยวข้าจะเล่่าเกี่ยวกับเหตุพิลึกพิลั่นนี้ให้ฟัง แต่จะเล่าเรื่องนองเลือดมันต้องตามด้วยเหยือกนองเหล้า คงจะมีบันทึกเรื่องสะเทือนขวัญสั่นประสาทออกมาให้ท่านทราบความจริงในอนาคต ฉนั้นข้าจะขอสนองตนเองโดยเล่าว่า เมื่อได้การ์ดมาครบทั้งสามใบแล้ว  Zoltan และ Geralt จึงได้ไปพบผู้ที่ต้องการซื้อ แต่กลายเป็นว่า จะขาดสิ่งสำคัญในการซื้อขายไป ชีวิตผู้ซื้อนั่นเอง เพราะ Duke และสมุนยืนอยู่เหนือซากแข็งทื่อของเขาอยู่,ต้องขอบคุณความเจ้าเลห์ของ Zoltan ที่ทำให้ Geralt ได้การ์ดที่ Ceasar Blizen ครองอยู่มาได้ และเขาก็ยังได้การ์ดจาก Ravik มาด้วย เดี๋ยวข้าจะเล่าเกี่ยวกับเหตุพิลึกพิลั่นนี้ให้ฟัง แต่จะเล่าเรื่องนองเลือดมันต้องตามด้วยเหยือกนองเหล้า คงจะมีบันทึกเรื่องสะเทือนขวัญสั่นประสาทออกมาให้ท่านทราบความจริงในอนาคต ฉนั้นข้าจะขอสนองตนเองโดยเล่าว่า เมื่อได้การ์ดมาครบทั้งสามใบแล้ว  Zoltan และ Geralt จึงได้ไปพบผู้ที่ต้องการซื้อ แต่กลายเป็นว่า จะขาดสิ่งสำคัญในการซื้อขายไป ชีวิตผู้ซื้อนั่นเอง เพราะ Duke และสมุนยืนอยู่เหนือซากแข็งทื่อของเขาอยู่
สระ/วรรณยุกต์ซ้อน,text,"In any game, one must account for the possibility of losing. And in a game as dangerous as that played by Duke against Geralt and Zoltan, losing meant never playing anything ever again. Duke lost to the witcher, and the coin and cards all went to Zoltan, who duly shared his winnings with Geralt.<br>",ไม่่ว่าในเกมไหน ต้องคิดเผื่อความพ่ายแพ้ที่อาจเกิดขึ้นเสมอ และในเกมที่อันตรายเช่นที่ Duke เล่นกับ Geralt และ Zoltan ความพ่ายแพ้หมายถึงการที่จะไม่ได้ลงเล่นอีกเลย Duke พ่ายแก่ วิทเชอร์ เงินและการ์ดทั้งหมดตกเป็นของ Zoltan ผู้ซึ่งมีหน้าที่ต้องแบ่งรางวัลให้กับ Geralt<br>,ไม่ว่าในเกมไหน ต้องคิดเผื่อความพ่ายแพ้ที่อาจเกิดขึ้นเสมอ และในเกมที่อันตรายเช่นที่ Duke เล่นกับ Geralt และ Zoltan ความพ่ายแพ้หมายถึงการที่จะไม่ได้ลงเล่นอีกเลย Duke พ่ายแก่ วิทเชอร์ เงินและการ์ดทั้งหมดตกเป็นของ Zoltan ผู้ซึ่งมีหน้าที่ต้องแบ่งรางวัลให้กับ Geralt<br>
สระ/วรรณยุกต์ซ้อน,text,"What Letho did next proved he was both clever and fearless. In order to get rid of the bounty hunters breathing down his neck once and for all, he took a crossbow bolt to the chest and faked his own death. This caught Geralt by surprise, but he improvised splendidly. Convinced Letho was dead, Vester and his men rode off to spread the news far and wide. Letho could now simply lie low for a spell and wait for the world to forget about him...<br>",สิ่่งที่ Letho ทำต่อไปนั้นแสดงให้เห็นว่าเขานั้นทั้งฉลาดและไร้ซึ่งความหวาดกลัว การที่จะทำให้พวกนักล่าค่าหัวเลิกสนใจในตัวเขานั้น เขาแกล้งตายโดยทำทีเป็นโดนหน้าไม้ยิงที่หน้าอก มันทำให้ Geralt แปลกใจ แต่เขาก็แกล้งตายได้อย่างแนบเนียน หลังจากโดน Letto หลอก Vester และพรรคพวกได้แยกย้ายเพื่อกระจายข่าวการตายของเขา ตอนนี้ Letto สามารถซ่อนตัวและรอให้เรื่องของเขาถูกลืมไป...<br>,สิ่งที่ Letho ทำต่อไปนั้นแสดงให้เห็นว่าเขานั้นทั้งฉลาดและไร้ซึ่งความหวาดกลัว การที่จะทำให้พวกนักล่าค่าหัวเลิกสนใจในตัวเขานั้น เขาแกล้งตายโดยทำทีเป็นโดนหน้าไม้ยิงที่หน้าอก มันทำให้ Geralt แปลกใจ แต่เขาก็แกล้งตายได้อย่างแนบเนียน หลังจากโดน Letto หลอก Vester และพรรคพวกได้แยกย้ายเพื่อกระจายข่าวการตายของเขา ตอนนี้ Letto สามารถซ่อนตัวและรอให้เรื่องของเขาถูกลืมไป...<br>
สระ/วรรณยุกต์ซ้อน,text,"What Letho did next proved he was both clever and fearless. In order to get rid of the bounty hunters breathing down his neck once and for all, he took a crossbow bolt to the chest and faked his own death. This caught Geralt by surprise, and sadly the witcher doesn't always handle surprises with much tact or subtlety. Instead, he usually does what he did this time, namely murder all and sundry within sword's reach. There were thus no witnesses to spread the false news of Letho's death, and the wanted man was right back where he started.<br>",สิ่่งที่ Letho ทำต่อไปนั้นแสดงให้เห็นว่าเขานั้นทั้งฉลาดและไร้ซึ่งความหวาดกลัว การที่จะทำให้พวกนักล่าค่าหัวเลิกสนใจในตัวเขานั้น เขาแกล้งตายโดยทำทีเป็นโดนหน้าไม้ยิงที่หน้าอก มันทำให้ Geralt แปลกใจ แต่่น่าเสียดาย วิทเชอร์ไม่รับมือกับเรื่องแปลกๆ แบบที่คนปกติทำกัน ตรงกันข้ามเขากลับทำในสิ่งที่ทำเป็นประจำคือใช้ดาบจัดการทุกอย่างและสังหารเหล่านักล่าทั้งหมด จะไม่มีข่าวลือเรื่องการตายของ Letho และชายผู้ถูกหมายหัวจะยังถูกตามล่าต่อไป.<br>,สิ่งที่ Letho ทำต่อไปนั้นแสดงให้เห็นว่าเขานั้นทั้งฉลาดและไร้ซึ่งความหวาดกลัว การที่จะทำให้พวกนักล่าค่าหัวเลิกสนใจในตัวเขานั้น เขาแกล้งตายโดยทำทีเป็นโดนหน้าไม้ยิงที่หน้าอก มันทำให้ Geralt แปลกใจ แต่น่าเสียดาย วิทเชอร์ไม่รับมือกับเรื่องแปลกๆ แบบที่คนปกติทำกัน ตรงกันข้ามเขากลับทำในสิ่งที่ทำเป็นประจำคือใช้ดาบจัดการทุกอย่างและสังหารเหล่านักล่าทั้งหมด จะไม่มีข่าวลือเรื่องการตายของ Letho และชายผู้ถูกหมายหัวจะยังถูกตามล่าต่อไป.<br>
สระ/วรรณยุกต์ซ้อน,text,"Keira Metz had helped Geralt in his search for Ciri, so the witcher decided to return the favor. The sorceress sought a magic lamp which the mysterious elven mage had promised to give her. Since the object was nowhere in sight, our heroes drew the only possible conclusion: that it lay concealed somewhere in the underground passageways.<br>",Keira Metz ได้ช่วย Geralt ในการตามหา Ciri ดังน้้น วิทเชอร์ จึงตัดสินใจที่จะตอบแทน โดยช่วยสาวจอมเวทย์หาตะเกียงเวทมนตร์ที่เจ้านักเวทย์เอลฟ์ลึกลับนั่นสัญญาว่าจะมอบให้นาง เนื่องจากว่าหาที่ไหนก็ไม่เจอ พระเอกของเราจึงคิดขึ้นมาว่า มันจะต้องซ่อนอยู่ที่ไหนสักแห่งในถ้ำใต้ดินนั่น<br>,Keira Metz ได้ช่วย Geralt ในการตามหา Ciri ดังน้น วิทเชอร์ จึงตัดสินใจที่จะตอบแทน โดยช่วยสาวจอมเวทย์หาตะเกียงเวทมนตร์ที่เจ้านักเวทย์เอลฟ์ลึกลับนั่นสัญญาว่าจะมอบให้นาง เนื่องจากว่าหาที่ไหนก็ไม่เจอ พระเอกของเราจึงคิดขึ้นมาว่า มันจะต้องซ่อนอยู่ที่ไหนสักแห่งในถ้ำใต้ดินนั่น<br>
สระ/วรรณยุกต์ซ้อน,text,"The story of Hanna's disappearance had a tragic end. It turned out she had been killed by her own husband. He did not do this on purpose, however. Afflicted with the curse of lycanthropy, he would hide in the forest during his transformations in order to protect his friends and loved ones.<br><br>Hanna's sister Margaret knew this secret, and had one of her one - she was in love with Niellen and fiercely jealous of Hanna's life with him. She decided to take Hanna into the woods to watch her husband's transformation, hoping she'd then abandon him in disgust. Sadly, Hanna was careless enough to draw the werewolf's attention. Margaret was able to escape, but her sister was not so lucky. Niellen, transformed into a bloodthirsty beast, slaughtered the love of his life with his own hands.<br>",เรื่องราวการหายไปของ Hanna ได้จบลงอย่างอนาถ ถูกเปิดเผยออกมาว่านางถูกฆ่าโดยสามีของนางเอง เขาไม่ได้เจตนาฆ่าเธอ อย่างไรก็ตาม การถูกสาบให้เป็นมนุษย์หมาป่านั้นทำให้เขาต้องทุกข์ทรมาน เขาจะต้องซ่อนตัวในป่าระหว่างที่เขากลายร่างเพื่อที่จะปกป้องเพื่อนและคนที่เขารัก<br><br>น้องสาวของ Hanna ชื่อ Magaret รู้เรื่องเกี่ยวกับความลับนี้ และมีเรื่องหนึ่งเกี่ยวกับนาง นางหลงรัก Niellen และอิจฉาริษยาอย่างรุนแรงกับการใช้ชีวิตร่วมกันของ Hanna และ Niellen นางตัดสินใจพา Hanna เข้าไปในป่าเพื่อให้ Hanna เห็นการกลายร่างของสามีของนางเอง และหวังจะให้ ้้Hanna ทอดทิ้งเขาด้วยความรังเกียจ น่าเศร้า Hanna ประมาท ทำให้นางดึงความสนใจมนุษย์หมาป่า Margaret สามารถหลบหนีออกมาได้ แต่พี่สาวนั้นโชคไม่ดี Niellen ที่ตอนนี้กลายร่างเป็นอสูรผู้กระหายเลือด ได้ฉีกร่างคนที่เขารักเป็นชิ้นๆ ด้วยมือของเขาเอง,เรื่องราวการหายไปของ Hanna ได้จบลงอย่างอนาถ ถูกเปิดเผยออกมาว่านางถูกฆ่าโดยสามีของนางเอง เขาไม่ได้เจตนาฆ่าเธอ อย่างไรก็ตาม การถูกสาบให้เป็นมนุษย์หมาป่านั้นทำให้เขาต้องทุกข์ทรมาน เขาจะต้องซ่อนตัวในป่าระหว่างที่เขากลายร่างเพื่อที่จะปกป้องเพื่อนและคนที่เขารัก<br><br>น้องสาวของ Hanna ชื่อ Magaret รู้เรื่องเกี่ยวกับความลับนี้ และมีเรื่องหนึ่งเกี่ยวกับนาง นางหลงรัก Niellen และอิจฉาริษยาอย่างรุนแรงกับการใช้ชีวิตร่วมกันของ Hanna และ Niellen นางตัดสินใจพา Hanna เข้าไปในป่าเพื่อให้ Hanna เห็นการกลายร่างของสามีของนางเอง และหวังจะให้ ้Hanna ทอดทิ้งเขาด้วยความรังเกียจ น่าเศร้า Hanna ประมาท ทำให้นางดึงความสนใจมนุษย์หมาป่า Margaret สามารถหลบหนีออกมาได้ แต่พี่สาวนั้นโชคไม่ดี Niellen ที่ตอนนี้กลายร่างเป็นอสูรผู้กระหายเลือด ได้ฉีกร่างคนที่เขารักเป็นชิ้นๆ ด้วยมือของเขาเอง
สระ/วรรณยุกต์ซ้อน,text,"After much searching, Geralt found just such a man. A certain Captain Wolverstone had agreed to sail to Skellige. Whether he was abnormally brave or abnormally stupid is unknown - the vodka he gulped in buckets could have enhanced either quality. We can also hope it helped sooth his nerves when, to no one's surprise, pirates attacked the ship off the archipelago's shores. Geralt was thrown overboard during the tussle, and awoke face-down in the Skellige sand.",หลัังจากการค้นหามากมาย Geralt ได้พบว่าชายคนนี้ กัปตัน Wolverstone บางคนตกลงที่จะแล่นเรือไปที่ Skellige ถึงอย่างไรก็ตาม เขาจะกล้าหาญผิดมนุษย์หรือความโง่เขลาอย่างประหลาด วอดก้าที่เขาดื่มเข้าไปมันคงส่งผลได้อย่างมีประสิทธิภาพ พวกเราหวังว่ามันจะช่วยปลอบประโลมจิตใจของเขา เมื่อไม่มีใครตื่นตระหนก โจรสลัดได้โจมตีเรือจากบริเวณชายฝั่งของหมู่เกาะ Geralt ถูกโยนลงจากเรือระหว่างการปล้นเรือ และตื่นขึ้นมาบนหาดทราย Skellige,หลังจากการค้นหามากมาย Geralt ได้พบว่าชายคนนี้ กัปตัน Wolverstone บางคนตกลงที่จะแล่นเรือไปที่ Skellige ถึงอย่างไรก็ตาม เขาจะกล้าหาญผิดมนุษย์หรือความโง่เขลาอย่างประหลาด วอดก้าที่เขาดื่มเข้าไปมันคงส่งผลได้อย่างมีประสิทธิภาพ พวกเราหวังว่ามันจะช่วยปลอบประโลมจิตใจของเขา เมื่อไม่มีใครตื่นตระหนก โจรสลัดได้โจมตีเรือจากบริเวณชายฝั่งของหมู่เกาะ Geralt ถูกโยนลงจากเรือระหว่างการปล้นเรือ และตื่นขึ้นมาบนหาดทราย Skellige
สระ/วรรณยุกต์ซ้อน,text,Kaer Morhen gauntlets.,ถุุงมือ Kaer Morhen,ถุงมือ Kaer Morhen
สระ/วรรณยุกต์ซ้อน,text,"Witchers do their best to remain neutral, and so Geralt felt he should not get involved in what was, in the end, a dispute between humans. He thus did not lift a finger as the witch hunters scattered the peasants and brought the ritual to a premature conclusion.<br>",เหล่า วิทเชอร์s ปกติจะต้องวางตัวเป็นกลาง ดังนั้น Geralt รู้สึกว่าเขาไม่ควรมายุ่งกับเรื่องนี้ซึ่งท้ายที่สุดก็คือความขัดแย้งระหว่างมนุษย์สองกลุุ่ม เขาจึงไม่ทำอะไร ปล่อยให้พวกนักล่าแม่มดขับไล่ชาวบ้านไป พิธีกรรมจึงยุติไปก่อนจะเสร็จ<br>,เหล่า วิทเชอร์s ปกติจะต้องวางตัวเป็นกลาง ดังนั้น Geralt รู้สึกว่าเขาไม่ควรมายุ่งกับเรื่องนี้ซึ่งท้ายที่สุดก็คือความขัดแย้งระหว่างมนุษย์สองกลุ่ม เขาจึงไม่ทำอะไร ปล่อยให้พวกนักล่าแม่มดขับไล่ชาวบ้านไป พิธีกรรมจึงยุติไปก่อนจะเสร็จ<br>
สระ/วรรณยุกต์ซ้อน,text,"Geralt stood before Madman Lugos to be tried. The jarl found him guilty, but then immediately paid his blood price for him, thus giving him his freedom. Like most favors, however, this one was given with the expectation of gaining something in return. For saving his life and granting him his freedom, Lugos wanted Geralt to help his son and heir, Blueboy Lugos, in his trek through the mysterious Cave of Dreams.",Geralt ยืินขึ้นต่อหน้า Madman Lugos  ที่รู้สึกเหนื่อย jarl พบว่าเขานั้นมีความผิด แต่ทันใดนั้นเขาจะชำระการกระทำผิดนั้นด้วยเลือด เพื่อที่จะให้ Geralt นั้นได้้รับอิสระภาพ  อย่างไรก็ตาม สิ่งใดที่จะให้สิ่งนั้นจะย่อมต้องมีการตอบแทน สิ่งที่ต้องการมากที่สุด เพื่อเป็นการช่วยชีวิตเขา และมอบอิสระภาพให้กับเขา นั่นคือ Lugos ต้องการให้ Geralt ช่วยเหลือบุตรชายของเขาและทายาท Blueboy Lugos โดยการมุ่งผ่านไปถ้ำแห่งนิมิตพิศวง,Geralt ยืินขึ้นต่อหน้า Madman Lugos  ที่รู้สึกเหนื่อย jarl พบว่าเขานั้นมีความผิด แต่ทันใดนั้นเขาจะชำระการกระทำผิดนั้นด้วยเลือด เพื่อที่จะให้ Geralt นั้นได้รับอิสระภาพ  อย่างไรก็ตาม สิ่งใดที่จะให้สิ่งนั้นจะย่อมต้องมีการตอบแทน สิ่งที่ต้องการมากที่สุด เพื่อเป็นการช่วยชีวิตเขา และมอบอิสระภาพให้กับเขา นั่นคือ Lugos ต้องการให้ Geralt ช่วยเหลือบุตรชายของเขาและทายาท Blueboy Lugos โดยการมุ่งผ่านไปถ้ำแห่งนิมิตพิศวง
สระ/วรรณยุกต์ซ้อน,text,"During one of his endless peregrinations Geralt ran into Blueboy Lugos, son of Madman Lugos. Thirsty for adventure and glory, the lad had set off to trek through the mysterious Cave of Dreams. The witcher knew the young warrior was no stranger to courage, but to knowledge, experience, and navigational ability he was a distant relation at best. Fearing the expedition would end in disaster, or at least leave the world one Lugos poorer, he offered his assistance.<br>",ในช่วงหนึ่งที่เขาเดินไปอย่างไม่มีที่สิ้นสุด Geralt มุ่งเข้าไปหา Blueboy Lugos บุตรชายของ Madman Lugos ความกระหายในการผจญภัยและเกียรติยศ เขาจึงเดินทางเข้าไปในถ้ำแห่งนิมิตพิศวง วิทเชอร์ รู้ดีว่านักรบหนุ่มผู้นี้ยังไม่มีความกล้าหาญที่เพียงพอ แต่ในเรื่องความรู้ ประสบการณ์ และความสามารถในการเดินเรือนั้นไปไกลมาก เสียดายหากการเดินทางของเขานั้นต้องมาจบลงเพราะภัยนี้ หรือหรือปล่อยให้ Logos ที่่ย่ำแย่จากโลกนี้ เขาจึงเสนอที่จะช่วยเหลือ<br>,ในช่วงหนึ่งที่เขาเดินไปอย่างไม่มีที่สิ้นสุด Geralt มุ่งเข้าไปหา Blueboy Lugos บุตรชายของ Madman Lugos ความกระหายในการผจญภัยและเกียรติยศ เขาจึงเดินทางเข้าไปในถ้ำแห่งนิมิตพิศวง วิทเชอร์ รู้ดีว่านักรบหนุ่มผู้นี้ยังไม่มีความกล้าหาญที่เพียงพอ แต่ในเรื่องความรู้ ประสบการณ์ และความสามารถในการเดินเรือนั้นไปไกลมาก เสียดายหากการเดินทางของเขานั้นต้องมาจบลงเพราะภัยนี้ หรือหรือปล่อยให้ Logos ที่ย่ำแย่จากโลกนี้ เขาจึงเสนอที่จะช่วยเหลือ<br>
สระ/วรรณยุกต์ซ้อน,text,"As you surely recall, Geralt knew Ciri had been in Novigrad, that she had contacted Dudu and me and that afterwards all three of us had plummeted straight into a writhing snake pit of trouble. The last person to have seen Ciri was yours truly, but I, too, had disappeared without a trace. Geralt accurately surmised that Dudu would be the easiest of our ill-fated trio to find. He went to the one person who could help him do this - Priscilla.<br>","อย่างที่ท่านจำได้ Geralt รู้ว่า Ciri อยู่ที่ Novigrad นางได้ติดต่อกับ Dudu กับข้า หลังจากนั้นพวกเราทั้งสามคนดิ่งลงที่หลุมงูบิดเบี้ยวเมื่อเกิดปัญหา บุุคคลสุดท้ายผู้ได้พบ Ciri คือ ท่านอย่างแน่นอน, แต่ข้า, เช่นกัน, ได้หายไปโดยไม่ทิ้งร่องรอย Geralt คาดการณ์ได้อย่างแม่นยำว่า Dudu จะง่ายที่สุดในสามคนผู้โชคร้ายที่จะค้นหา เขาไปหาใครคนหนึ่งที่จะสามารถช่วยเขาตามหาได้ - Priscilla<br>","อย่างที่ท่านจำได้ Geralt รู้ว่า Ciri อยู่ที่ Novigrad นางได้ติดต่อกับ Dudu กับข้า หลังจากนั้นพวกเราทั้งสามคนดิ่งลงที่หลุมงูบิดเบี้ยวเมื่อเกิดปัญหา บุคคลสุดท้ายผู้ได้พบ Ciri คือ ท่านอย่างแน่นอน, แต่ข้า, เช่นกัน, ได้หายไปโดยไม่ทิ้งร่องรอย Geralt คาดการณ์ได้อย่างแม่นยำว่า Dudu จะง่ายที่สุดในสามคนผู้โชคร้ายที่จะค้นหา เขาไปหาใครคนหนึ่งที่จะสามารถช่วยเขาตามหาได้ - Priscilla<br>"
สระ/วรรณยุกต์ซ้อน,text,Manuscript page: Witchgrass,สููตร: Witchgrass,สูตร: Witchgrass
สระ/วรรณยุกต์ซ้อน,text,Manuscript page: Speargrass,สููตร: Speargrass,สูตร: Speargrass
สระ/วรรณยุกต์ซ้อน,text,"Second edition, with corrections. Contains information about endregas.",ข้อมููลฉบับที่ 2 เกี่ยวกับ Endregas ที่ได้รับการแก้ไข,ข้อมูลฉบับที่ 2 เกี่ยวกับ Endregas ที่ได้รับการแก้ไข
สระ/วรรณยุกต์ซ้อน,text,Plum,ลููกพรัม,ลูกพรัม
สระ/วรรณยุกต์ซ้อน,text,Tracker's gauntlets,ถุงมืือของนักแกะรอย,ถุงมือของนักแกะรอย
สระ/วรรณยุกต์ซ้อน,text,Arachas mutagen,สารกลายพัันธุ์ Arachas,สารกลายพันธุ์ Arachas
สระ/วรรณยุกต์ซ้อน,text,Rugged saddlebags,ถุุงอานม้าแสนทนทาน,ถุงอานม้าแสนทนทาน
สระ/วรรณยุกต์ซ้อน,text,Friends With Benefits,เพื่อนที่่มีความสัมพันธ์ลึกซึ้ง,เพื่อนที่มีความสัมพันธ์ลึกซึ้ง
สระ/วรรณยุกต์ซ้อน,text,The Redanian Army needs you now!<br>Enlist and become a Hero of the North!,กองทัพ Redania ต้องการคุณ!<br>เข้าร่วมตอนนี้ เพื่อเป็นวีรบุรุษแห่่งแดนเหนือ!,กองทัพ Redania ต้องการคุณ!<br>เข้าร่วมตอนนี้ เพื่อเป็นวีรบุรุษแห่งแดนเหนือ!
สระ/วรรณยุกต์ซ้อน,text,Rusty nails.,ตะปููขึ้นสนิม,ตะปูขึ้นสนิม
สระ/วรรณยุกต์ซ้อน,text,Key to the Oxenfurt sewers.,กุญแจท่อน้้ำเสียเมือง Oxenfurt,กุญแจท่อน้ำเสียเมือง Oxenfurt
สระ/วรรณยุกต์ซ้อน,text,Small key found near the body of a Skellige warrior.,กุุญแจขนาดเล็กพบใกล้กับศพนักรบ Skellige,กุญแจขนาดเล็กพบใกล้กับศพนักรบ Skellige
สระ/วรรณยุกต์ซ้อน,text,"Such is my quest - to wander the villages of this fair land of Velen singing the praises of Maid Bilberry. I shall bring due fame to her unequalled beauty and unparalleled charms. Maid Bilberry is without a doubt the most intelligent, most understanding and most compassionate of all creatures to walk this our imperfect world. I shall immediately and with full prejudice correct any man who dares to claim otherwise. The most stubborn and foolhardy of these ignorami shall taste of my family blade. Indeed, just the other day I came across a certain gentleman fondling some tart and having the cheek to call her ""my most beautiful little flower."" This enraged me so egregiously that I decided to explain to the fool the magnitude of his error, but he refused to listen, and when I insisted further, he fled. This truly is a land of cowards. I shall not rest until I've convinced all the locals that they should direct their compliments to Maid Bilberry - and only Maid Bilberry.","นั่นคือการภารกิจของข้า - การตระเวนไปในหมู่บ้านของแห่งดินแดนที่สวยงามแห่ง Velen เพื่อยกย่องท่านหญิง Bilberry ข้าจะนำชื่อเสียงมาสู่ความงามที่ไม่มีใครเทียบและเสน่ห์ที่หาตัวจับยากของนาง ท่านหญิง Bilberry ฉลาดเฉลียวอย่างไม่มีข้อกังขา ความเข้าใจและมีความเห็นอกเห็นใจของบรรดาสิ่งมีชีวิตจะขับเคลื่อนโลกที่ไม่สมบูรณ์ของเรา ข้าจะแก้ไขอคติของคนที่กล้าที่จะเรียกร้องอย่างอื่นโดยทันที สิ่งที่ดื้อรั้นและโง่เขลาที่สุดของคนโง่เหล่านัั้นจักได้ลิ้มรสคมดาบของตระกูลข้า มีครั้งหนึ่งข้าพบสุภาพบุรุษคนหนึ่งกำลังแล้วโลมกับผู้หญิงขายตัวและบังอาจเรียกนางว่า ""ดอกไม้เล็กๆ ที่งดงามที่สุดของข้า"" เรื่องนี้ทำให้ข้าเดือดดาลเป็นอย่างมาก ข้าตัดสินใจที่จะชี้แจงเจ้าคนโง่นั่นถึงสิ่งสำคัญที่เขาทำผิดพลาด แต่เขาปฏิเสธที่จะฟัง และเมื่อข้ายังยืนกรานเขาก็หนีไป นี่คือดินแดนของคนขี้ขลาดอย่างแท้จริง ข้าจะไม่พักจนกว่าข้าจะโน้มน้าวพวกเขาทุกคนว่ามอบความเคารพของพวกเขาแก่ท่านหญิง Bilberry - และเพียงท่านหญิง Maid เท่านั้น","นั่นคือการภารกิจของข้า - การตระเวนไปในหมู่บ้านของแห่งดินแดนที่สวยงามแห่ง Velen เพื่อยกย่องท่านหญิง Bilberry ข้าจะนำชื่อเสียงมาสู่ความงามที่ไม่มีใครเทียบและเสน่ห์ที่หาตัวจับยากของนาง ท่านหญิง Bilberry ฉลาดเฉลียวอย่างไม่มีข้อกังขา ความเข้าใจและมีความเห็นอกเห็นใจของบรรดาสิ่งมีชีวิตจะขับเคลื่อนโลกที่ไม่สมบูรณ์ของเรา ข้าจะแก้ไขอคติของคนที่กล้าที่จะเรียกร้องอย่างอื่นโดยทันที สิ่งที่ดื้อรั้นและโง่เขลาที่สุดของคนโง่เหล่านั้นจักได้ลิ้มรสคมดาบของตระกูลข้า มีครั้งหนึ่งข้าพบสุภาพบุรุษคนหนึ่งกำลังแล้วโลมกับผู้หญิงขายตัวและบังอาจเรียกนางว่า ""ดอกไม้เล็กๆ ที่งดงามที่สุดของข้า"" เรื่องนี้ทำให้ข้าเดือดดาลเป็นอย่างมาก ข้าตัดสินใจที่จะชี้แจงเจ้าคนโง่นั่นถึงสิ่งสำคัญที่เขาทำผิดพลาด แต่เขาปฏิเสธที่จะฟัง และเมื่อข้ายังยืนกรานเขาก็หนีไป นี่คือดินแดนของคนขี้ขลาดอย่างแท้จริง ข้าจะไม่พักจนกว่าข้าจะโน้มน้าวพวกเขาทุกคนว่ามอบความเคารพของพวกเขาแก่ท่านหญิง Bilberry - และเพียงท่านหญิง Maid เท่านั้น"
สระ/วรรณยุกต์ซ้อน,text,Keyboard and mouse detected,ตรวจพบ เมาส์และคีย์บอร์์ด,ตรวจพบ เมาส์และคีย์บอร์ด
สระ/วรรณยุกต์ซ้อน,text,"Dear Mother,<br><br>Everything has gone very well so far. I still have a considerable ways to go to the city, but as soon as I get there I will dispatch this letter and set about writing another.<br><br>I miss you and Father horribly. I am being extremely careful with the coin you gave me. I have not spent hardly a thing. Once I find employment, I will set aside an amount every week, and send you my savings regularly.<br><br>Tell Yolanda I love her greatly and will send for her soon. To come and be my wife, of course. I spoke with a certain Temerian who told me there are more merchants in the city than ants in the woods, and that scribes are always wanted. I believe he spoke the truth.<br><br>Your Toben.<br><br>Give Fido a good belly rub from me.","ถึงแม่,<br><br>ทุกอย่างเป็นไปได้ด้วยดี ข้าคิดไว้ว่าจะเดินทางไปที่เมืองจ่าหน้าซองจดหมายแล้วเขียนอีกฉบับ<br><br>ข้าคิดถึงท่านกับพ่อมาก ข้าใช้เงินที่ท่านให้อย่างระมัดระวัง ข้าไม่ซื้อของอะไรเลย ถ้าข้าได้งาน ข้าจะแบ่งงานไว้ส่วนหนึ่่งเพื่อส่งให้ท่านใช้สม่ำเสมอทุกอาทิตย์.<br><br>ฝากบอก Yolanda ว่าข้ารักเธอมากและจะไปหาเร็วๆนี้ เพื่อไปสู่ขอ แน่นอน ข้าคุยกับชาว Temeria ว่า ที่นั่นมีพ่อค้าเยอะเหมือนรังมดในต้นไม้ แล้วงานเสมียนเป็นที่ต้องการมาก ถ้าเขาพูดความจริงอ่ะนะ.<br><br>Toben ของท่าน<br><br>ฝากกอด Fido ด้วยล่ะ","ถึงแม่,<br><br>ทุกอย่างเป็นไปได้ด้วยดี ข้าคิดไว้ว่าจะเดินทางไปที่เมืองจ่าหน้าซองจดหมายแล้วเขียนอีกฉบับ<br><br>ข้าคิดถึงท่านกับพ่อมาก ข้าใช้เงินที่ท่านให้อย่างระมัดระวัง ข้าไม่ซื้อของอะไรเลย ถ้าข้าได้งาน ข้าจะแบ่งงานไว้ส่วนหนึ่งเพื่อส่งให้ท่านใช้สม่ำเสมอทุกอาทิตย์.<br><br>ฝากบอก Yolanda ว่าข้ารักเธอมากและจะไปหาเร็วๆนี้ เพื่อไปสู่ขอ แน่นอน ข้าคุยกับชาว Temeria ว่า ที่นั่นมีพ่อค้าเยอะเหมือนรังมดในต้นไม้ แล้วงานเสมียนเป็นที่ต้องการมาก ถ้าเขาพูดความจริงอ่ะนะ.<br><br>Toben ของท่าน<br><br>ฝากกอด Fido ด้วยล่ะ"
สระ/วรรณยุกต์ซ้อน,text,Manuscript page: Dwarven spirit,สููตร: เหล้าคนเคราะ,สูตร: เหล้าคนเคราะ
สระ/วรรณยุกต์ซ้อน,text,Manuscript page: Alcohest,สููตร: สารตั้งต้น Alcohest,สูตร: สารตั้งต้น Alcohest
สระ/วรรณยุกต์ซ้อน,text,Formula: Dwarven spirit,สููตร: เหล้าคนเคราะ,สูตร: เหล้าคนเคราะ
สระ/วรรณยุกต์ซ้อน,text,Formula: Alcohest,สููตร: สารตั้งต้น Alcohest,สูตร: สารตั้งต้น Alcohest
สระ/วรรณยุกต์ซ้อน,text,Manuscript page: Bear pheromones,สููตร: ยา Bear pheromones,สูตร: ยา Bear pheromones
สระ/วรรณยุกต์ซ้อน,text,Manuscript page: Drowner pheromones,สููตร: ยา Drowner pheromones,สูตร: ยา Drowner pheromones
สระ/วรรณยุกต์ซ้อน,text,Manuscript page: Nekker pheromones,สููตร: ยา Nekker pheromones,สูตร: ยา Nekker pheromones
สระ/วรรณยุกต์ซ้อน,text,Manuscript page: Chort lure,สููตร: ยาล่อมอนสเตอร์,สูตร: ยาล่อมอนสเตอร์
สระ/วรรณยุกต์ซ้อน,text,"Information on monsters, characters and known formulae.","รายละเอีียดของสัตว์ประหลาด,ตัวละคร และ สูตรต่างๆ","รายละเอียดของสัตว์ประหลาด,ตัวละคร และ สูตรต่างๆ"
สระ/วรรณยุกต์ซ้อน,text,Manuscript page: Blunt bolt,สููตร: ลูกดอกหัวทื่อ,สูตร: ลูกดอกหัวทื่อ
สระ/วรรณยุกต์ซ้อน,text,Manuscript page: Enhanced Black Blood,สููตร: น้ำยา Black Blood ระดับ Enhanced,สูตร: น้ำยา Black Blood ระดับ Enhanced
สระ/วรรณยุกต์ซ้อน,text,Manuscript page: Superior Black Blood,สููตร: น้ำยา Black Blood ระดับ Superior,สูตร: น้ำยา Black Blood ระดับ Superior
สระ/วรรณยุกต์ซ้อน,text,Manuscript page: Enhanced Blizzard,สููตร: น้ำยา Blizzard ระดับ Enhanced,สูตร: น้ำยา Blizzard ระดับ Enhanced
สระ/วรรณยุกต์ซ้อน,text,Manuscript page: Superior Blizzard,สููตร: น้ำยา Blizzard ระดับ Superior,สูตร: น้ำยา Blizzard ระดับ Superior
สระ/วรรณยุกต์ซ้อน,text,Manuscript page: Enhanced Cat,สููตร: น้ำยา Cat ระดับ Enhanced,สูตร: น้ำยา Cat ระดับ Enhanced
สระ/วรรณยุกต์ซ้อน,text,Manuscript page: Superior Cat,สููตร: น้ำยา Cat ระดับ Superior,สูตร: น้ำยา Cat ระดับ Superior
สระ/วรรณยุกต์ซ้อน,text,Manuscript page: Enhanced Full Moon,สููตร: น้ำยา Full Moon ระดับ Enhanced,สูตร: น้ำยา Full Moon ระดับ Enhanced
สระ/วรรณยุกต์ซ้อน,text,Manuscript page: Superior Full Moon,สููตร: น้ำยา Full Moon ระดับ Superior,สูตร: น้ำยา Full Moon ระดับ Superior
สระ/วรรณยุกต์ซ้อน,text,Manuscript page: Enhanced Golden Oriole,สููตร: น้ำยา Golden Oriole ระดับ Enhanced,สูตร: น้ำยา Golden Oriole ระดับ Enhanced
สระ/วรรณยุกต์ซ้อน,text,Manuscript page: Superior Golden Oriole,สููตร: น้ำยา Golden Oriole ระดับ Superior,สูตร: น้ำยา Golden Oriole ระดับ Superior
สระ/วรรณยุกต์ซ้อน,text,Manuscript page: Killer Whale,สููตร: น้ำยา Killer Whale,สูตร: น้ำยา Killer Whale
สระ/วรรณยุกต์ซ้อน,text,Manuscript page: Enhanced Maribor Forest,สููตร: น้ำยา Maribor Forest ระดับ Enhanced,สูตร: น้ำยา Maribor Forest ระดับ Enhanced
สระ/วรรณยุกต์ซ้อน,text,Manuscript page: Enhanced Petri's Philter,สููตร: น้ำยา Petri's Philter ระดับ Enhanced,สูตร: น้ำยา Petri's Philter ระดับ Enhanced
สระ/วรรณยุกต์ซ้อน,text,Manuscript page: Superior Petri's Philter,สููตร: น้ำยา Petri's Philter ระดับ Superior,สูตร: น้ำยา Petri's Philter ระดับ Superior
สระ/วรรณยุกต์ซ้อน,text,Manuscript page: Enhanced Swallow,สููตร: น้ำยา Swallow ระดับ Enhanced,สูตร: น้ำยา Swallow ระดับ Enhanced
สระ/วรรณยุกต์ซ้อน,text,Manuscript page: Superior Swallow,สููตร: น้ำยา Swallow ระดับ Superior,สูตร: น้ำยา Swallow ระดับ Superior
สระ/วรรณยุกต์ซ้อน,text,Manuscript page: Enhanced Tawny Owl,สููตร: น้ำยา Tawny Owl ระดับ Enhanced,สูตร: น้ำยา Tawny Owl ระดับ Enhanced
สระ/วรรณยุกต์ซ้อน,text,Manuscript page: Superior Tawny Owl,สููตร: น้ำยา Tawny Owl ระดับ Superior,สูตร: น้ำยา Tawny Owl ระดับ Superior
สระ/วรรณยุกต์ซ้อน,text,Manuscript page: Enhanced Thunderbolt,สููตร: น้ำยา Thunderbolt ระดับ Enhanced,สูตร: น้ำยา Thunderbolt ระดับ Enhanced
สระ/วรรณยุกต์ซ้อน,text,Manuscript page: Superior Thunderbolt,สููตร: น้ำยา Thunderbolt ระดับ Superior,สูตร: น้ำยา Thunderbolt ระดับ Superior
สระ/วรรณยุกต์ซ้อน,text,Manuscript page: Enhanced White Honey,สููตร: น้ำผึ้ง White Honey ระดับ Enhanced,สูตร: น้ำผึ้ง White Honey ระดับ Enhanced
สระ/วรรณยุกต์ซ้อน,text,Manuscript page: Superior White Honey,สููตร: น้ำผึ้ง White Honey ระดับ Superior,สูตร: น้ำผึ้ง White Honey ระดับ Superior
สระ/วรรณยุกต์ซ้อน,text,Manuscript page: Enhanced White Raffard's Decoction,สููตร: ยาต้ม White Raffard ระดับ Enhanced,สูตร: ยาต้ม White Raffard ระดับ Enhanced
สระ/วรรณยุกต์ซ้อน,text,Manuscript page: Superior White Raffard's Decoction,สููตร: ยาต้ม White Raffard ระดับ Superior,สูตร: ยาต้ม White Raffard ระดับ Superior
สระ/วรรณยุกต์ซ้อน,text,"You’re a Seasoned, Demanding Gamer",คุุณชอบความยากขึ้นมาหน่อย,คุณชอบความยากขึ้นมาหน่อย
สระ/วรรณยุกต์ซ้อน,text,"One of Velen's many impoverished villages, its poverty deepened by war levies and the epidemic that spread after the Nilfgaardians' arrival.",หนึ่งในหมู่บ้านของ Velen ทีี่ยากจน การมาถึงของ Nilfgaardians ได้นำพาสงครามและโรคระบาด,หนึ่งในหมู่บ้านของ Velen ที่ยากจน การมาถึงของ Nilfgaardians ได้นำพาสงครามและโรคระบาด
สระ/วรรณยุกต์ซ้อน,text,Looking to hire a qualified beekeeper. My apiary counts twenty hives and it's all too much for one man. Competitive pay.<br><br>–Mirian,กำลังตามหาคนเลี้ยงผึ้งที่่มีคุณสมบัติ. ที่เลี้ยงผึ้งมีรังผึ้งนับได้ 20 รังและทั้งหมดมันมากเกินไปสำหรับคนเดียว. ค่าจ้างดีกว่าปกติ<br><br>-Mirian,กำลังตามหาคนเลี้ยงผึ้งที่มีคุณสมบัติ. ที่เลี้ยงผึ้งมีรังผึ้งนับได้ 20 รังและทั้งหมดมันมากเกินไปสำหรับคนเดียว. ค่าจ้างดีกว่าปกติ<br><br>-Mirian
สระ/วรรณยุกต์ซ้อน,text,Formula for crafting a bomb that explodes on impact.,สููตรสำหรับสร้างระเบิด,สูตรสำหรับสร้างระเบิด
สระ/วรรณยุกต์ซ้อน,text,[DEBUG] I helped Hjalmar to punish the berserkers,[DEBUG] ข้าช่่วย Hjalmar เพื่อลงโทษพวก Berserkers,[DEBUG] ข้าช่วย Hjalmar เพื่อลงโทษพวก Berserkers
สระ/วรรณยุกต์ซ้อน,text,Disembark,ขึ้้นจากเรือ,ขึ้นจากเรือ
สระ/วรรณยุกต์ซ้อน,text,Stand in the spot indicated on the minimap.,ยืนตรงจุุดที่แสดงใน minimap,ยืนตรงจุดที่แสดงใน minimap
สระ/วรรณยุกต์ซ้อน,text,This is the unit’s <<Color_Gwint>>combat row icon<<End_Color>>.<br><br>This icon indicates the row on the battlefield where the card can be played.,นี่่คือ <<Color_Gwint>>สัญลักษณ์ของแถวไพ่<<End_Color>><br><br>เป็นสัญลักษณ์บอกแถวที่ไพ่สามารถวางลงได้บนกระดาน,นี่คือ <<Color_Gwint>>สัญลักษณ์ของแถวไพ่<<End_Color>><br><br>เป็นสัญลักษณ์บอกแถวที่ไพ่สามารถวางลงได้บนกระดาน
สระ/วรรณยุกต์ซ้อน,text,"New Quest - ""Contract: Skellige's Most Wanted""","เควสใหม่่ - ''สัญญาจ้าง: Skelllige's Most Wanted""","เควสใหม่ - ''สัญญาจ้าง: Skelllige's Most Wanted"""
สระ/วรรณยุกต์ซ้อน,text,You possess the virtue of valor.,คุุณได้ครอบครองพิธีกรรมแห่งความกล้า,คุณได้ครอบครองพิธีกรรมแห่งความกล้า
สระ/วรรณยุกต์ซ้อน,text,Experienced Bank Customer,ลููกค้าประจำของธนาคาร,ลูกค้าประจำของธนาคาร
สระ/วรรณยุกต์ซ้อน,text,Metinna Gate,ประตูู Meltinna,ประตู Meltinna
สระ/วรรณยุกต์ซ้อน,text,Arthach Palace Ruins,ซากปรัักหักพังของปราสาท Arthach,ซากปรักหักพังของปราสาท Arthach
สระ/วรรณยุกต์ซ้อน,text,Explains why the male I ran into was so aggressive.,นี่่อธิบายได้ว่าทำไมตัวผู้ที่ข้าเจอเข้าถึงได้ดุร้ายนัก,นี่อธิบายได้ว่าทำไมตัวผู้ที่ข้าเจอเข้าถึงได้ดุร้ายนัก
สระ/วรรณยุกต์ซ้อน,text,"I just hope every unburied wretch don't start hauntin' us, or that battle field's gonna cause us a heap o' trouble.",ข้าหวังว่าพวกผีที่ไม่ได้ถูกฝังพวกนี้คงไม่ลุกขึ้นมาทำร้ายเราหมดทุกตัวหรอกนะ ไม่เช่นนั้นสนามรบนั้นคงมีปัญหาผีลุุกขึ้นมามากมายนับไม่ถ้วนเลยล่ะ,ข้าหวังว่าพวกผีที่ไม่ได้ถูกฝังพวกนี้คงไม่ลุกขึ้นมาทำร้ายเราหมดทุกตัวหรอกนะ ไม่เช่นนั้นสนามรบนั้นคงมีปัญหาผีลุกขึ้นมามากมายนับไม่ถ้วนเลยล่ะ
สระ/วรรณยุกต์ซ้อน,text,"Try me, peasant. I could use the practice.",ลองดููสิ เจ้าชาวนา ข้าจะเป็นคู่ซ้อมให้,ลองดูสิ เจ้าชาวนา ข้าจะเป็นคู่ซ้อมให้
สระ/วรรณยุกต์ซ้อน,text,"Sadly, we cannot. Someone awaits you, Geralt. Someone who doesn't like to be kept waiting.",เสียใจที่ทำไม่ได้ มีคนรอเจ้าอยู่ Geralt บุุคคลผู้ซึ่งเกลียดการรอคอย,เสียใจที่ทำไม่ได้ มีคนรอเจ้าอยู่ Geralt บุคคลผู้ซึ่งเกลียดการรอคอย
สระ/วรรณยุกต์ซ้อน,text,"To King Radovid, the Red Flame Dancin' on the Graves of Nilfgaard!",เพื่่อกษัตริย์ Radovid เพลิงสีชาด เริงระบำบนหลุมศพแห่ง Nilfgaard,เพื่อกษัตริย์ Radovid เพลิงสีชาด เริงระบำบนหลุมศพแห่ง Nilfgaard
สระ/วรรณยุกต์ซ้อน,text,"So we bring them to you ploughed anew, their heads shorn!",งั้นเราจะนำพวกนัั้นมาให้เจ้าจัดการอีกครั้ง พวกเขาจะออกไปขจัดมัน!,งั้นเราจะนำพวกนั้นมาให้เจ้าจัดการอีกครั้ง พวกเขาจะออกไปขจัดมัน!
สระ/วรรณยุกต์ซ้อน,text,"Oh no - if you want to meddle in others' affairs, go right ahead. But you'll be on your own. I'll wait.",โอ ไม่ล่ะ - ถ้าอยากจะยุ่งเรื่องของคนอื่นก็เอาเลย แต่ไปคนเดียวนะ ข้ารอนี่่ล่ะ,โอ ไม่ล่ะ - ถ้าอยากจะยุ่งเรื่องของคนอื่นก็เอาเลย แต่ไปคนเดียวนะ ข้ารอนี่ล่ะ
สระ/วรรณยุกต์ซ้อน,text,"Thank ye, White One.",ขอบคุุณ White One,ขอบคุณ White One
สระ/วรรณยุกต์ซ้อน,text,"Took the Kaedweni completely by surprise. King Henselt fought on the front line, as always… and that is where he died. His soldiers lost the will to fight. They joined Radovid's ranks.",การบุุกโจมตีแบบสายฟ้าแลบทำให้ Kaedwen ไม่ทันได้ตั้งตัว กษัตริย์ Henselt ออกรบแนวหน้าเหมือนเช่นเคย... และในแนวหน้านั้นเองพระองค์สิ้นพระชนม์ ทหารของพระองค์สิ้นกำลังใจจะสู้รบ พวกเขาจึงเข้าร่วมกับกองทัพ Radovid,การบุกโจมตีแบบสายฟ้าแลบทำให้ Kaedwen ไม่ทันได้ตั้งตัว กษัตริย์ Henselt ออกรบแนวหน้าเหมือนเช่นเคย... และในแนวหน้านั้นเองพระองค์สิ้นพระชนม์ ทหารของพระองค์สิ้นกำลังใจจะสู้รบ พวกเขาจึงเข้าร่วมกับกองทัพ Radovid
สระ/วรรณยุกต์ซ้อน,text,Bones.,กระดููก,กระดูก
สระ/วรรณยุกต์ซ้อน,text,"Thanks, good luck.",ขอบคุุณ ขอให้โชคดี,ขอบคุณ ขอให้โชคดี
สระ/วรรณยุกต์ซ้อน,text,I'll need to know a lot more than that. Can I see their rooms?,ข้าต้องการข้อมููลมากกว่านั้น ขอดูห้องของพวกเขาได้ไหม?,ข้าต้องการข้อมูลมากกว่านั้น ขอดูห้องของพวกเขาได้ไหม?
สระ/วรรณยุกต์ซ้อน,text,"I'm finding it hard to decide between two candidates. Abelard Rizza would be the safer bet. He's been part of the our troupe for ages, has flawless technique… but he doesn't exactly captivate the crowds.",ข้ายังตัดสินใจไม่ได้เลยระหว่างสองคนนีี้คือ Abelard Rizza ที่น่าจะเป็นตัวเลือกที่ปลอดภัยกว่า เขาทำงานอยู่กับเรามาหลายปี มีเทคนิคการแสดงที่ยอดเยี่ยม แต่เขาไม่ค่อยเป็นที่ชื่นชอบของคนดูสักเท่าไร,ข้ายังตัดสินใจไม่ได้เลยระหว่างสองคนนี้คือ Abelard Rizza ที่น่าจะเป็นตัวเลือกที่ปลอดภัยกว่า เขาทำงานอยู่กับเรามาหลายปี มีเทคนิคการแสดงที่ยอดเยี่ยม แต่เขาไม่ค่อยเป็นที่ชื่นชอบของคนดูสักเท่าไร
สระ/วรรณยุกต์ซ้อน,text,"Crowds do like to jeer, but few are willing to fight a witcher.",ฝููงชนไม่ชอบหัวเราะเยาะ แต่จะมีกี่คนที่กล้าสู้กับวิทเชอร์,ฝูงชนไม่ชอบหัวเราะเยาะ แต่จะมีกี่คนที่กล้าสู้กับวิทเชอร์
สระ/วรรณยุกต์ซ้อน,text,Your nickname. Makes sense now.,ตอนนี้้ข้ารู้แล้ว ว่าชื่อเล่นของท่านมาจากไหน,ตอนนี้ข้ารู้แล้ว ว่าชื่อเล่นของท่านมาจากไหน
สระ/วรรณยุกต์ซ้อน,text,"When we had hunger here, the pox, folk tried to flee there. Reds turned 'em back, or drowned 'em in the river.",เมื่่อพวกเราเริ่มหิวโหยมากขึ้นเรื่อยๆ พวกชาวบ้านที่เป็นโรคฝี พยายามว่ายน้ำหนีเข้าไป แต่พวก Redaninans ไล่พวกเขากลับมา หรือไม่ก็ปล่อยให้จมน้ำตายในแม่น้ำนั้นแหละ,เมื่อพวกเราเริ่มหิวโหยมากขึ้นเรื่อยๆ พวกชาวบ้านที่เป็นโรคฝี พยายามว่ายน้ำหนีเข้าไป แต่พวก Redaninans ไล่พวกเขากลับมา หรือไม่ก็ปล่อยให้จมน้ำตายในแม่น้ำนั้นแหละ
สระ/วรรณยุกต์ซ้อน,text,Take it while I'm givin' it.,รัับมันไป ในระหว่างที่ข้ายังใจดีอยู่,รับมันไป ในระหว่างที่ข้ายังใจดีอยู่
สระ/วรรณยุกต์ซ้อน,text,This is the place. Good luck.,ที่่นี้แหละ โชคดี,ที่นี้แหละ โชคดี
สระ/วรรณยุกต์ซ้อน,text,There - see me wavin' 'em? Lookie here. Just look!,นั่่นไง - เจ้าเห็นข้าโบกมันอยู่ไหม? ดูนี่สิ ดู!,นั่นไง - เจ้าเห็นข้าโบกมันอยู่ไหม? ดูนี่สิ ดู!
สระ/วรรณยุกต์ซ้อน,text,"Had you run afoul of var Emreis? No, you'd be long dead if that were so. It seems then that you share some interests…",นี่่เจ้าไปมีเรื่องบาดหมางกับตระกูล var Emreis มางั้นรึ? คงไม่ เพราะถ้าเป็นดังนั้นจริงเจ้าคงตายไปนานแล้ว<br>ดูเหมือนว่า เจ้ากับเขาจะมีจุดประสงค์ร่วมกันแฮะ...,นี่เจ้าไปมีเรื่องบาดหมางกับตระกูล var Emreis มางั้นรึ? คงไม่ เพราะถ้าเป็นดังนั้นจริงเจ้าคงตายไปนานแล้ว<br>ดูเหมือนว่า เจ้ากับเขาจะมีจุดประสงค์ร่วมกันแฮะ...
สระ/วรรณยุกต์ซ้อน,text,That's a lotta bottles… We musta had quite the night…,นั่่นมันหลายขวดเลยนะ..คืนนี้ของพวกเราจะต้องเงียบเหงาแน่ๆ,นั่นมันหลายขวดเลยนะ..คืนนี้ของพวกเราจะต้องเงียบเหงาแน่ๆ
สระ/วรรณยุกต์ซ้อน,text,Doesn't look like the work of necrophages…,ดููไม่เหมือนฝีมือของพวก necrophages…,ดูไม่เหมือนฝีมือของพวก necrophages…
สระ/วรรณยุกต์ซ้อน,text,"What're doin', you fool? You'll not get 'er away in time.",เจ้าโง่เจ้าทำอะไรอยู่? เดี๋ยวเจ้าก็ทิ้งนางไปที่่อื่นไม่ทันเวลาหรอก,เจ้าโง่เจ้าทำอะไรอยู่? เดี๋ยวเจ้าก็ทิ้งนางไปที่อื่นไม่ทันเวลาหรอก
สระ/วรรณยุกต์ซ้อน,text,It's getting worse and worse. Time to leave's approaching.,มัันแย่ขึ้น และแย่ขึ้นเรื่อยๆ ใกล้ถึงเวลาที่ต้องจากไปแล้ว,มันแย่ขึ้น และแย่ขึ้นเรื่อยๆ ใกล้ถึงเวลาที่ต้องจากไปแล้ว
สระ/วรรณยุกต์ซ้อน,text,"Dandelion, Irina Renard's troupe - that's all, really. I'm not certain he was friendly with anyone else. Spent dawn to dusk with the troupe, on stage or in the crowd…",ก็มี Dandelion กับ Irina Renard's troupe...แค่สองคนนี้เท่านั้นแหละ - ข้าไม่แน่ใจว่าเขามีเพื่อนคนอื่่นอีกไหม เขาใช้เวลาตั้งแต่เช้าถึงเย็นอยู่กับพวก troupe ทั้งบนเวทีและท่ามกลางคนดู,ก็มี Dandelion กับ Irina Renard's troupe...แค่สองคนนี้เท่านั้นแหละ - ข้าไม่แน่ใจว่าเขามีเพื่อนคนอื่นอีกไหม เขาใช้เวลาตั้งแต่เช้าถึงเย็นอยู่กับพวก troupe ทั้งบนเวทีและท่ามกลางคนดู
สระ/วรรณยุกต์ซ้อน,text,Can't tell? A freak.,ดููไม่ออกเหรอ?,ดูไม่ออกเหรอ?
สระ/วรรณยุกต์ซ้อน,text,"Hm, all right, you know the basics, that's clear. Now we can play for real.",หืม เอาละ เจ้ารู้เรื่องพื้นฐานแล้ว นั่่นชัดเจนดี ตอนนี้ก็แสดงจริงได้ล่ะ,หืม เอาละ เจ้ารู้เรื่องพื้นฐานแล้ว นั่นชัดเจนดี ตอนนี้ก็แสดงจริงได้ล่ะ
สระ/วรรณยุกต์ซ้อน,text,"Yes. No matter what you do, witch… That I will never reveal.",ใช่่ ไม่ว่าเจ้าอะทำอะไร... ข้าจะไม่บอกใครทั้งนั้น,ใช่ ไม่ว่าเจ้าอะทำอะไร... ข้าจะไม่บอกใครทั้งนั้น
สระ/วรรณยุกต์ซ้อน,text,That it? Real men got more stayin' power than that!,งั้้นเหรอ? ผู้ชายที่แท้จริงต้องมีพลังมากกว่านี้!,งั้นเหรอ? ผู้ชายที่แท้จริงต้องมีพลังมากกว่านี้!
สระ/วรรณยุกต์ซ้อน,text,Hmm… not a bad idea.,อืืมม..ก็ไม่เลวนะ,อืมม..ก็ไม่เลวนะ
สระ/วรรณยุกต์ซ้อน,text,"At auction. Some mage's estate went under the hammer. Witch hunters and the Eternal Fire joined forces, staked out his place and rounded the sorry sap up.",ในการประมูลน่ะ ที่ดินนักเวทย์บางที่ถููกประมูลขายไปได้ นักล่าแม่มดและ Eternal Fire เข้ามายึดที่เป็นของตัวเอง,ในการประมูลน่ะ ที่ดินนักเวทย์บางที่ถูกประมูลขายไปได้ นักล่าแม่มดและ Eternal Fire เข้ามายึดที่เป็นของตัวเอง
สระ/วรรณยุกต์ซ้อน,text,Statue's hand looks like it should be holding something.,ที่่มือรูปปั้น ดูเหมือนว่ามันจะถืออะไรบางอย่าง,ที่มือรูปปั้น ดูเหมือนว่ามันจะถืออะไรบางอย่าง
สระ/วรรณยุกต์ซ้อน,text,How much would it cost me to hire this ship?,ข้้าต้องจ่ายเท่าไรถึงจะเช่าเรือลำนี้ได้?,ข้าต้องจ่ายเท่าไรถึงจะเช่าเรือลำนี้ได้?
สระ/วรรณยุกต์ซ้อน,text,How do I find you if I need you…?,ข้าจะหาเจ้าเจอได้ยัังไง ถ้าข้าต้องการเจ้า,ข้าจะหาเจ้าเจอได้ยังไง ถ้าข้าต้องการเจ้า
สระ/วรรณยุกต์ซ้อน,text,Board the ship! We want them alive!,ขึึ้นเรือมันไปเลย เราต้องการจับเป็นพวกมัน!,ขึ้นเรือมันไปเลย เราต้องการจับเป็นพวกมัน!
สระ/วรรณยุกต์ซ้อน,text,"Mother, it's me. Do you recognize me?",ท่านแม่...นีี่ข้าเอง...ท่านจำข้าได้ไหม?,ท่านแม่...นี่ข้าเอง...ท่านจำข้าได้ไหม?
สระ/วรรณยุกต์ซ้อน,text,"No... I don't think so… I mean, she didn't look cursed.",ไม่นะ..ข้าไม่คิดแบบนัั้น..ข้าหมายถึง...นางดูไม่เหมือนถูกคำสาปเลย...,ไม่นะ..ข้าไม่คิดแบบนั้น..ข้าหมายถึง...นางดูไม่เหมือนถูกคำสาปเลย...
สระ/วรรณยุกต์ซ้อน,text,"Beef in cinnamon and cloves, roasted capon with shallots… It was worth the trouble.",ทั้งเนื้อในการพลูกัับอบเชย ไก่ย่างอบกับ Capon ทั้งหมดคุ้มค่ากับการรอคอยจริงๆ,ทั้งเนื้อในการพลูกับอบเชย ไก่ย่างอบกับ Capon ทั้งหมดคุ้มค่ากับการรอคอยจริงๆ
สระ/วรรณยุกต์ซ้อน,text,So maybe those men down below wound up here by accident.,บางทีเจ้าพวกที่อยู่ข้างล่างนั่นอาจจะมาทีี่นี่โดยบังเอิญก็ได้นะ,บางทีเจ้าพวกที่อยู่ข้างล่างนั่นอาจจะมาที่นี่โดยบังเอิญก็ได้นะ
สระ/วรรณยุกต์ซ้อน,text,A what projection?,มัันคืออะไรนะ?,มันคืออะไรนะ?
สระ/วรรณยุกต์ซ้อน,text,Tunnels?,ถ้้ำ?,ถ้ำ?
สระ/วรรณยุกต์ซ้อน,text,Someone buried him. Not skillfully… But with great care.,มีีคนฝังเขาไว้. ไม่ดีเท่าไร.... แต่ดูแลเป็นอย่างดี,มีคนฝังเขาไว้. ไม่ดีเท่าไร.... แต่ดูแลเป็นอย่างดี
สระ/วรรณยุกต์ซ้อน,text,How-ow-ow-oo...!,ยัังไง-โอ๊ย-โอ๊ย-อุ๊บ...!,ยังไง-โอ๊ย-โอ๊ย-อุ๊บ...!
สระ/วรรณยุกต์ซ้อน,text,"Do you believe a beast killed them? I don't. The bodies were dried out, but perhaps they'd tried to apprehend a mage, who cast a nasty spell on them?",เจ้าเชื่อว่าสัตว์ร้ายฆ่าพวกเขางั้นเหรอ? ข้าไม่เชื่อแบบนัั้น ศพถูกดูดน้ำออกจากร่าง แต่บางทีพวกเขาอาจจะพยายามจับกุมนักเวทย์หลบหนีแล้วโดนร่ายเวทย์ใส่?,เจ้าเชื่อว่าสัตว์ร้ายฆ่าพวกเขางั้นเหรอ? ข้าไม่เชื่อแบบนั้น ศพถูกดูดน้ำออกจากร่าง แต่บางทีพวกเขาอาจจะพยายามจับกุมนักเวทย์หลบหนีแล้วโดนร่ายเวทย์ใส่?
สระ/วรรณยุกต์ซ้อน,text,"Calm down, I want to talk.",ใจเย็น ข้าอยากพููดคุย,ใจเย็น ข้าอยากพูดคุย
สระ/วรรณยุกต์ซ้อน,text,"Oh, changed your mind, have you?",โอ้ หรือว่าเจ้าจะเปลี่่ยนใจแล้ว?,โอ้ หรือว่าเจ้าจะเปลี่ยนใจแล้ว?
สระ/วรรณยุกต์ซ้อน,text,"Hm… Sounds like a riddle, all right.",หืืม..ฟังดูเหมือนปริศนาจริงๆนั่นแหละ,หืม..ฟังดูเหมือนปริศนาจริงๆนั่นแหละ
สระ/วรรณยุกต์ซ้อน,text,"A problem? There some kinda problem here, gents? Nooo. Just wanted you to meet my new pals, 'fore they bugger the fuck off. 'Cause we're just partin', right?",ปัญหางั้นเหรอ? เรามีปัญหากันที่นี่หรือเปล่า ท่านทััั้งหลาย? ไม่ ไม่มีหรอก ข้าแค่อยากจะแนะนำให้เจ้ารู้จักเพื่อนใหม่ของข้าหน่อยนะ ก่อนที่บอกให้พวกมันไสหัวไปซะ เพราะเราคุยกันจบแล้ว ถูกไหม?,ปัญหางั้นเหรอ? เรามีปัญหากันที่นี่หรือเปล่า ท่านทั้งหลาย? ไม่ ไม่มีหรอก ข้าแค่อยากจะแนะนำให้เจ้ารู้จักเพื่อนใหม่ของข้าหน่อยนะ ก่อนที่บอกให้พวกมันไสหัวไปซะ เพราะเราคุยกันจบแล้ว ถูกไหม?
สระ/วรรณยุกต์ซ้อน,text,Seems they can't decide on a color now.,ดููเหมือนว่าพวกเขาไม่สามารถตัดสินใจเรื่องสีได้,ดูเหมือนว่าพวกเขาไม่สามารถตัดสินใจเรื่องสีได้
สระ/วรรณยุกต์ซ้อน,text,He wouldn't've won.,มัันไม่ชนะข้าหรอก,มันไม่ชนะข้าหรอก
สระ/วรรณยุกต์ซ้อน,text,Archibald O'Neill is another brawler you can fight. You'll find him near the entrance to the slums.,Archibald O'Neill เป็นนักสู้อีกคนที่่เจ้าสู้ได้ เจ้าจะหาเขาได้ใกล้กับทางเข้าของสลัม,Archibald O'Neill เป็นนักสู้อีกคนที่เจ้าสู้ได้ เจ้าจะหาเขาได้ใกล้กับทางเข้าของสลัม
สระ/วรรณยุกต์ซ้อน,text,Whole landing smells of wine. Tell me anything about that?,มีีกลิ่น Wine อยู่เต็มพื้นเลย ท่านจะบอกอะไรข้าได้มั่ง?,มีกลิ่น Wine อยู่เต็มพื้นเลย ท่านจะบอกอะไรข้าได้มั่ง?
สระ/วรรณยุกต์ซ้อน,text,"All right. I have everything. Now for a spot where I can build a fire, brew the oil in peace.",เอาละ  ข้าได้ของครบทุกอย่างแล้ว ตอนนี้้ต้องหาที่ก่อไฟแล้วปรุงน้ำมันได้อย่างปลอดภัย,เอาละ  ข้าได้ของครบทุกอย่างแล้ว ตอนนี้ต้องหาที่ก่อไฟแล้วปรุงน้ำมันได้อย่างปลอดภัย
สระ/วรรณยุกต์ซ้อน,text,"The right flank didn't attack. And the sorceress was Lytta Neyd, known also as Coral. I was there, too… This… this happened long ago.",ปีีกขวาไม่ได้ถูกโจมตี และแม่มดคือ Lytta Neyd รู้จักกันในนาม Coral ข้าอยู่ที่นั่นเช่นกัน เรื่องนี้เกิดขึ้นเมื่อนานมาแล้ว,ปีกขวาไม่ได้ถูกโจมตี และแม่มดคือ Lytta Neyd รู้จักกันในนาม Coral ข้าอยู่ที่นั่นเช่นกัน เรื่องนี้เกิดขึ้นเมื่อนานมาแล้ว
สระ/วรรณยุกต์ซ้อน,text,"Dammit all, we never should've split, let 'em go off on their own. The wyvern… did ye cut it down? All the one of ye?",บ้าเอ๊ย...เราไม่ควรแยกกัันไป ปล่อยพวกมันออกไป wyvern …เจ้าตัดมันออกแล้วเหรอ? ท่านทุกคนเลยเหรอ?,บ้าเอ๊ย...เราไม่ควรแยกกันไป ปล่อยพวกมันออกไป wyvern …เจ้าตัดมันออกแล้วเหรอ? ท่านทุกคนเลยเหรอ?
สระ/วรรณยุกต์ซ้อน,text,Come to the wake with me?,เจ้าจะไปงานกัับข้าไหม?,เจ้าจะไปงานกับข้าไหม?
สระ/วรรณยุกต์ซ้อน,text,You can't help me track him… So I don't see any reason for you to go down there.,เจ้้าช่วยข้าตามรอยเขาไม่ได้หรอก... ดังนั้น ก็ไม่มีเหตุผลที่จะให้เจ้าไปกับข้า,เจ้าช่วยข้าตามรอยเขาไม่ได้หรอก... ดังนั้น ก็ไม่มีเหตุผลที่จะให้เจ้าไปกับข้า
สระ/วรรณยุกต์ซ้อน,text,Ain't to me.,ไม่ใช่่กับข้า,ไม่ใช่กับข้า
สระ/วรรณยุกต์ซ้อน,text,Ain't nothin' important to me. They destroyed it. They destroyed it all.,ก็็ไม่เห็นมีอะไรสำคัญข้าเลย ถูกพวกมันทำลาย ถูกพวกมันทำลายไปหมดแล้ว,ก็ไม่เห็นมีอะไรสำคัญข้าเลย ถูกพวกมันทำลาย ถูกพวกมันทำลายไปหมดแล้ว
สระ/วรรณยุกต์ซ้อน,text,"Oh, my… He's that bad?",โธ่่ววว.. เขาแย่ขนาดนั้นเลย?,โธ่ววว.. เขาแย่ขนาดนั้นเลย?
สระ/วรรณยุกต์ซ้อน,text,Always a pleasure doing business in Skellige.,ยินดีอย่างยิ่งที่่ได้ทำธุรกิจที่ Skellige,ยินดีอย่างยิ่งที่ได้ทำธุรกิจที่ Skellige
สระ/วรรณยุกต์ซ้อน,text,Anyone else out there I could fight?,มีีคนอื่นอีกไหมที่ข้าสู้ด้วยได้?,มีคนอื่นอีกไหมที่ข้าสู้ด้วยได้?
สระ/วรรณยุกต์ซ้อน,text,Did you hear? Some outlander thrashed Einar. Man couldn't stand up straight for three days after.,เจ้าเคยได้ยิินไหม? คนแปลกหน้าเฆี่ยน Einar เขาไม่สามารถยืนตรงได้แม้ผ่านไปแล้วสามวัน,เจ้าเคยได้ยินไหม? คนแปลกหน้าเฆี่ยน Einar เขาไม่สามารถยืนตรงได้แม้ผ่านไปแล้วสามวัน
สระ/วรรณยุกต์ซ้อน,text,What're you peddling? Lemme have a look.,มีีอะไรขายมั่ง ขอดูหน่อย,มีอะไรขายมั่ง ขอดูหน่อย
สระ/วรรณยุกต์ซ้อน,text,"I got a job for ye. There's no point standin' here in the rain. Let's go to mine, we'll talk there.",ข้้ามีงานให้เจ้าทำ อย่ามายืนตากฝนกันแบบนี้เลย ไปที่บ้านข้าเถอะ เราจะคุยกันที่นั่น,ข้ามีงานให้เจ้าทำ อย่ามายืนตากฝนกันแบบนี้เลย ไปที่บ้านข้าเถอะ เราจะคุยกันที่นั่น
สระ/วรรณยุกต์ซ้อน,text,Intruder in tower. Aqueous countermeasures in effect.,มีีผู้บุกรุกในหอคอย การตอบโต้ด้วยน้ำทำงาน,มีผู้บุกรุกในหอคอย การตอบโต้ด้วยน้ำทำงาน
สระ/วรรณยุกต์ซ้อน,text,"Fine, I'll talk to her. It's the least she deserves.",ได้้ ข้าจะไปบอกนางเอง อย่างน้อยนางก็ควรจะได้รู้,ได้ ข้าจะไปบอกนางเอง อย่างน้อยนางก็ควรจะได้รู้
สระ/วรรณยุกต์ซ้อน,text,His son's.,ลููกชายของเขา,ลูกชายของเขา
สระ/วรรณยุกต์ซ้อน,text,"Feel like a damned fool, now, not believin' me own sis.",ข้้ารู้สึกเหมือนคนโง่เลยที่ไม่ยอมเชื่อคำพูดของน้องสาวตัวเอง,ข้ารู้สึกเหมือนคนโง่เลยที่ไม่ยอมเชื่อคำพูดของน้องสาวตัวเอง
สระ/วรรณยุกต์ซ้อน,text,Thanks. So be it.,ขอบคุุณ เอาที่สบายใจเลย,ขอบคุณ เอาที่สบายใจเลย
สระ/วรรณยุกต์ซ้อน,text,Did I kill Steingrim in 201?,นี่่ข้าได้ฆ่า Steingrim ใน 201 รึเปล่า?,นี่ข้าได้ฆ่า Steingrim ใน 201 รึเปล่า?
สระ/วรรณยุกต์ซ้อน,text,This monstrosity might be your daughter.,เจ้้าตัวประหลาดนี้อาจจะเป็นลูกสาวเจ้า,เจ้าตัวประหลาดนี้อาจจะเป็นลูกสาวเจ้า
สระ/วรรณยุกต์ซ้อน,text,Thought we got rid of that table ages ago.,คิดว่่าเราทิ้งโต้ะนั้นไปตั้งแต่สมัยนู้นแล้วซะอีก,คิดว่าเราทิ้งโต้ะนั้นไปตั้งแต่สมัยนู้นแล้วซะอีก
สระ/วรรณยุกต์ซ้อน,text,I'm not great with food…,ข้าทำอาหารไม่่เก่งน่ะ,ข้าทำอาหารไม่เก่งน่ะ
สระ/วรรณยุกต์ซ้อน,text,Get a nice sum at least?,อย่่างน้อยผลก็ออกมาดีละนะ,อย่างน้อยผลก็ออกมาดีละนะ
สระ/วรรณยุกต์ซ้อน,text,I was born ready.,ข้าพร้้อมตั้งแต่เกิดแล้ว,ข้าพร้อมตั้งแต่เกิดแล้ว
สระ/วรรณยุกต์ซ้อน,text,Expected you earlier.,นึกว่าเจ้าจะมาถึงก่่อนหน้านี้,นึกว่าเจ้าจะมาถึงก่อนหน้านี้
สระ/วรรณยุกต์ซ้อน,text,The wall's holding! And Hjalmar sealed the rift!,ที่่กำแพง! และ Hjalmar ไปจัดการประตูมิติซะ!,ที่กำแพง! และ Hjalmar ไปจัดการประตูมิติซะ!
สระ/วรรณยุกต์ซ้อน,text,Finally. Thought you didn't have the gall.,สุุดท้าย เจ้าก็ทนไม่ไหว,สุดท้าย เจ้าก็ทนไม่ไหว
สระ/วรรณยุกต์ซ้อน,text,They've rioted in Deireadh!,พวกนัั้นมาก่อจลาจลใน Deireadh,พวกนั้นมาก่อจลาจลใน Deireadh
สระ/วรรณยุกต์ซ้อน,text,It seems someone was literally just here…,ดููเหมือนว่ามีใครบางคนพึ่งออกไปได้ไม่นาน,ดูเหมือนว่ามีใครบางคนพึ่งออกไปได้ไม่นาน
สระ/วรรณยุกต์ซ้อน,text,Truly? Can all of you be unfamiliar with the story of Gealbhan and Dillian of the White Fleet?,จริงหรือเนี่ย? นี่พวกเจ้าไม่เคยได้ยินเรื่่องของ Gealbhan กับ Dillian แห่งกองเรือสีขาวเลยงั้นเหรอ?,จริงหรือเนี่ย? นี่พวกเจ้าไม่เคยได้ยินเรื่องของ Gealbhan กับ Dillian แห่งกองเรือสีขาวเลยงั้นเหรอ?
สระ/วรรณยุกต์ซ้อน,text,Didn't sound convinced.,ฟังดููไม่น่าเชื่อเท่าไรนะ,ฟังดูไม่น่าเชื่อเท่าไรนะ
สระ/วรรณยุกต์ซ้อน,text,"Seems Avallac'h has analyzed all the paths of Lara's gene, even those we thought extinct.",ดููเหมือนว่า Avallac'h จะวิเคราะห์ทุกเชื้อสายที่มาจาก Lara เลยนะเนี่ย แม้แต่บางสายพันธ์ุที่เราคิดว่าสูญพันธุ์ไปแล้วก็ตาม,ดูเหมือนว่า Avallac'h จะวิเคราะห์ทุกเชื้อสายที่มาจาก Lara เลยนะเนี่ย แม้แต่บางสายพันธ์ุที่เราคิดว่าสูญพันธุ์ไปแล้วก็ตาม
สระ/วรรณยุกต์ซ้อน,text,"Wherever. To Poviss, beyond the Dragon Mountains, Zerrikania, even. As far as possible from politics, plots and so-called high society.",ที่่ไหนก็ได้ Poviss นอกเหนือจาก Dragon Mountain แม้แต่ Zerrikania ให้ไกลจากการเมือง การหลอกลวง และไอ้ที่เขาเรียกกันว่า สังคมชั้นสูง,ที่ไหนก็ได้ Poviss นอกเหนือจาก Dragon Mountain แม้แต่ Zerrikania ให้ไกลจากการเมือง การหลอกลวง และไอ้ที่เขาเรียกกันว่า สังคมชั้นสูง
สระ/วรรณยุกต์ซ้อน,text,We've no time to lose.,เราไม่่มีเวลาที่จะเสียอีกแล้ว,เราไม่มีเวลาที่จะเสียอีกแล้ว
จักพรรดิ ฯลฯ → จักรพรรดิ,strings,344533,คงไม่ต้องถามแล้วว่าตอนนี้จักรดิพรรดิอยู่ไหน,คงไม่ต้องถามแล้วว่าตอนนี้จักรพรรดิอยู่ไหน
จักพรรดิ ฯลฯ → จักรพรรดิ,strings,413752,จักพรรดิไม่ละสายตาจากพวกนักเวทนะ ปล่อยให้มีชีวิตด้วย แล้วก็มีข้อแลกเปลี่ยน,จักรพรรดิไม่ละสายตาจากพวกนักเวทนะ ปล่อยให้มีชีวิตด้วย แล้วก็มีข้อแลกเปลี่ยน
จักพรรดิ ฯลฯ → จักรพรรดิ,strings,504386,ดูเหมือนองค์จักพรรดิยังไงก็คงจะยึด Novigrad ได้เร็วๆ นี้แหละ เขาจะยึดคลังสมบัติของวัด ยึดทัพเรือของเมือ แล้วหลังจากนั้นทางตะวันตกเองก็ต้องตกเป็นของเขาแน่นอน,ดูเหมือนองค์จักรพรรดิยังไงก็คงจะยึด Novigrad ได้เร็วๆ นี้แหละ เขาจะยึดคลังสมบัติของวัด ยึดทัพเรือของเมือ แล้วหลังจากนั้นทางตะวันตกเองก็ต้องตกเป็นของเขาแน่นอน
จักพรรดิ ฯลฯ → จักรพรรดิ,strings,538599,ทำไมเจ้าไม่บอกเรื่องขององค์จักพรรดิกับข้าหน่อยล่ะ ดูเขาจะยึดติดกับเจ้าเป็นพิเศษนะ,ทำไมเจ้าไม่บอกเรื่องขององค์จักรพรรดิกับข้าหน่อยล่ะ ดูเขาจะยึดติดกับเจ้าเป็นพิเศษนะ
จักพรรดิ ฯลฯ → จักรพรรดิ,strings,550662,แต่มันไม่มีวันทำสำเร็จ ไม่ก่อนที่เจ้าหญิงขึ้นเป็นจักพรรดินี และเราจะนำความสงบเรียบร้อยมาสู่ดินแดนแถบนั้น,แต่มันไม่มีวันทำสำเร็จ ไม่ก่อนที่เจ้าหญิงขึ้นเป็นจักรพรรดินี และเราจะนำความสงบเรียบร้อยมาสู่ดินแดนแถบนั้น
จักพรรดิ ฯลฯ → จักรพรรดิ,strings,556116,เจ้าใช้ประตูมิติข้าไปบนเรือของจักพรรดิไม่ได้เหรอ,เจ้าใช้ประตูมิติข้าไปบนเรือของจักรพรรดิไม่ได้เหรอ
จักพรรดิ ฯลฯ → จักรพรรดิ,strings,556693,ข้าไม่ห่วงเจ้าเลย ดูเหมือนองค์จักพรรดิจะมีแผนสำหรับเจ้าอยู่แล้วนะ,ข้าไม่ห่วงเจ้าเลย ดูเหมือนองค์จักรพรรดิจะมีแผนสำหรับเจ้าอยู่แล้วนะ
จักพรรดิ ฯลฯ → จักรพรรดิ,strings,573704,นี่มันไม่เหมือนกัน เป็นไปได้ยากมากที่พ่อค้าจาก Navigard จะประท้วงจักพรรดิเรื่องการส่งนักบวชไปยัง The Four Winds,นี่มันไม่เหมือนกัน เป็นไปได้ยากมากที่พ่อค้าจาก Navigard จะประท้วงจักรพรรดิเรื่องการส่งนักบวชไปยัง The Four Winds
จักพรรดิ ฯลฯ → จักรพรรดิ,strings,586063,เสียดายที่จักพรรดิไม่มีลูกสาวอีกคน เราคงซื้อม้าทั้งหมดที่อยู่ใน Novigrad ได้เลย,เสียดายที่จักรพรรดิไม่มีลูกสาวอีกคน เราคงซื้อม้าทั้งหมดที่อยู่ใน Novigrad ได้เลย
จักพรรดิ ฯลฯ → จักรพรรดิ,strings,1048336,ได้สิ เหล่าผู้รับใช้ของจักพรรดิไม่ควรมีความลับต่อกัน กรุณาตามข้ามาที่แผนที่,ได้สิ เหล่าผู้รับใช้ของจักรพรรดิไม่ควรมีความลับต่อกัน กรุณาตามข้ามาที่แผนที่
จักพรรดิ ฯลฯ → จักรพรรดิ,strings,1048396,Radovid ถอยทัพขึ้นไปเหนือแม่น้ำ Pontar ตอนนี้เขายังปลอดภัยอยู่ แต่ถ้ากำลังเสริมของเราจากตอนใต้มาถึงเมื่อไหร่ เมื่อถึงเวลานั้นจักพรรดิ Emhyr var Emreis จะจัดการกับเขาให้สิ้นซาก,Radovid ถอยทัพขึ้นไปเหนือแม่น้ำ Pontar ตอนนี้เขายังปลอดภัยอยู่ แต่ถ้ากำลังเสริมของเราจากตอนใต้มาถึงเมื่อไหร่ เมื่อถึงเวลานั้นจักรพรรดิ Emhyr var Emreis จะจัดการกับเขาให้สิ้นซาก
จักพรรดิ ฯลฯ → จักรพรรดิ,strings,1050495,เอาจดหมายนี่ให้จักดิพรรดิดู มอบให้เขาโดยตรงเลยนะ เราจะเตือนเขาถึงคำสัญญาที่เขาเคยให้ไว้ รวมถึงสิ่งที่เขาจะได้รับเป็นการตอบแทน,เอาจดหมายนี่ให้จักรพรรดิดู มอบให้เขาโดยตรงเลยนะ เราจะเตือนเขาถึงคำสัญญาที่เขาเคยให้ไว้ รวมถึงสิ่งที่เขาจะได้รับเป็นการตอบแทน
จักพรรดิ ฯลฯ → จักรพรรดิ,strings,1051285,"Geralt ได้ติดตามเงื่อนงำต่างๆ กลับไปยังต้นตอของมันและบรรจบที่สถานที่แห่งหนึ่งที่มีสายลับของ Nilfgaard กำลังขนย้ายของเถื่อนอยู่. ตัว Geralt เองไม่ได้มีความอยากจะสนใจในเรื่องการบ้านการเมืองมากนัก, แต่เขาสังเกตเห็นว่าองค์จักพรรดิดูจะมีความสนใจใน Novigrad เป็นพิเศษ.","Geralt ได้ติดตามเงื่อนงำต่างๆ กลับไปยังต้นตอของมันและบรรจบที่สถานที่แห่งหนึ่งที่มีสายลับของ Nilfgaard กำลังขนย้ายของเถื่อนอยู่. ตัว Geralt เองไม่ได้มีความอยากจะสนใจในเรื่องการบ้านการเมืองมากนัก, แต่เขาสังเกตเห็นว่าองค์จักรพรรดิดูจะมีความสนใจใน Novigrad เป็นพิเศษ."
จักพรรดิ ฯลฯ → จักรพรรดิ,strings,1056068,ในเช้าวันนั้น ไม่มีกระต่ายตัวใดที่โดนจับได้ แต่ Forktail ได้พบกับจุดจบ แต่ไม่ว่าจะอย่างไร นั่นไม่ใช่เรื่องสำคัญในวันนี้ Ciri ได้พา Geralt เดินเล่นรอบๆ ซึ่งมันได้กลายเป็นช่วงเวลาที่สำคัญที่สุดในช่วงชีวิตอันแสนยาวนานของเขา นางได้บอกกับเขาว่าตนได้ยอมรับข้อเสนอของพระจักพรรดิและจะมุ่งหน้าไปยัง Nifgaard ณ ที่แห่งนั้นนางจะได้คลองบังลังก์ในฐานะทายาทที่ถูกต้อง และเป็นจักรพรรดินีที่ทรงอำนาจที่สุดในโลก ตัวแทนของ Nilfgaard กำลังรอพานางไปยัง City of Towers คุณคงถาม ว่าจะเกิดอะไรขึ้นต่อหลังจากนั้น ชะตากรรมของ Geralt และ Ciri จะเป็นอย่างไร ผู้อ่านที่รัก นั่นเป็นอีกเรื่องเล่าหนึ่งแล้ว,ในเช้าวันนั้น ไม่มีกระต่ายตัวใดที่โดนจับได้ แต่ Forktail ได้พบกับจุดจบ แต่ไม่ว่าจะอย่างไร นั่นไม่ใช่เรื่องสำคัญในวันนี้ Ciri ได้พา Geralt เดินเล่นรอบๆ ซึ่งมันได้กลายเป็นช่วงเวลาที่สำคัญที่สุดในช่วงชีวิตอันแสนยาวนานของเขา นางได้บอกกับเขาว่าตนได้ยอมรับข้อเสนอของพระจักรพรรดิและจะมุ่งหน้าไปยัง Nifgaard ณ ที่แห่งนั้นนางจะได้คลองบังลังก์ในฐานะทายาทที่ถูกต้อง และเป็นจักรพรรดินีที่ทรงอำนาจที่สุดในโลก ตัวแทนของ Nilfgaard กำลังรอพานางไปยัง City of Towers คุณคงถาม ว่าจะเกิดอะไรขึ้นต่อหลังจากนั้น ชะตากรรมของ Geralt และ Ciri จะเป็นอย่างไร ผู้อ่านที่รัก นั่นเป็นอีกเรื่องเล่าหนึ่งแล้ว
จักพรรดิ ฯลฯ → จักรพรรดิ,strings,1065132,องค์จักพรรดิจะเป็นผู้สอนวินัยของทางเหนือให้เอง,องค์จักรพรรดิจะเป็นผู้สอนวินัยของทางเหนือให้เอง
จักพรรดิ ฯลฯ → จักรพรรดิ,strings,1085088,จักพรรดิแห่ง Nilfgaard,จักรพรรดิแห่ง Nilfgaard
จักพรรดิ ฯลฯ → จักรพรรดิ,strings,1085663,เมื่อคืนที่แล้วมีทหารคนหนึ่งหนีออกจากค่ายทหารภายใต้ความมืดมิด ชายคนนั้นเป็นทหารหน้าใหม่ที่เพิ่งอาสารับใช้องค์จักพรรดิเมื่อไม่นานมานี้ มีชื่อว่าOdrin เขาอ้างว่าเป็นKaedweniโดยกำเนิด แต่การกล่าวเรื่องการปกครองที่ไม่ดีของราชาHenseltทำให้เขานั้นเข้าร่วมกองทัพของจักรวรรดิ เขาเป็นส่วนหนึ่งกองทัพเพียงสองวัน แต่เขาจัดการกินและดื่มอาหารของกองทหารม้าทั้งหมด ใครก็ตามที่มีข้อมูลเกี่ยวกับตำแหน่งปัจจุบันของผู้หนีทหารผู้นี้โปรดรายงานไปยังกองทหารรักษาการณ์ทันที<br><br>ลักษณะ: สูงพอประมาณ ผอมแต่แข็งแรง มีผมบาง เขาหนีโดยการรอดตัวผ่านท่อส้วม ดังนั้นเขาอาจจะเหมือนหมูป่าแก่ สามารถจดจำได้โดยเสียงของเขาซึ่งบ่งบอกเสียงห้าวของผู้ที่ติดแอลกอฮอล์ ใครก็ตามที่ให้ที่พักพิงหรือสนับสนุนผู้หนีทหารคนนี้จะถูกนำเข้าสู่ศาลทหารทันที,เมื่อคืนที่แล้วมีทหารคนหนึ่งหนีออกจากค่ายทหารภายใต้ความมืดมิด ชายคนนั้นเป็นทหารหน้าใหม่ที่เพิ่งอาสารับใช้องค์จักรพรรดิเมื่อไม่นานมานี้ มีชื่อว่าOdrin เขาอ้างว่าเป็นKaedweniโดยกำเนิด แต่การกล่าวเรื่องการปกครองที่ไม่ดีของราชาHenseltทำให้เขานั้นเข้าร่วมกองทัพของจักรวรรดิ เขาเป็นส่วนหนึ่งกองทัพเพียงสองวัน แต่เขาจัดการกินและดื่มอาหารของกองทหารม้าทั้งหมด ใครก็ตามที่มีข้อมูลเกี่ยวกับตำแหน่งปัจจุบันของผู้หนีทหารผู้นี้โปรดรายงานไปยังกองทหารรักษาการณ์ทันที<br><br>ลักษณะ: สูงพอประมาณ ผอมแต่แข็งแรง มีผมบาง เขาหนีโดยการรอดตัวผ่านท่อส้วม ดังนั้นเขาอาจจะเหมือนหมูป่าแก่ สามารถจดจำได้โดยเสียงของเขาซึ่งบ่งบอกเสียงห้าวของผู้ที่ติดแอลกอฮอล์ ใครก็ตามที่ให้ที่พักพิงหรือสนับสนุนผู้หนีทหารคนนี้จะถูกนำเข้าสู่ศาลทหารทันที
จักพรรดิ ฯลฯ → จักรพรรดิ,strings,1180948,{Ioman diùcad esse cintaich de impireachd } [อีราชวงกะกรี่นี่ต่อต้านพลังอำนาจท่านจักดิพรรดิ์],{Ioman diùcad esse cintaich de impireachd } [อีราชวงกะกรี่นี่ต่อต้านพลังอำนาจท่านจักรพรรดิ์]
จักพรรดิ ฯลฯ → จักรพรรดิ,text,{Ioman diùcad esse cintaich de impireachd.} [This whole duchy is an offense to the Empire's majesty.],{Ioman diùcad esse cintaich de impireachd.} [อีราชวงกะกรี่นี่ต่อต้านพลังอำนาจท่านจักดิพรรดิ์],{Ioman diùcad esse cintaich de impireachd.} [อีราชวงกะกรี่นี่ต่อต้านพลังอำนาจท่านจักรพรรดิ์]
จักพรรดิ ฯลฯ → จักรพรรดิ,text,"Emhyr var Emreis, Emperor of Nilfgaard",Emhyr var Emreis จักร์พรรดิ์แห่ง Nilfgaard,Emhyr var Emreis จักรพรรดิ์แห่ง Nilfgaard
จักพรรดิ ฯลฯ → จักรพรรดิ,text,"Geralt followed the thread back to its source and wound up at a place where Nilfgaardian spies loaded and unloaded contraband. Geralt might not take a keen interest in politics, but he noted the emperor certainly seemed to be taking a keen interest in Novigrad.","Geralt ได้ติดตามเงื่อนงำต่างๆกลับไปยังต้นตอของมันและบรรจบที่สถานที่แห่งหนึ่งที่มีสปายของ Nilfgaard กำลังขนย้ายของเถื่อนอยู่. ตัว Geralt เองไม่ได้มีความอยากจะสนใจในเรื่องการบ้านการเมืองมากนัก, แต่เขาสังเกตเห็นว่าองค์จักพรรดิดูจะมีความสนใจใน Novigrad เป็นพิเศษ.","Geralt ได้ติดตามเงื่อนงำต่างๆกลับไปยังต้นตอของมันและบรรจบที่สถานที่แห่งหนึ่งที่มีสปายของ Nilfgaard กำลังขนย้ายของเถื่อนอยู่. ตัว Geralt เองไม่ได้มีความอยากจะสนใจในเรื่องการบ้านการเมืองมากนัก, แต่เขาสังเกตเห็นว่าองค์จักรพรรดิดูจะมีความสนใจใน Novigrad เป็นพิเศษ."
จักพรรดิ ฯลฯ → จักรพรรดิ,text,"No rabbits were snared that morning, but a forktail did meet its end. In any case, that did not prove the day's most important event. Ciri took Geralt for a walk that turned out to be the most momentous of his long life. She told him she had accepted the emperor's offer and would ride to Nilfgaard. There she would assume her rightful place as heir to the throne - next in line to be empress of the most powerful state in the world. A Nilfgaardian delegation awaited to take her to the City of Towers. And what happened then, you ask? What did fate have in store for Geralt and Ciri? That, dear reader, is another story.",ในเช้าวันนั้น ไม่มีกระต่ายตัวใดที่โดนจับได้ แต่ Forktail ได้พบกับจุดจบ แต่ไม่ว่าจะอย่างไร นั่นไม่ใช่เรื่องสำคัญในวันนี้ Ciri ได้พา Geralt เดินเล่นรอบๆ ซึ่งมันได้กลายเป็นช่วงเวลาที่สำคัญที่สุดในช่วงชีวิตอันแสนยาวนานของเขา นางได้บอกกับเขาว่าตนได้ยอมรับข้อเสนอของพระจักพรรดิและจะมุ่งหน้าไปยัง Nifgaard ณ ที่แห่งนั้นนางจะได้คลองบังลังก์ในฐานะทายาทที่ถูกต้อง และเป็นจักรพรรดินีที่ทรงอำนาจที่สุดในโลก ตัวแทนของ Nilfgaard กำลังรอพานางไปยัง City of Towers คุณคงถาม? ว่าจะเกิดอะไรขึ้นต่อหลังจากนั้น ชะตากรรมของ Geralt และ Ciri จะเป็นอย่างไร? ผู้อ่านที่รัก นั่นเป็นอีกเรื่องเล่าหนึ่งแล้ว,ในเช้าวันนั้น ไม่มีกระต่ายตัวใดที่โดนจับได้ แต่ Forktail ได้พบกับจุดจบ แต่ไม่ว่าจะอย่างไร นั่นไม่ใช่เรื่องสำคัญในวันนี้ Ciri ได้พา Geralt เดินเล่นรอบๆ ซึ่งมันได้กลายเป็นช่วงเวลาที่สำคัญที่สุดในช่วงชีวิตอันแสนยาวนานของเขา นางได้บอกกับเขาว่าตนได้ยอมรับข้อเสนอของพระจักรพรรดิและจะมุ่งหน้าไปยัง Nifgaard ณ ที่แห่งนั้นนางจะได้คลองบังลังก์ในฐานะทายาทที่ถูกต้อง และเป็นจักรพรรดินีที่ทรงอำนาจที่สุดในโลก ตัวแทนของ Nilfgaard กำลังรอพานางไปยัง City of Towers คุณคงถาม? ว่าจะเกิดอะไรขึ้นต่อหลังจากนั้น ชะตากรรมของ Geralt และ Ciri จะเป็นอย่างไร? ผู้อ่านที่รัก นั่นเป็นอีกเรื่องเล่าหนึ่งแล้ว
จักพรรดิ ฯลฯ → จักรพรรดิ,text,Emhyr var Emreis<br>Emperor of Nilfgaard,Emhyr var Emreis<br>จักพรรดิแห่ง Nilfgaard,Emhyr var Emreis<br>จักรพรรดิแห่ง Nilfgaard
จักพรรดิ ฯลฯ → จักรพรรดิ,text,Emperor of Nilfgaard,จักพรรดิแห่ง Nilfgaard,จักรพรรดิแห่ง Nilfgaard
จักพรรดิ ฯลฯ → จักรพรรดิ,text,"Last night a soldier fled from the Army Camp under cover of darkness. The wanted man, a recruit who recently volunteered to join His Imperial Majesty's service, goes by the name of Odrin. He claimed to be a Kaedweni by birth, but said King Henselt's misrule had convinced him to join the Imperial Army. He was part of said institution for a mere two days, but managed to eat and drink enough in that time for an entire regiment of dragoons. Anyone with information about this deserter's present location is to report to the garrison at once.<br><br>Description: Modest stature, wiry, with thinning hair. He fled in his undergarments by squeezing out through the latrines' drainage system and probably thus reeks like an old boar. Characteristic marks: can be easily recognized by his voice, which has the tell-tale rasp of a hardened alcoholic. Anyone found providing shelter or sustenance to this deserter will be subjected to a summary court-martial.",เมื่อคืนที่แล้วมีทหารคนหนึ่งหนีออกจากค่ายทหารภายใต้ความมืดมิด ชายคนนั้นเป็นทหารหน้าใหม่ที่เพิ่งอาสารับใช้องค์จักพรรดิเมื่อไม่นานมานี้ มีชื่อว่าOdrin เขาอ้างว่าเป็นKaedweniโดยกำเนิด แต่การกล่าวเรื่องการปกครองที่ไม่ดีของราชาHenseltทำให้เขานั้นเข้าร่วมกองทัพของจักรวรรดิ เขาเป็นส่วนหนึ่งกองทัพเพียงสองวัน แต่เขาจัดการกินและดื่มอาหารของกองทหารม้าทั้งหมด ใครก็ตามที่มีข้อมูลเกี่ยวกับตำแหน่งปัจจุบันของผู้หนีทหารผู้นี้โปรดรายงานไปยังกองทหารรักษาการณ์ทันที<br><br>ลักษณะ: สูงพอประมาณ ผอมแต่แข็งแรง มีผมบาง เขาหนีโดยการรอดตัวผ่านท่อส้วม ดังนั้นเขาอาจจะเหมือนหมูป่าแก่  สามารถจดจำได้โดยเสียงของเขาซึ่งบ่งบอกเสียงห้าวของผู้ที่ติดแอลกอฮอล์ ใครก็ตามที่ให้ที่พักพิงหรือสนับสนุนผู้หนีทหารคนนี้จะถูกนำเข้าสู่ศาลทหารทันที,เมื่อคืนที่แล้วมีทหารคนหนึ่งหนีออกจากค่ายทหารภายใต้ความมืดมิด ชายคนนั้นเป็นทหารหน้าใหม่ที่เพิ่งอาสารับใช้องค์จักรพรรดิเมื่อไม่นานมานี้ มีชื่อว่าOdrin เขาอ้างว่าเป็นKaedweniโดยกำเนิด แต่การกล่าวเรื่องการปกครองที่ไม่ดีของราชาHenseltทำให้เขานั้นเข้าร่วมกองทัพของจักรวรรดิ เขาเป็นส่วนหนึ่งกองทัพเพียงสองวัน แต่เขาจัดการกินและดื่มอาหารของกองทหารม้าทั้งหมด ใครก็ตามที่มีข้อมูลเกี่ยวกับตำแหน่งปัจจุบันของผู้หนีทหารผู้นี้โปรดรายงานไปยังกองทหารรักษาการณ์ทันที<br><br>ลักษณะ: สูงพอประมาณ ผอมแต่แข็งแรง มีผมบาง เขาหนีโดยการรอดตัวผ่านท่อส้วม ดังนั้นเขาอาจจะเหมือนหมูป่าแก่  สามารถจดจำได้โดยเสียงของเขาซึ่งบ่งบอกเสียงห้าวของผู้ที่ติดแอลกอฮอล์ ใครก็ตามที่ให้ที่พักพิงหรือสนับสนุนผู้หนีทหารคนนี้จะถูกนำเข้าสู่ศาลทหารทันที
จักพรรดิ ฯลฯ → จักรพรรดิ,text,"Of course. The emperor's servants should keep no secrets from each other. If you will, let us approach the map.",ได้สิ เหล่าผู้รับใช้ของจักพรรดิไม่ควรมีความลับต่อกัน กรุณาตามข้ามาที่แผนที่,ได้สิ เหล่าผู้รับใช้ของจักรพรรดิไม่ควรมีความลับต่อกัน กรุณาตามข้ามาที่แผนที่
จักพรรดิ ฯลฯ → จักรพรรดิ,text,Radovid has retreated across the Pontar. He's safe for now… until reinforcements arrive from the south. Then Emperor Emhyr var Emreis will deal with him once and for all.,Radovid ถอยทัพขึ้นไปเหนือแม่น้ำ Pontar ตอนนี้เขายังปลอดภัยอยู่ แต่ถ้ากำลังเสริมของเราจากตอนใต้มาถึงเมื่อไหร่ เมื่อถึงเวลานั้นจักพรรดิ Emhyr var Emreis จะจัดการกับเขาให้สิ้นซาก,Radovid ถอยทัพขึ้นไปเหนือแม่น้ำ Pontar ตอนนี้เขายังปลอดภัยอยู่ แต่ถ้ากำลังเสริมของเราจากตอนใต้มาถึงเมื่อไหร่ เมื่อถึงเวลานั้นจักรพรรดิ Emhyr var Emreis จะจัดการกับเขาให้สิ้นซาก
จักพรรดิ ฯลฯ → จักรพรรดิ,text,"Emperor does keep mages on a short leash, but he lets them live and ply their trade.",จักพรรดิไม่ละสายตาจากพวกนักเวทย์นะ ปล่อยให้มีชีวิตด้วย แล้วก็มีข้อแลกเปลี่ยน,จักรพรรดิไม่ละสายตาจากพวกนักเวทย์นะ ปล่อยให้มีชีวิตด้วย แล้วก็มีข้อแลกเปลี่ยน
จักพรรดิ ฯลฯ → จักรพรรดิ,text,"The emperor's sure to take Novigrad soon. He'll seize the Temple vault, the city armada. The west'll be all but his as well.",ดูเหมือนองค์จักพรรดิยังไงก็คงจะยึด Novigrad ได้เร็วๆนี้แหละ เขาจะยึดคลังสมบัติของวัด ยึดทัพเรือของเมือ แล้วหลังจากนั้นทางตะวันตกเองก็ต้องตกเป็นของเขาแน่นอน,ดูเหมือนองค์จักรพรรดิยังไงก็คงจะยึด Novigrad ได้เร็วๆนี้แหละ เขาจะยึดคลังสมบัติของวัด ยึดทัพเรือของเมือ แล้วหลังจากนั้นทางตะวันตกเองก็ต้องตกเป็นของเขาแน่นอน
จักพรรดิ ฯลฯ → จักรพรรดิ,text,But he'll not succeed. Not before the princess becomes empress and we bring order to the area.,แต่มันไม่มีวันทำสำเร็จ ไม่ก่อนที่เจ้าหญิงขึ้นเป็นจักพรรดินี และเราจะนำความสงบเรียบร้อยมาสู่ดินแดนแถบนั้น,แต่มันไม่มีวันทำสำเร็จ ไม่ก่อนที่เจ้าหญิงขึ้นเป็นจักรพรรดินี และเราจะนำความสงบเรียบร้อยมาสู่ดินแดนแถบนั้น
จักพรรดิ ฯลฯ → จักรพรรดิ,text,Shame the emperor doesn't have another daughter. We could buy all the horses in Novigrad.,เสียดายที่จักพรรดิไม่มีลูกสาวอีกคน เราคงซื้อม้าทั้งหมดที่อยู่ใน Novigrad ได้เลย,เสียดายที่จักรพรรดิไม่มีลูกสาวอีกคน เราคงซื้อม้าทั้งหมดที่อยู่ใน Novigrad ได้เลย
จักพรรดิ ฯลฯ → จักรพรรดิ,text,"Well, that settles the question of His Imperial Majesty's whereabouts.",อืม คงไม่ต้องถามแล้วว่าตอนนี้จักรดิพรรดิอยู่ไหน,อืม คงไม่ต้องถามแล้วว่าตอนนี้จักรพรรดิอยู่ไหน
จักพรรดิ ฯลฯ → จักรพรรดิ,text,Why don't you tell me about the emperor. He's apparently become terribly attached to you.,ทำไมเจ้าไม่บอกเรื่องขององค์จักพรรดิกับข้าหน่อยล่ะ ดูเขาจะยึดติดกับเจ้าเป็นพิเศษนะ,ทำไมเจ้าไม่บอกเรื่องขององค์จักรพรรดิกับข้าหน่อยล่ะ ดูเขาจะยึดติดกับเจ้าเป็นพิเศษนะ
จักพรรดิ ฯลฯ → จักรพรรดิ,text,Can you teleport me onto the emperor's ship?,เจ้าวาร์ปข้าไปบนเรือของจักพรรดิไม่ได้เหรอ?,เจ้าวาร์ปข้าไปบนเรือของจักรพรรดิไม่ได้เหรอ?
จักพรรดิ ฯลฯ → จักรพรรดิ,text,"Wouldn't worry. Emperor's got plans for you, I'm sure.",ข้าไม่ห่วงเจ้าเลย ดูเหมือนองค์จักพรรดิจะมีแผนสำหรับเจ้าอยู่แล้วนะ,ข้าไม่ห่วงเจ้าเลย ดูเหมือนองค์จักรพรรดิจะมีแผนสำหรับเจ้าอยู่แล้วนะ
จักพรรดิ ฯลฯ → จักรพรรดิ,text,"Show His Imperial Majesty this letter. Hand it to him directly. We should remind him what he promised, and what he’ll get in return.",เอาจดหมายนี่ให้จักดิพรรดิดู มอบให้เขาโดยตรงเลยนะ เราจะเตือนเขาถึงคำสัญญาที่เขาเคยให้ไว้ รวมถึงสิ่งที่เขาจะได้รับเป็นการตอบแทน,เอาจดหมายนี่ให้จักรพรรดิดู มอบให้เขาโดยตรงเลยนะ เราจะเตือนเขาถึงคำสัญญาที่เขาเคยให้ไว้ รวมถึงสิ่งที่เขาจะได้รับเป็นการตอบแทน
จักพรรดิ ฯลฯ → จักรพรรดิ,text,That is different. Novigrad's merchants will hardly protest to see the emperor disperse the priests to the four winds.,นี่มันไม่เหมือนกัน เป็นไปได้ยากมากที่พ่อค้าจาก Navigard จะประท้วงจักพรรดิเรื่องการส่งนักบวชไปยัง The Four Winds,นี่มันไม่เหมือนกัน เป็นไปได้ยากมากที่พ่อค้าจาก Navigard จะประท้วงจักรพรรดิเรื่องการส่งนักบวชไปยัง The Four Winds
มงกุฏ → มงกุฎ,strings,1051857,การจะช่วย Hjalmar ให้ได้มงกุฏนั้น ไม่ใช่เรื่องง่ายเลย เกาะ Undvik กลายเป็นเกาะที่มีแต่สิ่งมีชีวิตดุร้าย หลังจากที่ยักษ์น้ำแข็งมาอยู่ที่นี่และขับไล่ผู้อยู่อาศัยเดิมออกไป สิ่งที่เกิดขึ้นบนเกาะนี้ ราวกับว่าเกิดจากการทดลองพิเรนๆของพ่อมดบ้าๆคนหนึ่ง หรือตั้งใจให้เป็นแหล่งล่าสัตว์ที่ผิดพลาด อย่างไรก็ตาม Witcher ของเราก็สามารถช่วยลูกชายของ Crach ในการสังหาร ยักษ์ และล้างแค้นให้กับผู้คนที่ถูกมันสังหาร เรื่องราวการเป็นวีรบุรุษของเขาลุล่วงแล้ว Hjalmar สามารถทำสำเร็จไปอีกก้าวในการคว้ามงกุฏแห่ง Skellige,การจะช่วย Hjalmar ให้ได้มงกุฎนั้น ไม่ใช่เรื่องง่ายเลย เกาะ Undvik กลายเป็นเกาะที่มีแต่สิ่งมีชีวิตดุร้าย หลังจากที่ยักษ์น้ำแข็งมาอยู่ที่นี่และขับไล่ผู้อยู่อาศัยเดิมออกไป สิ่งที่เกิดขึ้นบนเกาะนี้ ราวกับว่าเกิดจากการทดลองพิเรนๆของพ่อมดบ้าๆคนหนึ่ง หรือตั้งใจให้เป็นแหล่งล่าสัตว์ที่ผิดพลาด อย่างไรก็ตาม Witcher ของเราก็สามารถช่วยลูกชายของ Crach ในการสังหาร ยักษ์ และล้างแค้นให้กับผู้คนที่ถูกมันสังหาร เรื่องราวการเป็นวีรบุรุษของเขาลุล่วงแล้ว Hjalmar สามารถทำสำเร็จไปอีกก้าวในการคว้ามงกุฎแห่ง Skellige
มงกุฏ → มงกุฎ,strings,1058793,"ตำนาน อมนุษย์ (อะ-มะ-นุด) คืออะไร? คำตอบนั้นง่าย ตามที่ชื่อบอกไว้ มันเป็นสิ่งที่คล้ายมนุษย์ แต่ก็ยังไม่ใช่มนุษย์ แม้ว่ามันจะเดินด้วยสองขา พูดภาษาเดียวกับเราและแต่งกายด้วยเครื่องแต่งกายที่คล้ายกับเรา แต่ก็เหมือนกันกับสัตว์เดรัจฉานมากกว่าคน<br><br>คนแคระเป็นเหมือนตัวตุ่น พวกเขารู้สึกดีที่สุดเมื่ออยู่ใต้ดินและหลีกเลี่ยงแสงแดดโดยตรง พวกเขาชอบอยู่ในความสกปรก เปื้อนโคลนและเมือกตลอดเวลา พวกเขารักทุกสิ่งที่สามารถพบได้ใน- หิน โลหะ แร่ธาตุทุกรูปแบบและทุกสี มันยังกล่าวอีกว่า เช่นเดียวกับตัวตุ่น พวกมันกินหนอน แมลงสาบ และนกกลางคืนตัวอื่นๆ ได้ง่ายที่สุด<br><br>Halflings นั้นชวนให้นึกถึงพวกโกเฟอร์มากกว่า อ้วน เกียจคร้าน และเสียงดัง เหมือนลักษณะของสัตว์ที่ชอบใช้ฟันแทะอาหาร จิตใจของพวกมันเต็มไปด้วยความคิดเรื่องอาหารและเครื่องดื่มเท่านั้น ซึ่งพวกมันขโมยมาจากสัตว์ตัวอื่น ๆ และกระรอกอย่างตะกละตะกลามไปในรังของมัน พวกเขาถูกทำเครื่องหมายด้วยเล่ห์เหลี่ยมที่โหดร้าย คุณอาจจะต้องอดอาหารตาย และพวกเขาไม่ยอมทานอาหารร่วมกับคุณ คุณอาจโหยหวนจากความยากจน และพวกมันอาจว่ายน้ำเป็นทองคำ แต่พวกมันก็ยังหลอกหลอนคุณจนถึงมงกุฏสุดท้าย คุณทำอะไรไม่ได้นอกจากทำดีกับพวกเขา และพวกเขาก็ยังแทงมีดที่หลังคุณ<br><br>ในทางกลับกัน ดูเหมือนว่าเอลฟ์จะเกี่ยวข้องกับนกล่าเหยื่อที่อาศัยอยู่ในเซอร์ริคาเนียที่ห่างไกลออกไป พวกเขาสนใจขนนกสีมากที่สุด พวกเขามักจะใช้เวลาทั้งวันจ้องมองเงาสะท้อนในน้ำและร้องเพลงสรรเสริญตนเอง พวกเขาจมอยู่กับความรักตนเองจนไม่รู้สึกปรารถนาต่อเพศตรงข้ามในเผ่าพันธุ์ของตนเองอีกต่อไป รูปลักษณ์ภายนอกที่น่าดึงดูดใจอย่างยิ่งทำให้เข้าใจผิดอย่างมาก เพราะพวกเขาโหดร้ายเป็นพิเศษ และใครก็ตามที่ตัดสินพวกเขาด้วยสายตาเพียงอย่างเดียว พวกเขาจะล่อหลอกก่อนแล้วจึงฆ่าอย่างเลือดเย็น หลักฐานที่ดีที่สุดในเรื่องนี้? สิ่งที่เรียกว่า Scoia'tael โจรที่อ้างว่าต่อสู้เพื่ออิสรภาพ แต่แท้จริงแล้ว เพียงต้องการฆ่ามนุษย์เท่านั้น<br><br>เผ่าพันธุ์ที่เลวทรามเหล่านี้เรียกว่า ""elder"" ผู้ที่มีความคิด เขาจะไม่มีวันรู้จักพวกเรา เพราะว่าในยุคของพวกเขา คนแคระ ลูกครึ่ง และเอลฟ์จะเป็นเพียงตัวละครในเทพนิยายที่เคยหลอกหลอนเด็กๆ เท่านั้นเอง","ตำนาน อมนุษย์ (อะ-มะ-นุด) คืออะไร? คำตอบนั้นง่าย ตามที่ชื่อบอกไว้ มันเป็นสิ่งที่คล้ายมนุษย์ แต่ก็ยังไม่ใช่มนุษย์ แม้ว่ามันจะเดินด้วยสองขา พูดภาษาเดียวกับเราและแต่งกายด้วยเครื่องแต่งกายที่คล้ายกับเรา แต่ก็เหมือนกันกับสัตว์เดรัจฉานมากกว่าคน<br><br>คนแคระเป็นเหมือนตัวตุ่น พวกเขารู้สึกดีที่สุดเมื่ออยู่ใต้ดินและหลีกเลี่ยงแสงแดดโดยตรง พวกเขาชอบอยู่ในความสกปรก เปื้อนโคลนและเมือกตลอดเวลา พวกเขารักทุกสิ่งที่สามารถพบได้ใน- หิน โลหะ แร่ธาตุทุกรูปแบบและทุกสี มันยังกล่าวอีกว่า เช่นเดียวกับตัวตุ่น พวกมันกินหนอน แมลงสาบ และนกกลางคืนตัวอื่นๆ ได้ง่ายที่สุด<br><br>Halflings นั้นชวนให้นึกถึงพวกโกเฟอร์มากกว่า อ้วน เกียจคร้าน และเสียงดัง เหมือนลักษณะของสัตว์ที่ชอบใช้ฟันแทะอาหาร จิตใจของพวกมันเต็มไปด้วยความคิดเรื่องอาหารและเครื่องดื่มเท่านั้น ซึ่งพวกมันขโมยมาจากสัตว์ตัวอื่น ๆ และกระรอกอย่างตะกละตะกลามไปในรังของมัน พวกเขาถูกทำเครื่องหมายด้วยเล่ห์เหลี่ยมที่โหดร้าย คุณอาจจะต้องอดอาหารตาย และพวกเขาไม่ยอมทานอาหารร่วมกับคุณ คุณอาจโหยหวนจากความยากจน และพวกมันอาจว่ายน้ำเป็นทองคำ แต่พวกมันก็ยังหลอกหลอนคุณจนถึงมงกุฎสุดท้าย คุณทำอะไรไม่ได้นอกจากทำดีกับพวกเขา และพวกเขาก็ยังแทงมีดที่หลังคุณ<br><br>ในทางกลับกัน ดูเหมือนว่าเอลฟ์จะเกี่ยวข้องกับนกล่าเหยื่อที่อาศัยอยู่ในเซอร์ริคาเนียที่ห่างไกลออกไป พวกเขาสนใจขนนกสีมากที่สุด พวกเขามักจะใช้เวลาทั้งวันจ้องมองเงาสะท้อนในน้ำและร้องเพลงสรรเสริญตนเอง พวกเขาจมอยู่กับความรักตนเองจนไม่รู้สึกปรารถนาต่อเพศตรงข้ามในเผ่าพันธุ์ของตนเองอีกต่อไป รูปลักษณ์ภายนอกที่น่าดึงดูดใจอย่างยิ่งทำให้เข้าใจผิดอย่างมาก เพราะพวกเขาโหดร้ายเป็นพิเศษ และใครก็ตามที่ตัดสินพวกเขาด้วยสายตาเพียงอย่างเดียว พวกเขาจะล่อหลอกก่อนแล้วจึงฆ่าอย่างเลือดเย็น หลักฐานที่ดีที่สุดในเรื่องนี้? สิ่งที่เรียกว่า Scoia'tael โจรที่อ้างว่าต่อสู้เพื่ออิสรภาพ แต่แท้จริงแล้ว เพียงต้องการฆ่ามนุษย์เท่านั้น<br><br>เผ่าพันธุ์ที่เลวทรามเหล่านี้เรียกว่า ""elder"" ผู้ที่มีความคิด เขาจะไม่มีวันรู้จักพวกเรา เพราะว่าในยุคของพวกเขา คนแคระ ลูกครึ่ง และเอลฟ์จะเป็นเพียงตัวละครในเทพนิยายที่เคยหลอกหลอนเด็กๆ เท่านั้นเอง"
มงกุฏ → มงกุฎ,strings,1205982,"รายการราคาบริการทำความสะอาด<br><br>รองเท้าบูทหนัง ขัดเงา -- 20 เหรียญ<br>รองเท้าบูทหนัง ขัดเงาโดยไม่เคลือบเงา (ไม่แนะนำ) -- 15 เหรียญ<br>รองเท้าบูทหนังชั้นเดียว เคลือบเงา (สำหรับทหารผ่านศึก และของใช้ไม่ได้อื่นๆ และแม้กระทั่งสำหรับรองเท้ารัดรูป) - 12 เหรียญ <br><br>ทำความสะอาดคาดเอวของอัศวินและเครื่องประดับเครื่องหนังอื่นๆ -- 30 เหรียญ (หากทำความสะอาดรองเท้าด้วย) และ -- 20 เหรียญ (หากไม่ได้ทำความสะอาดรองเท้าบู๊ต ดังนั้น มันคุ้มค่าที่จะทำความสะอาดทุกอย่าง) <br><br>ข้อเสนอพิเศษ – น้ำยาทำความสะอาดโลหะ<br>ชุดแผ่นเกราะ -- 40 เหรียญ<br>เกราะอก -- 15 เหรียญ <br><br>แผ่นเกราะเข่า -- 15 เหรียญ<br <br>อ่างล้างหน้า -- 15 มงกุฏ<br>หากคุณมีสิ่งที่ต้องทำความสะอาดซึ่งไม่ได้อยู่ในรายการราคา ข้าสามารถทำความสะอาดได้ ราคาขึ้นอยู่กับข้อตกลง<br><br> ""ถ้าทำเละ ถึงแต่งตัวดีๆ เจ้าจะเห็นว่าข้าทำเลือดไหลได้นะ!""","รายการราคาบริการทำความสะอาด<br><br>รองเท้าบูทหนัง ขัดเงา -- 20 เหรียญ<br>รองเท้าบูทหนัง ขัดเงาโดยไม่เคลือบเงา (ไม่แนะนำ) -- 15 เหรียญ<br>รองเท้าบูทหนังชั้นเดียว เคลือบเงา (สำหรับทหารผ่านศึก และของใช้ไม่ได้อื่นๆ และแม้กระทั่งสำหรับรองเท้ารัดรูป) - 12 เหรียญ <br><br>ทำความสะอาดคาดเอวของอัศวินและเครื่องประดับเครื่องหนังอื่นๆ -- 30 เหรียญ (หากทำความสะอาดรองเท้าด้วย) และ -- 20 เหรียญ (หากไม่ได้ทำความสะอาดรองเท้าบู๊ต ดังนั้น มันคุ้มค่าที่จะทำความสะอาดทุกอย่าง) <br><br>ข้อเสนอพิเศษ – น้ำยาทำความสะอาดโลหะ<br>ชุดแผ่นเกราะ -- 40 เหรียญ<br>เกราะอก -- 15 เหรียญ <br><br>แผ่นเกราะเข่า -- 15 เหรียญ<br <br>อ่างล้างหน้า -- 15 มงกุฎ<br>หากคุณมีสิ่งที่ต้องทำความสะอาดซึ่งไม่ได้อยู่ในรายการราคา ข้าสามารถทำความสะอาดได้ ราคาขึ้นอยู่กับข้อตกลง<br><br> ""ถ้าทำเละ ถึงแต่งตัวดีๆ เจ้าจะเห็นว่าข้าทำเลือดไหลได้นะ!"""
มงกุฏ → มงกุฎ,text,"Master Graylocks, slip us a crown!",นายท่านหัวหงอก มอบมงกุฏให้เราเถิด!,นายท่านหัวหงอก มอบมงกุฎให้เราเถิด!
มงกุฏ → มงกุฎ,text,Witcher Geralt of Rivia is hereby crowned Fisticuffs Champion of Beauclair! Bravo!,วิทเชอร์ Geralt แห่ง Rivia ได้รับมงกุฏแห่งนักชก แชมป์เปียนแห่ง Beauclair! ไชโย!,วิทเชอร์ Geralt แห่ง Rivia ได้รับมงกุฎแห่งนักชก แชมป์เปียนแห่ง Beauclair! ไชโย!
มงกุฏ → มงกุฎ,text,"For ages, men had shed each other's blood in the quest for Skellige's crown.",เนิ่นนานมาแล้วที่ ผู้คนหลังเลือดกันเพื่อแย่งชิงมงกุฏแห่ง Skellige,เนิ่นนานมาแล้วที่ ผู้คนหลังเลือดกันเพื่อแย่งชิงมงกุฎแห่ง Skellige
มงกุฏ → มงกุฎ,text,"That's because you usually come round while I'm at work. Off-duty, now, waiting for you, weaving a garland for the wedding.",เพราะเจ้ามักจะมาเจอข้าตอนที่ข้ากำลังทำงานอยู่น่ะสิ ตอนนี้ข้าอยู่นอกเวลางานแล้ว ข้าเลยทำมงกุฏดอกไม้เอาไว้ไปงานแต่งงานระหว่างรอเจ้าน่ะ,เพราะเจ้ามักจะมาเจอข้าตอนที่ข้ากำลังทำงานอยู่น่ะสิ ตอนนี้ข้าอยู่นอกเวลางานแล้ว ข้าเลยทำมงกุฎดอกไม้เอาไว้ไปงานแต่งงานระหว่างรอเจ้าน่ะ
มงกุฏ → มงกุฎ,text,I'll leave you for a moment. As a bridesmaid I need to be by the bride for the capping.,ข้าต้องทิ้งเจ้าไว้สักพัก ในฐานะเพื่อนเจ้าสาวข้าต้องอยู่เคียงข้างเจ้าสาวในพิธีสวมมงกุฏ,ข้าต้องทิ้งเจ้าไว้สักพัก ในฐานะเพื่อนเจ้าสาวข้าต้องอยู่เคียงข้างเจ้าสาวในพิธีสวมมงกุฎ
มงกุฏ → มงกุฎ,text,"It's almost midnight, time for the capping.",มันจะเที่ยงคืนแล้ว ได้เวลาสวมมงกุฏแล้วนะ!,มันจะเที่ยงคืนแล้ว ได้เวลาสวมมงกุฎแล้วนะ!
มงกุฏ → มงกุฎ,text,Did you see it? Shani caught the garland. She'll be next to marry as peasant superstition has it.,เจ้าไม่เห็นหรือไง Shani รับมงกุฏได้ นางจะได้แต่งงานเป็นคนต่อไป พวกชาวบ้านว่ากันแบบนั้น,เจ้าไม่เห็นหรือไง Shani รับมงกุฎได้ นางจะได้แต่งงานเป็นคนต่อไป พวกชาวบ้านว่ากันแบบนั้น
มงกุฏ → มงกุฎ,text,"Sad? Not really. It's just, after I caught the garland I realized something.",เศร้าหรอ? ก็ไม่เชิงหรอก พอข้ารับมงกุฏได้เลยทำให้คิดอะไรขึ้นมาได้น่ะ,เศร้าหรอ? ก็ไม่เชิงหรอก พอข้ารับมงกุฎได้เลยทำให้คิดอะไรขึ้นมาได้น่ะ
มงกุฏ → มงกุฎ,text,"However it were, the crown's goin' to a good man!",ยังไงก็ตาม มงกุฏต้องตกเป็นของผู้ชนะ!,ยังไงก็ตาม มงกุฎต้องตกเป็นของผู้ชนะ!
มงกุฏ → มงกุฎ,text,King of Swineherd's crown,มงกุฏราชาแห่ง Swineherd,มงกุฎราชาแห่ง Swineherd
มงกุฏ → มงกุฎ,text,"Since there's been some misunderstanding lately about the valuables, and a bit of blood's been spilt for no ploughing reason whatsoever, I'd like to reassure you - all the coin is safe and sound in the lock box. The blind arsehole who thought it was missing was looking in the wrong place - walk down the corridor leading from the upper level towards the arena, turn so your back's to the grating and look to the wall opposite you. If you've eyes to see, you'll find what you're looking for.<br><br>Let me emphasize that Whoreson Junior's crowns have not been touched, not a single copper's missing. I swear on my own handsome head that they're secure and waiting to be picked up.<br><br>Igor",เนื่องจากมีการเข้าใจผิดเกี่ยวกับของมีค่าและมีเลือดไหลออกนิดหน่อยโดยไม่มีเหตุผลอะไรเลย ข้าต้องทำให้เจ้ามั่นใจ - เงินทั้งหมดปลอดภัยและเสียงในกล่องล็อค. คนตาบอดโง่เง่านั้นคิดว่าหายไปแถมยังหาผิดที่อีก - เดินไปตามทางเดินจากชั้นบนไปยังสังเวียน หันหลังให้ตะแกรงและมองไปที่กำแพงตรงข้ามเจ้า. ถ้าเจ้ามีตาเจ้าจะเห็น เจ้าจะเจอกับสิ่งที่เจ้าตามหา.<br><br>ให้ข้าเน้นย้ำว่ามงกุฏของ Whoreson Junior ไม่ได้ถูกแตะต้องเลย ไม่ใช่แค่ทองแดงอย่างเดียวที่หายไป. ข้าสาบานด้วยหน้าอันหล่อๆของข้าเลย พวกเขาแค่เผ้าและกำลังรอคนมาเอาไป.<br><br>Igor,เนื่องจากมีการเข้าใจผิดเกี่ยวกับของมีค่าและมีเลือดไหลออกนิดหน่อยโดยไม่มีเหตุผลอะไรเลย ข้าต้องทำให้เจ้ามั่นใจ - เงินทั้งหมดปลอดภัยและเสียงในกล่องล็อค. คนตาบอดโง่เง่านั้นคิดว่าหายไปแถมยังหาผิดที่อีก - เดินไปตามทางเดินจากชั้นบนไปยังสังเวียน หันหลังให้ตะแกรงและมองไปที่กำแพงตรงข้ามเจ้า. ถ้าเจ้ามีตาเจ้าจะเห็น เจ้าจะเจอกับสิ่งที่เจ้าตามหา.<br><br>ให้ข้าเน้นย้ำว่ามงกุฎของ Whoreson Junior ไม่ได้ถูกแตะต้องเลย ไม่ใช่แค่ทองแดงอย่างเดียวที่หายไป. ข้าสาบานด้วยหน้าอันหล่อๆของข้าเลย พวกเขาแค่เผ้าและกำลังรอคนมาเอาไป.<br><br>Igor
มงกุฏ → มงกุฎ,text,"An oak which is sacred to all Skelligers, as it is worshiped both by druids and Freya's disciples. The Isle's most important ceremonies are held here, including weddings and royal coronations.",ต้นโอ๊คนี้เป็นที่สักการะบูชาของชาว Skellige โดยเฉพาะเหล่า Druid ที่นำไปสรรเสริญแด่เทพี Freya  และเกาะนี้ให้ความสำคัญกับมันตั้งแต่การประกอบพิธีกรรมต่างๆ ไปจนถึงพิธีแต่งงานและการทำมงกุฏให้กับราชวงศ์,ต้นโอ๊คนี้เป็นที่สักการะบูชาของชาว Skellige โดยเฉพาะเหล่า Druid ที่นำไปสรรเสริญแด่เทพี Freya  และเกาะนี้ให้ความสำคัญกับมันตั้งแต่การประกอบพิธีกรรมต่างๆ ไปจนถึงพิธีแต่งงานและการทำมงกุฎให้กับราชวงศ์
มงกุฏ → มงกุฎ,text,"Of course. Those plums were so sweet, your dress so blue… You wove me a wreath of flowers. We laughed the day away.",จำได้สิ ลูกพลัมที่นั่นหวานมาก...แม่แต่งชุดสีฟ้า...สวมมงกุฏดอกไม้ให้กับข้า...เราหัวเราะกันทั้งวัน...,จำได้สิ ลูกพลัมที่นั่นหวานมาก...แม่แต่งชุดสีฟ้า...สวมมงกุฎดอกไม้ให้กับข้า...เราหัวเราะกันทั้งวัน...
มงกุฏ → มงกุฎ,text,"The drifter, previously crowned champion of Velen and Skellige, can now seek the title of Champion of Champions!",The drifter มงกุฏแชมป์คนก่อนของ Velen และ Skellige ตอนนี้ได้ชื่อแชมป์ของแชมป์แล้ว,The drifter มงกุฎแชมป์คนก่อนของ Velen และ Skellige ตอนนี้ได้ชื่อแชมป์ของแชมป์แล้ว
มงกุฏ → มงกุฎ,text,Not one crown. I found out there was a Ben of Kovir in Vester's band of merry men.,ไม่ได้มีแค่มงกุฏเดียว ข้าพบว่ามี Ben แห่ง Kovir ที่อยู่ในวงนักแสดงของ Vester,ไม่ได้มีแค่มงกุฎเดียว ข้าพบว่ามี Ben แห่ง Kovir ที่อยู่ในวงนักแสดงของ Vester
มงกุฏ → มงกุฎ,text,"Mean to say the local beggars have a king? Crown, scepter and all that?",งั้นก็แปลว่าพวกขอทานแถวนี้มีราชาของตัวเองงั้นเหรอ? แล้วมีมงกุฏกับคธาด้วยไหมอ่ะ?,งั้นก็แปลว่าพวกขอทานแถวนี้มีราชาของตัวเองงั้นเหรอ? แล้วมีมงกุฎกับคธาด้วยไหมอ่ะ?
มงกุฏ → มงกุฎ,text,"And now the kingdom's crown he wears… He will die this very night, to thee this I swear!",ในตอนนี้เขาสวมมงกุฏแห่งราชอาณาจักร...เขาอาจจะตายไปจากท่านในทุกค่ำคืนข้าสาบาน!,ในตอนนี้เขาสวมมงกุฎแห่งราชอาณาจักร...เขาอาจจะตายไปจากท่านในทุกค่ำคืนข้าสาบาน!
มงกุฏ → มงกุฎ,text,"During the wake, those who believe themselves worthy of the crown will step forth.",และในระหว่างงาน...ถ้าใครคิดว่าตัวเองมีความสามารถมากพอที่จะสวมมงกุฏก็ขอให้ก้าวออกมา...,และในระหว่างงาน...ถ้าใครคิดว่าตัวเองมีความสามารถมากพอที่จะสวมมงกุฎก็ขอให้ก้าวออกมา...
มงกุฏ → มงกุฎ,text,"Today, by the grace of the gods and the clans, a new ruler takes the crown.",ในวันนี้ ด้วยการอวยพรจากทวยเทพของเผ่าทั้งหลาย ผู้นำคนใหม่ของเราจะได้รับการสวมมงกุฏ,ในวันนี้ ด้วยการอวยพรจากทวยเทพของเผ่าทั้งหลาย ผู้นำคนใหม่ของเราจะได้รับการสวมมงกุฎ
มงกุฏ → มงกุฎ,text,Can't help wondering - got no plans to vie for the crown yourself? Think a good number of the jarls would support you.,มันอดสงสัยไม่ได้ ทำไมไม่สวมมงกุฏให้ตัวเอง? ข้าเชื่อว่า Jarl หลายๆคนต้องสนับสนุนท่านแน่ๆ,มันอดสงสัยไม่ได้ ทำไมไม่สวมมงกุฎให้ตัวเอง? ข้าเชื่อว่า Jarl หลายๆคนต้องสนับสนุนท่านแน่ๆ
มงกุฏ → มงกุฎ,text,I'd even 'ave thought Hjalmar worthy of the crown if he'd slain the giant himself.,บางทีถ้า Hjalmar อาจจะได้สวมมงกุฏหากเขาได้ฆ่ายักตนนั้นด้วยตัวของเขาเอง,บางทีถ้า Hjalmar อาจจะได้สวมมงกุฎหากเขาได้ฆ่ายักตนนั้นด้วยตัวของเขาเอง
คนเคราะ/คนเคระ → คนแคระ,strings,1078127,สำเนาส่วนผสม : เหล้าคนเคราะ,สำเนาส่วนผสม : เหล้าคนแคระ
คนเคราะ/คนเคระ → คนแคระ,strings,1078129,สููตร: เหล้าคนเคราะ,สููตร: เหล้าคนแคระ
คนเคราะ/คนเคระ → คนแคระ,strings,1194798,ท่านช่างกล้าหาญจริงๆ ท่านอัศวิน แต่ท่าน Aurelian ได้จัดการฟันหัวคนเคระสิบห้าคนพร้อมกันในครั้งเดียว,ท่านช่างกล้าหาญจริงๆ ท่านอัศวิน แต่ท่าน Aurelian ได้จัดการฟันหัวคนแคระสิบห้าคนพร้อมกันในครั้งเดียว
คนเคราะ/คนเคระ → คนแคระ,text,"You are brave, sir knight. But Sir Aurelian has already sworn to shorten fifteen highwaymen by a head in the same time.",ท่านช่างกล้าหาญจริงๆ ท่านอัศวิน แต่ท่าน Aurelian ได้จัดการฟันหัวคนเคระสิบห้าคนพร้อมกันในครั้งเดียว,ท่านช่างกล้าหาญจริงๆ ท่านอัศวิน แต่ท่าน Aurelian ได้จัดการฟันหัวคนแคระสิบห้าคนพร้อมกันในครั้งเดียว
คนเคราะ/คนเคระ → คนแคระ,text,Manuscript page: Dwarven spirit,สููตร: เหล้าคนเคราะ,สููตร: เหล้าคนแคระ
คนเคราะ/คนเคระ → คนแคระ,text,Formula: Dwarven spirit,สููตร: เหล้าคนเคราะ,สููตร: เหล้าคนแคระ
บรรได → บันได,strings,558151,เหมือนเขาเดินขึ้นบรรไดไป . ด้วยความโชคดีอะไรก็แล้วแต่เขาดันสดุดและก็ดันฟาดเหยือกของเขาซะแตก,เหมือนเขาเดินขึ้นบันไดไป . ด้วยความโชคดีอะไรก็แล้วแต่เขาดันสดุดและก็ดันฟาดเหยือกของเขาซะแตก
บรรได → บันได,strings,1176560,ทุกๆ คนก็รู้ อยู่บนถนนนั้น ขึ้นบรรไดไป แล้วเลี้ยวขวา,ทุกๆ คนก็รู้ อยู่บนถนนนั้น ขึ้นบันไดไป แล้วเลี้ยวขวา
บรรได → บันได,text,"Everyone knows. It's just 'round the corner. Up those stairs, then right.",ทุกๆคนก็รู้ อยู่บนถนนนั้น ขึ้นบรรไดไป แล้วเลี้ยวขวา,ทุกๆคนก็รู้ อยู่บนถนนนั้น ขึ้นบันไดไป แล้วเลี้ยวขวา
บรรได → บันได,text,…as he ascended the stairs… With any luck he'd trip and smash his mug.,..เหมือนเขาเดินขึ้นบรรไดไป.... ด้วยความโชคดีอะไรก็แล้วแต่เขาดันสดุดและก็ดันฟาดเหยือกของเขาซะแตก,..เหมือนเขาเดินขึ้นบันไดไป.... ด้วยความโชคดีอะไรก็แล้วแต่เขาดันสดุดและก็ดันฟาดเหยือกของเขาซะแตก
